timestamp,solar_power,wind_power,battery_soc,load_demand,grid_power,temperature,ems_action
2026-06-01 00:00:00,0.0,0.53,48.5,34.7,0.0,18.45,NORMAL_OPERATION
2026-06-01 00:05:00,0.0,0.34,47.0,34.59,0.0,18.36,NORMAL_OPERATION
2026-06-01 00:10:00,0.0,0.3,45.49,34.61,0.0,17.88,NORMAL_OPERATION
2026-06-01 00:15:00,0.0,1.16,44.0,35.2,0.0,18.02,NORMAL_OPERATION
2026-06-01 00:20:00,0.0,0.73,42.51,34.72,0.0,18.12,NORMAL_OPERATION
2026-06-01 00:25:00,0.0,0.43,40.97,35.62,0.0,17.63,NORMAL_OPERATION
2026-06-01 00:30:00,0.0,1.17,39.45,35.68,0.0,17.9,NORMAL_OPERATION
2026-06-01 00:35:00,0.0,1.41,37.95,35.63,0.0,17.59,NORMAL_OPERATION
2026-06-01 00:40:00,0.0,0.68,36.47,34.41,0.0,17.61,NORMAL_OPERATION
2026-06-01 00:45:00,0.0,0.8,34.97,35.14,0.0,17.13,NORMAL_OPERATION
2026-06-01 00:50:00,0.0,0.82,33.43,35.79,0.0,17.15,NORMAL_OPERATION
2026-06-01 00:55:00,0.0,1.97,32.01,34.39,0.0,17.25,NORMAL_OPERATION
2026-06-01 01:00:00,0.0,1.54,30.52,35.5,0.0,17.46,NORMAL_OPERATION
2026-06-01 01:05:00,0.0,0.57,29.03,34.57,0.0,17.21,NORMAL_OPERATION
2026-06-01 01:10:00,0.0,2.73,27.62,34.8,0.0,16.67,NORMAL_OPERATION
2026-06-01 01:15:00,0.0,1.48,26.18,34.47,0.0,16.74,NORMAL_OPERATION
2026-06-01 01:20:00,0.0,1.9,24.7,35.58,0.0,16.8,NORMAL_OPERATION
2026-06-01 01:25:00,0.0,1.76,23.28,34.07,0.0,16.45,NORMAL_OPERATION
2026-06-01 01:30:00,0.0,2.81,21.89,34.61,0.0,16.3,NORMAL_OPERATION
2026-06-01 01:35:00,0.0,1.98,20.4,35.97,0.0,16.45,NORMAL_OPERATION
2026-06-01 01:40:00,0.0,2.59,20.0,34.92,23.27,16.09,GRID_FALLBACK
2026-06-01 01:45:00,0.0,1.86,20.0,35.2,33.34,16.54,GRID_FALLBACK
2026-06-01 01:50:00,0.0,2.16,20.0,34.73,32.57,16.67,GRID_FALLBACK
2026-06-01 01:55:00,0.0,2.76,20.0,34.97,32.21,16.62,GRID_FALLBACK
2026-06-01 02:00:00,0.0,3.46,20.0,34.75,31.29,16.48,GRID_FALLBACK
2026-06-01 02:05:00,0.0,4.34,20.0,35.8,31.46,16.09,GRID_FALLBACK
2026-06-01 02:10:00,0.0,4.23,20.0,35.47,31.24,16.04,GRID_FALLBACK
2026-06-01 02:15:00,0.0,3.8,20.0,35.2,31.4,16.14,GRID_FALLBACK
2026-06-01 02:20:00,0.0,1.98,20.0,35.55,33.57,16.1,GRID_FALLBACK
2026-06-01 02:25:00,0.0,3.95,20.0,34.41,30.46,15.86,GRID_FALLBACK
2026-06-01 02:30:00,0.0,2.8,20.0,34.8,32.0,16.46,GRID_FALLBACK
2026-06-01 02:35:00,0.0,3.57,20.0,34.4,30.83,15.83,GRID_FALLBACK
2026-06-01 02:40:00,0.0,2.27,20.0,35.86,33.59,15.69,GRID_FALLBACK
2026-06-01 02:45:00,0.0,4.28,20.0,34.32,30.04,15.67,GRID_FALLBACK
2026-06-01 02:50:00,0.0,3.49,20.0,35.64,32.15,16.36,GRID_FALLBACK
2026-06-01 02:55:00,0.0,3.45,20.0,34.86,31.41,15.75,GRID_FALLBACK
2026-06-01 03:00:00,0.0,6.8,20.0,34.3,27.5,16.18,GRID_FALLBACK
2026-06-01 03:05:00,0.0,2.95,20.0,34.47,31.52,15.87,GRID_FALLBACK
2026-06-01 03:10:00,0.0,3.09,20.0,35.64,32.55,15.95,GRID_FALLBACK
2026-06-01 03:15:00,0.0,2.45,20.0,36.0,33.55,16.31,GRID_FALLBACK
2026-06-01 03:20:00,0.0,6.78,20.0,34.46,27.68,16.41,GRID_FALLBACK
2026-06-01 03:25:00,0.0,2.73,20.0,35.1,32.37,15.82,GRID_FALLBACK
2026-06-01 03:30:00,0.0,4.73,20.0,35.15,30.42,15.88,GRID_FALLBACK
2026-06-01 03:35:00,0.0,6.58,20.0,34.33,27.75,16.49,GRID_FALLBACK
2026-06-01 03:40:00,0.0,5.64,20.0,35.13,29.49,16.5,GRID_FALLBACK
2026-06-01 03:45:00,0.0,8.07,20.0,34.73,26.66,16.22,GRID_FALLBACK
2026-06-01 03:50:00,0.0,6.43,20.0,35.12,28.69,15.85,GRID_FALLBACK
2026-06-01 03:55:00,0.0,4.52,20.0,35.22,30.7,15.93,GRID_FALLBACK
2026-06-01 04:00:00,0.0,6.4,20.0,35.52,29.12,16.21,GRID_FALLBACK
2026-06-01 04:05:00,0.0,5.79,20.0,35.15,29.36,16.49,GRID_FALLBACK
2026-06-01 04:10:00,0.0,4.15,20.0,35.23,31.08,16.22,GRID_FALLBACK
2026-06-01 04:15:00,0.0,5.1,20.0,34.88,29.78,16.82,GRID_FALLBACK
2026-06-01 04:20:00,0.0,6.29,20.0,34.65,28.36,16.79,GRID_FALLBACK
2026-06-01 04:25:00,0.0,11.74,20.0,34.95,23.21,16.71,GRID_FALLBACK
2026-06-01 04:30:00,0.0,9.03,20.0,35.48,26.45,16.86,GRID_FALLBACK
2026-06-01 04:35:00,0.0,8.4,20.0,34.7,26.3,16.37,GRID_FALLBACK
2026-06-01 04:40:00,0.0,9.36,20.0,34.62,25.26,16.92,GRID_FALLBACK
2026-06-01 04:45:00,0.0,5.59,20.0,34.74,29.15,17.15,GRID_FALLBACK
2026-06-01 04:50:00,0.0,9.98,20.0,34.76,24.78,16.51,GRID_FALLBACK
2026-06-01 04:55:00,0.0,5.49,20.0,34.55,29.06,17.03,GRID_FALLBACK
2026-06-01 05:00:00,0.0,12.58,20.0,34.92,22.34,17.39,GRID_FALLBACK
2026-06-01 05:05:00,0.0,13.65,20.0,35.69,22.04,16.86,GRID_FALLBACK
2026-06-01 05:10:00,0.0,7.83,20.0,34.53,26.7,17.57,GRID_FALLBACK
2026-06-01 05:15:00,0.0,11.39,20.0,34.71,23.32,17.66,GRID_FALLBACK
2026-06-01 05:20:00,0.0,13.75,20.0,35.33,21.58,17.74,GRID_FALLBACK
2026-06-01 05:25:00,0.0,15.53,20.0,35.7,20.17,17.74,GRID_FALLBACK
2026-06-01 05:30:00,0.0,14.2,20.0,34.6,20.4,17.9,GRID_FALLBACK
2026-06-01 05:35:00,0.0,14.91,20.0,34.82,19.91,18.05,GRID_FALLBACK
2026-06-01 05:40:00,0.0,7.56,20.0,34.41,26.85,18.11,GRID_FALLBACK
2026-06-01 05:45:00,0.0,9.94,20.0,35.17,25.23,18.28,GRID_FALLBACK
2026-06-01 05:50:00,0.0,17.62,20.0,34.67,17.05,18.49,GRID_FALLBACK
2026-06-01 05:55:00,0.0,10.37,20.0,34.33,23.96,17.96,GRID_FALLBACK
2026-06-01 06:00:00,0.01,14.23,20.0,34.86,20.62,18.53,GRID_FALLBACK
2026-06-01 06:05:00,2.28,8.57,20.0,35.19,24.34,18.27,GRID_FALLBACK
2026-06-01 06:10:00,3.29,12.21,20.0,35.16,19.65,18.79,GRID_FALLBACK
2026-06-01 06:15:00,5.27,16.67,20.0,34.64,12.7,18.58,GRID_FALLBACK
2026-06-01 06:20:00,7.7,10.43,20.0,35.81,17.68,18.78,GRID_FALLBACK
2026-06-01 06:25:00,9.38,12.43,20.0,34.07,12.25,19.31,GRID_FALLBACK
2026-06-01 06:30:00,11.22,16.9,20.0,34.74,6.62,19.07,GRID_FALLBACK
2026-06-01 06:35:00,12.27,19.17,20.0,34.34,2.89,19.25,GRID_FALLBACK
2026-06-01 06:40:00,15.63,19.87,20.02,35.11,0.0,19.52,BATTERY_CHARGING
2026-06-01 06:45:00,17.88,12.97,20.0,35.3,4.1,19.31,GRID_FALLBACK
2026-06-01 06:50:00,18.7,12.7,20.0,34.84,3.44,19.63,GRID_FALLBACK
2026-06-01 06:55:00,22.08,19.99,20.31,34.33,0.0,19.97,BATTERY_CHARGING
2026-06-01 07:00:00,20.8,17.12,20.43,34.81,0.0,19.74,BATTERY_CHARGING
2026-06-01 07:05:00,23.88,19.49,20.74,35.42,0.0,20.12,BATTERY_CHARGING
2026-06-01 07:10:00,25.67,20.57,21.17,35.56,0.0,20.62,BATTERY_CHARGING
2026-06-01 07:15:00,26.75,17.47,21.54,34.68,0.0,20.78,BATTERY_CHARGING
2026-06-01 07:20:00,29.26,19.88,22.14,34.2,0.0,20.83,BATTERY_CHARGING
2026-06-01 07:25:00,31.65,18.96,22.77,34.69,0.0,20.6,BATTERY_CHARGING
2026-06-01 07:30:00,34.77,17.44,23.46,34.69,0.0,21.1,BATTERY_CHARGING
2026-06-01 07:35:00,33.32,20.18,24.16,35.73,0.0,21.04,BATTERY_CHARGING
2026-06-01 07:40:00,38.85,17.24,24.96,35.84,0.0,21.17,BATTERY_CHARGING
2026-06-01 07:45:00,37.13,20.19,25.87,34.38,0.0,21.36,BATTERY_CHARGING
2026-06-01 07:50:00,42.18,17.53,26.86,34.65,0.0,21.54,BATTERY_CHARGING
2026-06-01 07:55:00,42.76,21.88,28.04,34.87,0.0,21.74,BATTERY_CHARGING
2026-06-01 08:00:00,42.32,15.43,28.19,53.94,0.0,21.55,BATTERY_CHARGING
2026-06-01 08:05:00,43.51,18.82,28.49,54.93,0.0,21.96,BATTERY_CHARGING
2026-06-01 08:10:00,45.88,29.14,29.25,55.73,0.0,21.88,BATTERY_CHARGING
2026-06-01 08:15:00,44.67,16.83,29.55,54.02,0.0,22.64,BATTERY_CHARGING
2026-06-01 08:20:00,51.11,24.39,30.37,54.77,0.0,22.66,BATTERY_CHARGING
2026-06-01 08:25:00,48.47,29.31,31.3,54.08,0.0,22.47,BATTERY_CHARGING
2026-06-01 08:30:00,52.3,25.11,32.18,55.24,0.0,23.32,BATTERY_CHARGING
2026-06-01 08:35:00,50.97,23.43,32.91,56.08,0.0,23.35,BATTERY_CHARGING
2026-06-01 08:40:00,55.7,22.13,33.78,55.77,0.0,23.25,BATTERY_CHARGING
2026-06-01 08:45:00,55.61,27.72,34.88,55.5,0.0,23.85,BATTERY_CHARGING
2026-06-01 08:50:00,55.67,22.98,35.81,55.08,0.0,23.47,BATTERY_CHARGING
2026-06-01 08:55:00,57.08,16.65,36.57,54.61,0.0,24.11,BATTERY_CHARGING
2026-06-01 09:00:00,63.4,28.66,36.66,89.87,0.0,23.9,BATTERY_CHARGING
2026-06-01 09:05:00,63.63,15.91,36.21,89.78,0.0,24.34,NORMAL_OPERATION
2026-06-01 09:10:00,62.01,22.79,36.01,89.23,0.0,24.5,NORMAL_OPERATION
2026-06-01 09:15:00,64.14,23.54,35.89,90.42,0.0,24.59,NORMAL_OPERATION
2026-06-01 09:20:00,67.78,18.58,35.75,89.62,0.0,24.5,NORMAL_OPERATION
2026-06-01 09:25:00,64.6,31.72,36.07,88.32,0.0,24.86,BATTERY_CHARGING
2026-06-01 09:30:00,71.12,23.86,36.23,91.0,0.0,24.79,BATTERY_CHARGING
2026-06-01 09:35:00,68.55,29.89,36.6,88.97,0.0,25.51,BATTERY_CHARGING
2026-06-01 09:40:00,69.5,29.0,37.0,88.4,0.0,25.74,BATTERY_CHARGING
2026-06-01 09:45:00,71.75,32.36,37.52,90.99,0.0,25.61,BATTERY_CHARGING
2026-06-01 09:50:00,72.25,22.59,37.68,90.82,0.0,25.75,BATTERY_CHARGING
2026-06-01 09:55:00,68.25,19.11,37.61,88.87,0.0,26.09,NORMAL_OPERATION
2026-06-01 10:00:00,73.63,25.07,37.95,90.24,0.0,25.67,BATTERY_CHARGING
2026-06-01 10:05:00,70.54,28.47,38.28,90.74,0.0,26.39,BATTERY_CHARGING
2026-06-01 10:10:00,70.91,29.17,38.68,89.74,0.0,26.52,BATTERY_CHARGING
2026-06-01 10:15:00,79.36,26.64,39.3,90.44,0.0,26.4,BATTERY_CHARGING
2026-06-01 10:20:00,76.98,20.69,39.58,90.71,0.0,26.37,BATTERY_CHARGING
2026-06-01 10:25:00,72.34,26.25,39.93,89.66,0.0,27.26,BATTERY_CHARGING
2026-06-01 10:30:00,80.83,24.71,40.58,89.01,0.0,27.39,BATTERY_CHARGING
2026-06-01 10:35:00,75.36,20.62,40.78,90.94,0.0,27.36,BATTERY_CHARGING
2026-06-01 10:40:00,81.32,20.44,41.21,90.94,0.0,27.34,BATTERY_CHARGING
2026-06-01 10:45:00,80.34,18.42,41.52,90.93,0.0,27.57,BATTERY_CHARGING
2026-06-01 10:50:00,76.34,21.97,41.85,90.12,0.0,27.73,BATTERY_CHARGING
2026-06-01 10:55:00,79.87,23.65,42.34,91.06,0.0,27.57,BATTERY_CHARGING
2026-06-01 11:00:00,81.06,26.26,42.99,90.91,0.0,28.27,BATTERY_CHARGING
2026-06-01 11:05:00,82.63,29.81,43.84,90.84,0.0,28.19,BATTERY_CHARGING
2026-06-01 11:10:00,78.05,22.5,44.27,89.84,0.0,28.23,BATTERY_CHARGING
2026-06-01 11:15:00,85.47,22.82,44.99,89.95,0.0,28.44,BATTERY_CHARGING
2026-06-01 11:20:00,80.41,23.17,45.51,90.41,0.0,28.34,BATTERY_CHARGING
2026-06-01 11:25:00,84.1,24.46,46.25,89.84,0.0,28.98,BATTERY_CHARGING
2026-06-01 11:30:00,79.28,27.89,46.92,90.37,0.0,28.94,BATTERY_CHARGING
2026-06-01 11:35:00,86.95,21.0,47.61,90.52,0.0,29.13,BATTERY_CHARGING
2026-06-01 11:40:00,79.48,19.48,47.92,91.18,0.0,29.42,BATTERY_CHARGING
2026-06-01 11:45:00,82.69,27.97,48.75,89.58,0.0,28.93,BATTERY_CHARGING
2026-06-01 11:50:00,84.28,23.81,49.5,89.2,0.0,29.7,BATTERY_CHARGING
2026-06-01 11:55:00,83.52,21.54,50.11,89.7,0.0,29.25,BATTERY_CHARGING
2026-06-01 12:00:00,79.39,15.52,52.09,37.46,-7.46,29.45,GRID_EXPORT
2026-06-01 12:05:00,80.67,26.45,54.07,37.42,-19.71,29.39,GRID_EXPORT
2026-06-01 12:10:00,82.36,21.86,56.04,37.81,-16.41,29.77,GRID_EXPORT
2026-06-01 12:15:00,84.06,19.29,58.02,38.16,-15.19,29.77,GRID_EXPORT
2026-06-01 12:20:00,84.96,26.82,60.0,37.68,-24.1,30.52,GRID_EXPORT
2026-06-01 12:25:00,80.4,13.34,61.98,38.24,-5.51,30.39,GRID_EXPORT
2026-06-01 12:30:00,79.48,20.21,63.96,38.29,-11.4,30.18,GRID_EXPORT
2026-06-01 12:35:00,80.33,20.67,65.94,38.45,-12.55,30.59,GRID_EXPORT
2026-06-01 12:40:00,83.73,17.32,67.92,38.13,-12.92,30.67,GRID_EXPORT
2026-06-01 12:45:00,78.79,13.81,69.9,38.35,-4.25,30.49,GRID_EXPORT
2026-06-01 12:50:00,76.88,22.26,71.88,38.51,-10.63,30.77,GRID_EXPORT
2026-06-01 12:55:00,77.83,15.17,73.86,38.53,-4.48,31.08,GRID_EXPORT
2026-06-01 13:00:00,77.12,19.96,75.48,56.09,0.0,31.3,BATTERY_CHARGING
2026-06-01 13:05:00,84.07,17.05,77.28,55.57,0.0,31.25,BATTERY_CHARGING
2026-06-01 13:10:00,74.65,11.8,78.54,54.81,0.0,31.35,BATTERY_CHARGING
2026-06-01 13:15:00,81.29,11.1,80.0,55.32,0.0,31.51,BATTERY_CHARGING
2026-06-01 13:20:00,73.87,13.34,81.29,54.68,0.0,30.96,BATTERY_CHARGING
2026-06-01 13:25:00,76.13,18.44,82.86,55.0,0.0,31.29,BATTERY_CHARGING
2026-06-01 13:30:00,80.06,14.85,84.44,54.99,0.0,31.32,BATTERY_CHARGING
2026-06-01 13:35:00,71.39,19.25,85.82,55.65,0.0,31.41,BATTERY_CHARGING
2026-06-01 13:40:00,75.58,11.03,87.05,55.59,0.0,31.4,BATTERY_CHARGING
2026-06-01 13:45:00,73.63,9.22,88.19,54.1,0.0,31.69,BATTERY_CHARGING
2026-06-01 13:50:00,70.92,10.65,89.23,55.14,0.0,31.28,BATTERY_CHARGING
2026-06-01 13:55:00,76.32,17.73,90.82,53.86,0.0,32.0,BATTERY_CHARGING
2026-06-01 14:00:00,75.88,8.44,92.02,54.14,0.0,31.86,BATTERY_CHARGING
2026-06-01 14:05:00,69.04,13.0,93.07,55.36,0.0,31.41,BATTERY_CHARGING
2026-06-01 14:10:00,69.34,17.7,94.3,55.98,0.0,31.5,BATTERY_CHARGING
2026-06-01 14:15:00,64.97,8.08,95.0,55.1,-0.39,31.81,GRID_EXPORT
2026-06-01 14:20:00,71.12,8.0,95.0,54.07,-25.05,32.21,GRID_EXPORT
2026-06-01 14:25:00,68.04,17.14,95.0,54.83,-30.35,31.95,GRID_EXPORT
2026-06-01 14:30:00,63.07,12.69,95.0,54.93,-20.83,32.09,GRID_EXPORT
2026-06-01 14:35:00,65.64,10.4,95.0,54.35,-21.69,31.74,GRID_EXPORT
2026-06-01 14:40:00,65.48,15.05,95.0,54.72,-25.81,31.87,GRID_EXPORT
2026-06-01 14:45:00,59.88,10.76,95.0,54.63,-16.02,32.17,GRID_EXPORT
2026-06-01 14:50:00,60.13,12.39,95.0,56.07,-16.44,31.88,GRID_EXPORT
2026-06-01 14:55:00,59.32,7.3,95.0,54.22,-12.4,31.88,GRID_EXPORT
2026-06-01 15:00:00,56.95,10.01,95.0,56.41,-10.55,31.89,GRID_EXPORT
2026-06-01 15:05:00,56.58,5.59,95.0,55.01,-7.16,32.09,GRID_EXPORT
2026-06-01 15:10:00,56.54,7.51,95.0,55.63,-8.42,32.15,GRID_EXPORT
2026-06-01 15:15:00,53.93,5.22,95.0,54.34,-4.81,31.7,GRID_EXPORT
2026-06-01 15:20:00,51.82,10.66,95.0,53.5,-8.98,31.87,GRID_EXPORT
2026-06-01 15:25:00,50.81,6.32,95.0,54.76,-2.36,32.05,GRID_EXPORT
2026-06-01 15:30:00,52.33,7.19,95.0,55.37,-4.15,32.14,GRID_EXPORT
2026-06-01 15:35:00,49.06,8.22,95.0,54.06,-3.22,31.54,GRID_EXPORT
2026-06-01 15:40:00,48.66,4.16,94.93,54.44,0.0,31.68,NORMAL_OPERATION
2026-06-01 15:45:00,43.7,9.39,94.86,54.65,0.0,31.85,NORMAL_OPERATION
2026-06-01 15:50:00,42.55,7.26,94.63,54.99,0.0,32.15,NORMAL_OPERATION
2026-06-01 15:55:00,43.97,8.76,94.5,55.87,0.0,31.39,NORMAL_OPERATION
2026-06-01 16:00:00,42.58,6.86,94.28,54.47,0.0,32.0,NORMAL_OPERATION
2026-06-01 16:05:00,40.98,6.09,93.91,55.49,0.0,31.55,NORMAL_OPERATION
2026-06-01 16:10:00,36.48,8.04,93.49,54.07,0.0,31.81,NORMAL_OPERATION
2026-06-01 16:15:00,36.18,3.82,92.81,55.5,0.0,31.78,NORMAL_OPERATION
2026-06-01 16:20:00,33.38,5.78,92.08,55.79,0.0,31.48,NORMAL_OPERATION
2026-06-01 16:25:00,34.89,4.85,91.45,54.02,0.0,31.18,NORMAL_OPERATION
2026-06-01 16:30:00,32.23,2.85,90.58,55.05,0.0,31.24,NORMAL_OPERATION
2026-06-01 16:35:00,30.05,4.59,89.64,55.99,0.0,31.41,NORMAL_OPERATION
2026-06-01 16:40:00,27.79,3.71,88.67,53.59,0.0,31.5,NORMAL_OPERATION
2026-06-01 16:45:00,27.11,5.67,87.74,54.09,0.0,31.49,NORMAL_OPERATION
2026-06-01 16:50:00,24.75,2.73,86.55,54.43,0.0,31.05,NORMAL_OPERATION
2026-06-01 16:55:00,21.98,4.87,85.34,54.47,0.0,31.09,NORMAL_OPERATION
2026-06-01 17:00:00,21.44,6.26,85.03,34.78,0.0,31.11,NORMAL_OPERATION
2026-06-01 17:05:00,20.3,6.46,84.68,34.88,0.0,30.55,NORMAL_OPERATION
2026-06-01 17:10:00,18.64,3.07,84.07,35.6,0.0,31.1,NORMAL_OPERATION
2026-06-01 17:15:00,15.76,4.37,83.41,35.19,0.0,30.91,NORMAL_OPERATION
2026-06-01 17:20:00,14.39,2.11,82.56,35.71,0.0,30.44,NORMAL_OPERATION
2026-06-01 17:25:00,13.54,1.7,81.72,34.52,0.0,30.23,NORMAL_OPERATION
2026-06-01 17:30:00,10.19,1.51,80.69,35.2,0.0,30.61,NORMAL_OPERATION
2026-06-01 17:35:00,9.69,4.47,79.76,35.29,0.0,30.14,NORMAL_OPERATION
2026-06-01 17:40:00,7.07,3.55,78.7,34.78,0.0,30.08,NORMAL_OPERATION
2026-06-01 17:45:00,5.29,2.81,77.5,35.48,0.0,30.21,NORMAL_OPERATION
2026-06-01 17:50:00,4.17,4.59,76.36,34.81,0.0,30.17,NORMAL_OPERATION
2026-06-01 17:55:00,2.13,4.53,75.1,35.27,0.0,29.68,NORMAL_OPERATION
2026-06-01 18:00:00,0.05,3.91,73.76,34.57,0.0,29.46,NORMAL_OPERATION
2026-06-01 18:05:00,0.0,3.26,72.37,34.88,0.0,29.81,NORMAL_OPERATION
2026-06-01 18:10:00,0.0,3.98,71.03,34.53,0.0,29.12,NORMAL_OPERATION
2026-06-01 18:15:00,0.0,0.94,69.55,34.84,0.0,29.15,NORMAL_OPERATION
2026-06-01 18:20:00,0.0,0.85,68.01,35.89,0.0,29.54,NORMAL_OPERATION
2026-06-01 18:25:00,0.0,1.0,66.53,34.86,0.0,29.13,NORMAL_OPERATION
2026-06-01 18:30:00,0.0,2.48,65.12,34.62,0.0,29.03,NORMAL_OPERATION
2026-06-01 18:35:00,0.0,2.87,63.7,35.21,0.0,28.39,NORMAL_OPERATION
2026-06-01 18:40:00,0.0,1.14,62.24,34.41,0.0,28.61,NORMAL_OPERATION
2026-06-01 18:45:00,0.0,1.48,60.79,34.62,0.0,28.38,NORMAL_OPERATION
2026-06-01 18:50:00,0.0,1.56,59.35,34.37,0.0,28.38,NORMAL_OPERATION
2026-06-01 18:55:00,0.0,0.9,57.85,34.97,0.0,28.09,NORMAL_OPERATION
2026-06-01 19:00:00,0.0,0.58,56.34,35.05,0.0,27.67,NORMAL_OPERATION
2026-06-01 19:05:00,0.0,1.1,54.85,35.03,0.0,28.24,NORMAL_OPERATION
2026-06-01 19:10:00,0.0,0.46,53.32,35.37,0.0,28.08,NORMAL_OPERATION
2026-06-01 19:15:00,0.0,1.96,51.86,35.28,0.0,27.72,NORMAL_OPERATION
2026-06-01 19:20:00,0.0,2.02,50.43,34.65,0.0,27.02,NORMAL_OPERATION
2026-06-01 19:25:00,0.0,1.44,48.95,35.24,0.0,27.19,NORMAL_OPERATION
2026-06-01 19:30:00,0.0,0.72,47.48,34.09,0.0,27.28,NORMAL_OPERATION
2026-06-01 19:35:00,0.0,1.08,45.96,35.81,0.0,26.53,NORMAL_OPERATION
2026-06-01 19:40:00,0.0,0.51,44.45,34.94,0.0,26.54,NORMAL_OPERATION
2026-06-01 19:45:00,0.0,0.41,42.93,35.02,0.0,26.86,NORMAL_OPERATION
2026-06-01 19:50:00,0.0,0.74,41.39,35.76,0.0,26.6,NORMAL_OPERATION
2026-06-01 19:55:00,0.0,0.94,39.87,35.62,0.0,26.24,NORMAL_OPERATION
2026-06-01 20:00:00,0.0,1.59,38.41,34.97,0.0,25.73,NORMAL_OPERATION
2026-06-01 20:05:00,0.0,0.55,36.89,35.12,0.0,25.57,NORMAL_OPERATION
2026-06-01 20:10:00,0.0,0.26,35.35,35.5,0.0,25.88,NORMAL_OPERATION
2026-06-01 20:15:00,0.0,1.9,33.88,35.46,0.0,25.96,NORMAL_OPERATION
2026-06-01 20:20:00,0.0,1.37,32.38,35.56,0.0,25.5,NORMAL_OPERATION
2026-06-01 20:25:00,0.0,1.29,30.94,34.0,0.0,24.93,NORMAL_OPERATION
2026-06-01 20:30:00,0.0,0.55,29.42,35.17,0.0,25.27,NORMAL_OPERATION
2026-06-01 20:35:00,0.0,0.52,27.89,35.47,0.0,25.01,NORMAL_OPERATION
2026-06-01 20:40:00,0.0,0.94,26.42,34.37,0.0,24.72,NORMAL_OPERATION
2026-06-01 20:45:00,0.0,0.51,24.91,34.96,0.0,24.71,NORMAL_OPERATION
2026-06-01 20:50:00,0.0,1.69,23.46,34.91,0.0,24.16,NORMAL_OPERATION
2026-06-01 20:55:00,0.0,1.3,21.97,35.16,0.0,24.17,NORMAL_OPERATION
2026-06-01 21:00:00,0.0,0.92,20.46,35.44,0.0,23.96,NORMAL_OPERATION
2026-06-01 21:05:00,0.0,0.67,20.0,35.84,24.75,23.7,GRID_FALLBACK
2026-06-01 21:10:00,0.0,0.81,20.0,35.48,34.67,23.82,GRID_FALLBACK
2026-06-01 21:15:00,0.0,0.22,20.0,35.18,34.96,23.17,GRID_FALLBACK
2026-06-01 21:20:00,0.0,1.1,20.0,35.15,34.05,23.35,GRID_FALLBACK
2026-06-01 21:25:00,0.0,1.55,20.0,35.37,33.82,22.8,GRID_FALLBACK
2026-06-01 21:30:00,0.0,0.16,20.0,35.84,35.68,23.17,GRID_FALLBACK
2026-06-01 21:35:00,0.0,0.38,20.0,35.77,35.39,22.74,GRID_FALLBACK
2026-06-01 21:40:00,0.0,1.44,20.0,35.14,33.7,22.72,GRID_FALLBACK
2026-06-01 21:45:00,0.0,0.21,20.0,34.36,34.15,22.08,GRID_FALLBACK
2026-06-01 21:50:00,0.0,1.36,20.0,35.84,34.48,22.44,GRID_FALLBACK
2026-06-01 21:55:00,0.0,0.62,20.0,34.28,33.66,21.9,GRID_FALLBACK
2026-06-01 22:00:00,0.0,0.22,20.0,35.5,35.28,21.96,GRID_FALLBACK
2026-06-01 22:05:00,0.0,0.7,20.0,35.59,34.89,21.89,GRID_FALLBACK
2026-06-01 22:10:00,0.0,0.14,20.0,35.27,35.13,21.85,GRID_FALLBACK
2026-06-01 22:15:00,0.0,0.45,20.0,35.22,34.77,21.55,GRID_FALLBACK
2026-06-01 22:20:00,0.0,1.41,20.0,35.16,33.75,21.37,GRID_FALLBACK
2026-06-01 22:25:00,0.0,0.16,20.0,34.26,34.1,21.25,GRID_FALLBACK
2026-06-01 22:30:00,0.0,0.72,20.0,34.83,34.11,20.93,GRID_FALLBACK
2026-06-01 22:35:00,0.0,1.49,20.0,34.33,32.84,20.97,GRID_FALLBACK
2026-06-01 22:40:00,0.0,0.54,20.0,34.48,33.94,20.67,GRID_FALLBACK
2026-06-01 22:45:00,0.0,0.44,20.0,35.03,34.59,20.14,GRID_FALLBACK
2026-06-01 22:50:00,0.0,0.39,20.0,35.01,34.62,20.6,GRID_FALLBACK
2026-06-01 22:55:00,0.0,0.63,20.0,34.88,34.25,20.36,GRID_FALLBACK
2026-06-01 23:00:00,0.0,0.63,20.0,35.58,34.95,19.62,GRID_FALLBACK
2026-06-01 23:05:00,0.0,0.63,20.0,35.7,35.07,19.73,GRID_FALLBACK
2026-06-01 23:10:00,0.0,1.31,20.0,35.12,33.81,19.68,GRID_FALLBACK
2026-06-01 23:15:00,0.0,0.48,20.0,34.88,34.4,19.74,GRID_FALLBACK
2026-06-01 23:20:00,0.0,0.22,20.0,35.17,34.95,19.17,GRID_FALLBACK
2026-06-01 23:25:00,0.0,1.02,20.0,34.68,33.66,19.09,GRID_FALLBACK
2026-06-01 23:30:00,0.0,0.5,20.0,35.86,35.36,19.05,GRID_FALLBACK
2026-06-01 23:35:00,0.0,0.74,20.0,34.05,33.31,18.75,GRID_FALLBACK
2026-06-01 23:40:00,0.0,0.7,20.0,35.18,34.48,18.72,GRID_FALLBACK
2026-06-01 23:45:00,0.0,0.35,20.0,35.93,35.58,18.59,GRID_FALLBACK
2026-06-01 23:50:00,0.0,1.52,20.0,35.18,33.66,18.43,GRID_FALLBACK
2026-06-01 23:55:00,0.0,0.63,20.0,35.57,34.94,18.31,GRID_FALLBACK
2026-06-02 00:00:00,0.0,0.12,20.0,35.02,34.9,18.41,GRID_FALLBACK
2026-06-02 00:05:00,0.0,0.16,20.0,35.49,35.33,18.2,GRID_FALLBACK
2026-06-02 00:10:00,0.0,0.0,20.0,35.28,35.28,18.28,GRID_FALLBACK
2026-06-02 00:15:00,0.0,0.12,20.0,34.52,34.4,18.26,GRID_FALLBACK
2026-06-02 00:20:00,0.0,0.02,20.0,34.56,34.54,17.56,GRID_FALLBACK
2026-06-02 00:25:00,0.0,0.31,20.0,35.74,35.43,17.69,GRID_FALLBACK
2026-06-02 00:30:00,0.0,0.01,20.0,34.82,34.81,17.3,GRID_FALLBACK
2026-06-02 00:35:00,0.0,0.01,20.0,35.56,35.55,17.57,GRID_FALLBACK
2026-06-02 00:40:00,0.0,0.2,20.0,35.35,35.15,17.33,GRID_FALLBACK
2026-06-02 00:45:00,0.0,0.03,20.0,34.93,34.9,17.44,GRID_FALLBACK
2026-06-02 00:50:00,0.0,0.04,20.0,34.65,34.61,17.63,GRID_FALLBACK
2026-06-02 00:55:00,0.0,0.46,20.0,35.34,34.88,17.01,GRID_FALLBACK
2026-06-02 01:00:00,0.0,0.08,20.0,35.96,35.88,16.77,GRID_FALLBACK
2026-06-02 01:05:00,0.0,0.06,20.0,34.79,34.73,17.35,GRID_FALLBACK
2026-06-02 01:10:00,0.0,0.05,20.0,34.79,34.74,16.78,GRID_FALLBACK
2026-06-02 01:15:00,0.0,0.32,20.0,34.49,34.17,16.86,GRID_FALLBACK
2026-06-02 01:20:00,0.0,0.32,20.0,35.13,34.81,16.82,GRID_FALLBACK
2026-06-02 01:25:00,0.0,0.39,20.0,34.52,34.13,16.32,GRID_FALLBACK
2026-06-02 01:30:00,0.0,0.7,20.0,35.11,34.41,16.21,GRID_FALLBACK
2026-06-02 01:35:00,0.0,0.08,20.0,35.63,35.55,16.85,GRID_FALLBACK
2026-06-02 01:40:00,0.0,0.05,20.0,35.14,35.09,16.6,GRID_FALLBACK
2026-06-02 01:45:00,0.0,0.8,20.0,34.71,33.91,16.6,GRID_FALLBACK
2026-06-02 01:50:00,0.0,1.01,20.0,34.83,33.82,16.11,GRID_FALLBACK
2026-06-02 01:55:00,0.0,0.93,20.0,35.31,34.38,16.67,GRID_FALLBACK
2026-06-02 02:00:00,0.0,1.1,20.0,34.95,33.85,16.33,GRID_FALLBACK
2026-06-02 02:05:00,0.0,1.07,20.0,35.54,34.47,16.26,GRID_FALLBACK
2026-06-02 02:10:00,0.0,0.15,20.0,34.79,34.64,15.94,GRID_FALLBACK
2026-06-02 02:15:00,0.0,0.9,20.0,35.26,34.36,15.9,GRID_FALLBACK
2026-06-02 02:20:00,0.0,1.18,20.0,35.53,34.35,15.86,GRID_FALLBACK
2026-06-02 02:25:00,0.0,0.23,20.0,34.32,34.09,15.76,GRID_FALLBACK
2026-06-02 02:30:00,0.0,0.29,20.0,35.68,35.39,15.87,GRID_FALLBACK
2026-06-02 02:35:00,0.0,0.15,20.0,35.36,35.21,15.89,GRID_FALLBACK
2026-06-02 02:40:00,0.0,0.42,20.0,34.85,34.43,15.68,GRID_FALLBACK
2026-06-02 02:45:00,0.0,0.47,20.0,34.64,34.17,16.33,GRID_FALLBACK
2026-06-02 02:50:00,0.0,0.4,20.0,34.21,33.81,15.84,GRID_FALLBACK
2026-06-02 02:55:00,0.0,0.7,20.0,35.06,34.36,16.2,GRID_FALLBACK
2026-06-02 03:00:00,0.0,0.47,20.0,34.75,34.28,16.03,GRID_FALLBACK
2026-06-02 03:05:00,0.0,0.86,20.0,35.07,34.21,16.3,GRID_FALLBACK
2026-06-02 03:10:00,0.0,1.12,20.0,35.05,33.93,16.06,GRID_FALLBACK
2026-06-02 03:15:00,0.0,1.13,20.0,34.21,33.08,15.74,GRID_FALLBACK
2026-06-02 03:20:00,0.0,1.18,20.0,35.47,34.29,16.1,GRID_FALLBACK
2026-06-02 03:25:00,0.0,0.48,20.0,35.12,34.64,16.06,GRID_FALLBACK
2026-06-02 03:30:00,0.0,2.21,20.0,35.44,33.23,16.25,GRID_FALLBACK
2026-06-02 03:35:00,0.0,0.57,20.0,36.05,35.48,15.73,GRID_FALLBACK
2026-06-02 03:40:00,0.0,0.58,20.0,35.02,34.44,15.78,GRID_FALLBACK
2026-06-02 03:45:00,0.0,1.98,20.0,35.17,33.19,16.37,GRID_FALLBACK
2026-06-02 03:50:00,0.0,3.05,20.0,34.91,31.86,16.1,GRID_FALLBACK
2026-06-02 03:55:00,0.0,2.23,20.0,34.56,32.33,16.36,GRID_FALLBACK
2026-06-02 04:00:00,0.0,2.61,20.0,34.26,31.65,16.3,GRID_FALLBACK
2026-06-02 04:05:00,0.0,2.54,20.0,35.09,32.55,15.94,GRID_FALLBACK
2026-06-02 04:10:00,0.0,1.61,20.0,34.9,33.29,16.63,GRID_FALLBACK
2026-06-02 04:15:00,0.0,3.36,20.0,35.03,31.67,16.6,GRID_FALLBACK
2026-06-02 04:20:00,0.0,1.42,20.0,34.08,32.66,16.79,GRID_FALLBACK
2026-06-02 04:25:00,0.0,1.14,20.0,35.33,34.19,16.62,GRID_FALLBACK
2026-06-02 04:30:00,0.0,4.09,20.0,34.29,30.2,16.4,GRID_FALLBACK
2026-06-02 04:35:00,0.0,3.62,20.0,34.77,31.15,16.51,GRID_FALLBACK
2026-06-02 04:40:00,0.0,2.08,20.0,34.53,32.45,16.89,GRID_FALLBACK
2026-06-02 04:45:00,0.0,1.48,20.0,35.95,34.47,16.6,GRID_FALLBACK
2026-06-02 04:50:00,0.0,2.75,20.0,35.28,32.53,17.23,GRID_FALLBACK
2026-06-02 04:55:00,0.0,4.56,20.0,34.66,30.1,17.34,GRID_FALLBACK
2026-06-02 05:00:00,0.0,4.57,20.0,35.17,30.6,16.79,GRID_FALLBACK
2026-06-02 05:05:00,0.0,5.04,20.0,35.7,30.66,17.0,GRID_FALLBACK
2026-06-02 05:10:00,0.0,2.18,20.0,34.41,32.23,17.63,GRID_FALLBACK
2026-06-02 05:15:00,0.0,5.68,20.0,34.48,28.8,17.47,GRID_FALLBACK
2026-06-02 05:20:00,0.0,4.84,20.0,35.39,30.55,17.2,GRID_FALLBACK
2026-06-02 05:25:00,0.0,5.32,20.0,35.08,29.76,17.3,GRID_FALLBACK
2026-06-02 05:30:00,0.0,7.07,20.0,34.49,27.42,17.95,GRID_FALLBACK
2026-06-02 05:35:00,0.0,7.61,20.0,34.81,27.2,18.13,GRID_FALLBACK
2026-06-02 05:40:00,0.0,7.22,20.0,35.25,28.03,17.96,GRID_FALLBACK
2026-06-02 05:45:00,0.0,4.01,20.0,34.63,30.62,17.89,GRID_FALLBACK
2026-06-02 05:50:00,0.0,8.19,20.0,35.16,26.97,18.1,GRID_FALLBACK
2026-06-02 05:55:00,0.0,4.61,20.0,34.93,30.32,18.55,GRID_FALLBACK
2026-06-02 06:00:00,0.08,8.3,20.0,34.66,26.28,18.06,GRID_FALLBACK
2026-06-02 06:05:00,2.15,7.73,20.0,35.36,25.48,18.33,GRID_FALLBACK
2026-06-02 06:10:00,4.25,9.04,20.0,34.79,21.5,18.4,GRID_FALLBACK
2026-06-02 06:15:00,6.57,7.31,20.0,35.69,21.81,18.96,GRID_FALLBACK
2026-06-02 06:20:00,9.22,3.44,20.0,35.81,23.15,18.97,GRID_FALLBACK
2026-06-02 06:25:00,10.41,8.71,20.0,35.04,15.92,19.2,GRID_FALLBACK
2026-06-02 06:30:00,13.03,7.17,20.0,35.18,14.98,19.13,GRID_FALLBACK
2026-06-02 06:35:00,15.06,6.88,20.0,34.91,12.96,19.26,GRID_FALLBACK
2026-06-02 06:40:00,17.87,9.14,20.0,35.74,8.73,19.79,GRID_FALLBACK
2026-06-02 06:45:00,19.46,4.68,20.0,35.23,11.09,19.24,GRID_FALLBACK
2026-06-02 06:50:00,21.15,6.19,20.0,35.4,8.06,19.52,GRID_FALLBACK
2026-06-02 06:55:00,22.77,10.13,20.0,35.73,2.83,19.63,GRID_FALLBACK
2026-06-02 07:00:00,24.99,7.83,20.0,34.02,1.2,19.67,GRID_FALLBACK
2026-06-02 07:05:00,27.35,9.99,20.08,35.33,0.0,20.15,BATTERY_CHARGING
2026-06-02 07:10:00,30.87,5.77,20.12,35.61,0.0,20.33,BATTERY_CHARGING
2026-06-02 07:15:00,32.93,11.79,20.51,34.82,0.0,20.1,BATTERY_CHARGING
2026-06-02 07:20:00,33.75,12.39,20.93,35.53,0.0,20.96,BATTERY_CHARGING
2026-06-02 07:25:00,36.32,5.88,21.2,35.47,0.0,20.7,BATTERY_CHARGING
2026-06-02 07:30:00,37.19,10.75,21.68,35.92,0.0,21.26,BATTERY_CHARGING
2026-06-02 07:35:00,36.85,5.46,21.95,35.45,0.0,21.1,BATTERY_CHARGING
2026-06-02 07:40:00,39.04,7.98,22.46,34.11,0.0,21.48,BATTERY_CHARGING
2026-06-02 07:45:00,43.03,7.81,23.09,35.0,0.0,21.82,BATTERY_CHARGING
2026-06-02 07:50:00,46.68,10.2,23.95,35.09,0.0,21.72,BATTERY_CHARGING
2026-06-02 07:55:00,45.54,10.51,24.8,34.47,0.0,21.48,BATTERY_CHARGING
2026-06-02 08:00:00,48.9,8.27,24.93,53.94,0.0,21.53,BATTERY_CHARGING
2026-06-02 08:05:00,50.18,5.98,25.0,54.38,0.0,22.14,BATTERY_CHARGING
2026-06-02 08:10:00,52.34,8.77,25.18,56.5,0.0,22.18,BATTERY_CHARGING
2026-06-02 08:15:00,54.8,8.84,25.55,54.41,0.0,22.5,BATTERY_CHARGING
2026-06-02 08:20:00,55.06,9.87,25.97,54.32,0.0,22.56,BATTERY_CHARGING
2026-06-02 08:25:00,58.28,6.94,26.35,55.56,0.0,22.86,BATTERY_CHARGING
2026-06-02 08:30:00,59.61,8.81,26.84,56.02,0.0,23.2,BATTERY_CHARGING
2026-06-02 08:35:00,56.93,7.83,27.18,56.27,0.0,22.99,BATTERY_CHARGING
2026-06-02 08:40:00,61.24,11.23,27.86,55.18,0.0,23.46,BATTERY_CHARGING
2026-06-02 08:45:00,62.72,11.5,28.6,55.63,0.0,23.17,BATTERY_CHARGING
2026-06-02 08:50:00,62.91,10.13,29.28,55.93,0.0,23.62,BATTERY_CHARGING
2026-06-02 08:55:00,65.77,12.13,30.15,55.73,0.0,23.75,BATTERY_CHARGING
2026-06-02 09:00:00,63.95,10.69,29.44,91.01,0.0,23.66,NORMAL_OPERATION
2026-06-02 09:05:00,69.84,15.27,29.21,90.27,0.0,24.41,NORMAL_OPERATION
2026-06-02 09:10:00,69.65,7.17,28.59,90.93,0.0,24.23,NORMAL_OPERATION
2026-06-02 09:15:00,75.28,8.92,28.32,90.26,0.0,24.47,NORMAL_OPERATION
2026-06-02 09:20:00,70.8,12.07,28.09,88.25,0.0,24.61,NORMAL_OPERATION
2026-06-02 09:25:00,76.65,16.16,28.24,89.04,0.0,25.24,BATTERY_CHARGING
2026-06-02 09:30:00,75.67,13.34,28.21,89.55,0.0,25.03,NORMAL_OPERATION
2026-06-02 09:35:00,75.57,8.31,28.01,88.49,0.0,25.34,NORMAL_OPERATION
2026-06-02 09:40:00,79.46,10.44,28.04,89.26,0.0,25.76,BATTERY_CHARGING
2026-06-02 09:45:00,78.33,10.31,27.97,90.24,0.0,25.32,NORMAL_OPERATION
2026-06-02 09:50:00,76.68,8.56,27.74,90.34,0.0,25.41,NORMAL_OPERATION
2026-06-02 09:55:00,80.15,12.55,27.82,90.66,0.0,26.01,BATTERY_CHARGING
2026-06-02 10:00:00,83.2,12.59,28.12,88.3,0.0,26.24,BATTERY_CHARGING
2026-06-02 10:05:00,82.37,10.61,28.25,89.76,0.0,26.39,BATTERY_CHARGING
2026-06-02 10:10:00,79.34,11.95,28.35,88.8,0.0,26.52,BATTERY_CHARGING
2026-06-02 10:15:00,89.39,8.13,28.61,90.85,0.0,26.46,BATTERY_CHARGING
2026-06-02 10:20:00,82.05,11.24,28.78,89.06,0.0,26.67,BATTERY_CHARGING
2026-06-02 10:25:00,89.54,10.9,29.21,89.49,0.0,26.93,BATTERY_CHARGING
2026-06-02 10:30:00,84.33,10.01,29.38,89.96,0.0,27.28,BATTERY_CHARGING
2026-06-02 10:35:00,84.61,13.89,29.7,90.62,0.0,26.9,BATTERY_CHARGING
2026-06-02 10:40:00,83.58,14.11,29.98,90.45,0.0,27.33,BATTERY_CHARGING
2026-06-02 10:45:00,91.84,7.95,30.43,88.48,0.0,27.64,BATTERY_CHARGING
2026-06-02 10:50:00,91.07,13.16,30.95,91.21,0.0,27.73,BATTERY_CHARGING
2026-06-02 10:55:00,86.3,13.98,31.32,90.78,0.0,27.52,BATTERY_CHARGING
2026-06-02 11:00:00,88.98,14.38,31.84,90.28,0.0,27.8,SOLAR_SURGE
2026-06-02 11:05:00,91.98,12.14,32.43,89.19,0.0,28.08,SOLAR_SURGE
2026-06-02 11:10:00,86.73,9.14,32.62,91.2,0.0,28.19,SOLAR_SURGE
2026-06-02 11:15:00,93.25,6.98,33.07,88.73,0.0,28.58,SOLAR_SURGE
2026-06-02 11:20:00,93.75,11.25,33.67,89.85,0.0,28.85,SOLAR_SURGE
2026-06-02 11:25:00,89.47,10.01,34.05,89.77,0.0,28.41,SOLAR_SURGE
2026-06-02 11:30:00,91.13,7.22,34.4,89.7,0.0,28.63,SOLAR_SURGE
2026-06-02 11:35:00,93.92,14.33,35.13,89.8,0.0,28.81,SOLAR_SURGE
2026-06-02 11:40:00,91.01,6.12,35.45,89.09,0.0,29.27,SOLAR_SURGE
2026-06-02 11:45:00,89.93,14.99,36.09,88.72,0.0,29.43,SOLAR_SURGE
2026-06-02 11:50:00,94.83,13.57,36.8,90.35,0.0,29.09,SOLAR_SURGE
2026-06-02 11:55:00,93.21,5.86,37.15,90.26,0.0,29.25,SOLAR_SURGE
2026-06-02 12:00:00,91.01,12.98,39.13,37.51,-16.48,29.59,SOLAR_SURGE
2026-06-02 12:05:00,94.09,13.93,41.11,37.29,-20.73,29.85,SOLAR_SURGE
2026-06-02 12:10:00,92.76,10.03,43.09,38.56,-14.23,29.57,SOLAR_SURGE
2026-06-02 12:15:00,91.26,7.4,45.07,38.16,-10.5,30.29,SOLAR_SURGE
2026-06-02 12:20:00,97.56,12.6,47.05,37.76,-22.4,29.96,SOLAR_SURGE
2026-06-02 12:25:00,92.02,8.89,49.03,39.04,-11.87,30.24,SOLAR_SURGE
2026-06-02 12:30:00,88.64,9.06,51.0,38.45,-9.25,30.05,SOLAR_SURGE
2026-06-02 12:35:00,88.67,5.0,52.98,37.34,-6.32,30.82,SOLAR_SURGE
2026-06-02 12:40:00,88.95,8.2,54.96,37.95,-9.2,30.2,SOLAR_SURGE
2026-06-02 12:45:00,95.12,8.26,56.94,37.53,-15.85,30.81,SOLAR_SURGE
2026-06-02 12:50:00,93.48,10.42,58.92,37.91,-15.99,30.76,SOLAR_SURGE
2026-06-02 12:55:00,88.51,4.77,60.9,38.58,-4.69,31.11,SOLAR_SURGE
2026-06-02 13:00:00,93.58,6.95,62.7,55.05,0.0,30.57,SOLAR_SURGE
2026-06-02 13:05:00,92.7,8.89,64.54,55.11,0.0,31.21,SOLAR_SURGE
2026-06-02 13:10:00,85.89,4.92,65.94,55.36,0.0,31.32,SOLAR_SURGE
2026-06-02 13:15:00,91.77,9.31,67.78,54.65,0.0,31.39,SOLAR_SURGE
2026-06-02 13:20:00,87.57,5.78,69.31,54.77,0.0,30.91,SOLAR_SURGE
2026-06-02 13:25:00,85.47,8.17,70.85,54.59,0.0,31.0,SOLAR_SURGE
2026-06-02 13:30:00,85.5,5.59,72.24,56.22,0.0,31.19,SOLAR_SURGE
2026-06-02 13:35:00,82.27,5.64,73.54,55.04,0.0,31.79,SOLAR_SURGE
2026-06-02 13:40:00,85.5,5.99,74.97,55.2,0.0,31.18,SOLAR_SURGE
2026-06-02 13:45:00,86.38,5.58,76.42,55.34,0.0,31.94,SOLAR_SURGE
2026-06-02 13:50:00,84.56,6.03,77.82,55.2,0.0,31.24,SOLAR_SURGE
2026-06-02 13:55:00,79.14,3.79,78.94,54.76,0.0,31.68,SOLAR_SURGE
2026-06-02 14:00:00,82.67,4.4,80.17,55.94,0.0,31.66,BATTERY_CHARGING
2026-06-02 14:05:00,75.68,6.53,81.26,54.68,0.0,31.9,BATTERY_CHARGING
2026-06-02 14:10:00,73.56,6.22,82.19,56.24,0.0,31.46,BATTERY_CHARGING
2026-06-02 14:15:00,77.39,7.9,83.43,54.03,0.0,32.01,BATTERY_CHARGING
2026-06-02 14:20:00,75.71,4.24,84.45,54.13,0.0,31.54,BATTERY_CHARGING
2026-06-02 14:25:00,72.67,5.78,85.42,53.86,0.0,32.15,BATTERY_CHARGING
2026-06-02 14:30:00,72.22,2.71,86.22,54.84,0.0,32.16,BATTERY_CHARGING
2026-06-02 14:35:00,73.9,3.2,87.13,54.02,0.0,32.32,BATTERY_CHARGING
2026-06-02 14:40:00,69.54,2.08,87.83,54.0,0.0,32.23,BATTERY_CHARGING
2026-06-02 14:45:00,69.12,4.68,88.57,55.07,0.0,31.87,BATTERY_CHARGING
2026-06-02 14:50:00,66.28,2.58,89.13,54.69,0.0,31.95,BATTERY_CHARGING
2026-06-02 14:55:00,63.57,2.06,89.55,55.06,0.0,32.26,BATTERY_CHARGING
2026-06-02 15:00:00,66.46,4.89,90.21,54.83,0.0,32.07,BATTERY_CHARGING
2026-06-02 15:05:00,61.04,4.8,90.67,54.01,0.0,31.7,BATTERY_CHARGING
2026-06-02 15:10:00,59.79,2.63,90.98,54.66,0.0,32.05,BATTERY_CHARGING
2026-06-02 15:15:00,61.9,4.73,91.45,54.71,0.0,31.73,BATTERY_CHARGING
2026-06-02 15:20:00,58.84,1.4,91.69,54.23,0.0,31.9,BATTERY_CHARGING
2026-06-02 15:25:00,57.3,3.96,91.9,56.09,0.0,31.97,BATTERY_CHARGING
2026-06-02 15:30:00,56.31,4.35,92.15,54.26,0.0,31.97,BATTERY_CHARGING
2026-06-02 15:35:00,51.95,3.52,92.13,55.99,0.0,31.68,NORMAL_OPERATION
2026-06-02 15:40:00,50.42,1.18,91.96,55.32,0.0,32.28,NORMAL_OPERATION
2026-06-02 15:45:00,49.07,1.37,91.74,55.48,0.0,31.49,NORMAL_OPERATION
2026-06-02 15:50:00,51.59,2.37,91.67,55.61,0.0,32.09,NORMAL_OPERATION
2026-06-02 15:55:00,45.72,2.16,91.34,55.41,0.0,31.93,NORMAL_OPERATION
2026-06-02 16:00:00,46.74,1.82,91.09,54.19,0.0,31.72,NORMAL_OPERATION
2026-06-02 16:05:00,42.22,1.03,90.53,56.14,0.0,31.28,NORMAL_OPERATION
2026-06-02 16:10:00,45.3,1.91,90.14,56.14,0.0,31.49,NORMAL_OPERATION
2026-06-02 16:15:00,41.29,3.05,89.72,53.87,0.0,31.94,NORMAL_OPERATION
2026-06-02 16:20:00,37.76,2.35,89.06,55.06,0.0,31.24,NORMAL_OPERATION
2026-06-02 16:25:00,35.29,2.22,88.31,54.57,0.0,31.61,NORMAL_OPERATION
2026-06-02 16:30:00,37.24,1.93,87.58,55.86,0.0,31.54,NORMAL_OPERATION
2026-06-02 16:35:00,35.58,1.48,86.78,55.4,0.0,31.69,NORMAL_OPERATION
2026-06-02 16:40:00,32.57,1.78,85.85,55.54,0.0,31.6,NORMAL_OPERATION
2026-06-02 16:45:00,29.55,1.4,84.82,54.44,0.0,30.85,NORMAL_OPERATION
2026-06-02 16:50:00,28.13,0.42,83.64,55.42,0.0,30.75,NORMAL_OPERATION
2026-06-02 16:55:00,25.98,0.74,82.42,54.55,0.0,31.32,NORMAL_OPERATION
2026-06-02 17:00:00,23.09,0.41,81.9,35.43,0.0,31.05,NORMAL_OPERATION
2026-06-02 17:05:00,20.69,0.29,81.28,34.94,0.0,30.69,NORMAL_OPERATION
2026-06-02 17:10:00,19.34,0.28,80.6,35.17,0.0,30.78,NORMAL_OPERATION
2026-06-02 17:15:00,17.69,0.31,79.89,34.21,0.0,30.28,NORMAL_OPERATION
2026-06-02 17:20:00,16.89,1.02,79.13,35.23,0.0,30.32,NORMAL_OPERATION
2026-06-02 17:25:00,14.61,0.18,78.23,35.34,0.0,30.28,NORMAL_OPERATION
2026-06-02 17:30:00,12.39,0.35,77.25,34.98,0.0,30.24,NORMAL_OPERATION
2026-06-02 17:35:00,10.07,0.31,76.16,35.44,0.0,29.86,NORMAL_OPERATION
2026-06-02 17:40:00,7.71,0.73,75.0,34.88,0.0,30.05,NORMAL_OPERATION
2026-06-02 17:45:00,5.93,0.41,73.75,34.78,0.0,30.32,NORMAL_OPERATION
2026-06-02 17:50:00,4.42,0.78,72.47,34.24,0.0,29.71,NORMAL_OPERATION
2026-06-02 17:55:00,1.99,0.5,71.02,35.74,0.0,29.81,NORMAL_OPERATION
2026-06-02 18:00:00,0.0,0.88,69.49,35.6,0.0,29.59,NORMAL_OPERATION
2026-06-02 18:05:00,0.0,0.59,67.97,35.24,0.0,29.2,NORMAL_OPERATION
2026-06-02 18:10:00,0.0,0.43,66.48,34.55,0.0,29.65,NORMAL_OPERATION
2026-06-02 18:15:00,0.0,0.91,64.97,35.27,0.0,29.01,NORMAL_OPERATION
2026-06-02 18:20:00,0.0,0.21,63.41,35.87,0.0,29.08,NORMAL_OPERATION
2026-06-02 18:25:00,0.0,0.71,61.88,35.4,0.0,29.27,NORMAL_OPERATION
2026-06-02 18:30:00,0.0,0.12,60.37,34.62,0.0,28.78,NORMAL_OPERATION
2026-06-02 18:35:00,0.0,0.3,58.85,34.99,0.0,29.03,NORMAL_OPERATION
2026-06-02 18:40:00,0.0,0.25,57.3,35.68,0.0,28.52,NORMAL_OPERATION
2026-06-02 18:45:00,0.0,0.02,55.78,34.68,0.0,28.78,NORMAL_OPERATION
2026-06-02 18:50:00,0.0,0.1,54.24,35.04,0.0,28.17,NORMAL_OPERATION
2026-06-02 18:55:00,0.0,0.02,52.7,35.29,0.0,27.78,NORMAL_OPERATION
2026-06-02 19:00:00,0.0,0.06,51.18,34.73,0.0,27.63,NORMAL_OPERATION
2026-06-02 19:05:00,0.0,0.01,49.62,35.39,0.0,28.18,NORMAL_OPERATION
2026-06-02 19:10:00,0.0,0.22,48.12,34.58,0.0,27.52,NORMAL_OPERATION
2026-06-02 19:15:00,0.0,0.07,46.57,35.38,0.0,27.25,NORMAL_OPERATION
2026-06-02 19:20:00,0.0,0.01,45.05,34.73,0.0,27.31,NORMAL_OPERATION
2026-06-02 19:25:00,0.0,0.3,43.5,35.52,0.0,27.41,NORMAL_OPERATION
2026-06-02 19:30:00,0.0,0.07,41.98,34.63,0.0,26.79,NORMAL_OPERATION
2026-06-02 19:35:00,0.0,0.01,40.42,35.73,0.0,27.2,NORMAL_OPERATION
2026-06-02 19:40:00,0.0,0.29,38.89,35.19,0.0,26.54,NORMAL_OPERATION
2026-06-02 19:45:00,0.0,0.1,37.4,34.12,0.0,26.83,NORMAL_OPERATION
2026-06-02 19:50:00,0.0,0.0,35.83,35.64,0.0,26.3,NORMAL_OPERATION
2026-06-02 19:55:00,0.0,0.23,34.28,35.51,0.0,26.12,NORMAL_OPERATION
2026-06-02 20:00:00,0.0,0.0,32.73,35.39,0.0,25.9,NORMAL_OPERATION
2026-06-02 20:05:00,0.0,0.09,31.22,34.58,0.0,26.19,NORMAL_OPERATION
2026-06-02 20:10:00,0.0,0.12,29.71,34.46,0.0,25.35,NORMAL_OPERATION
2026-06-02 20:15:00,0.0,0.0,28.19,34.79,0.0,25.68,BATTERY_DISCHARGING
2026-06-02 20:20:00,0.0,0.06,26.66,34.8,0.0,25.23,NORMAL_OPERATION
2026-06-02 20:25:00,0.0,0.02,25.11,35.48,0.0,25.1,NORMAL_OPERATION
2026-06-02 20:30:00,0.0,0.02,23.55,35.47,0.0,24.96,NORMAL_OPERATION
2026-06-02 20:35:00,0.0,0.04,22.05,34.44,0.0,24.77,NORMAL_OPERATION
2026-06-02 20:40:00,0.0,0.05,20.49,35.44,0.0,24.35,NORMAL_OPERATION
2026-06-02 20:45:00,0.0,0.0,20.0,34.6,23.36,24.69,GRID_FALLBACK
2026-06-02 20:50:00,0.0,0.09,20.0,35.26,35.17,24.67,GRID_FALLBACK
2026-06-02 20:55:00,0.0,0.04,20.0,35.65,35.61,24.32,GRID_FALLBACK
2026-06-02 21:00:00,0.0,0.0,20.0,35.38,35.38,23.93,GRID_FALLBACK
2026-06-02 21:05:00,0.0,0.0,20.0,35.23,35.23,23.58,GRID_FALLBACK
2026-06-02 21:10:00,0.0,0.01,20.0,35.76,35.75,23.98,GRID_FALLBACK
2026-06-02 21:15:00,0.0,0.0,20.0,34.26,34.26,23.78,GRID_FALLBACK
2026-06-02 21:20:00,0.0,0.0,20.0,35.19,35.19,23.55,GRID_FALLBACK
2026-06-02 21:25:00,0.0,0.05,20.0,34.86,34.81,22.8,GRID_FALLBACK
2026-06-02 21:30:00,0.0,0.0,20.0,35.54,35.54,22.82,GRID_FALLBACK
2026-06-02 21:35:00,0.0,0.13,20.0,34.55,34.42,23.08,GRID_FALLBACK
2026-06-02 21:40:00,0.0,0.0,20.0,34.41,34.41,22.61,GRID_FALLBACK
2026-06-02 21:45:00,0.0,0.0,20.0,34.9,34.9,22.72,GRID_FALLBACK
2026-06-02 21:50:00,0.0,0.0,20.0,35.51,35.51,22.59,GRID_FALLBACK
2026-06-02 21:55:00,0.0,0.0,20.0,34.92,34.92,22.09,GRID_FALLBACK
2026-06-02 22:00:00,0.0,0.0,20.0,35.42,35.42,21.75,GRID_FALLBACK
2026-06-02 22:05:00,0.0,0.02,20.0,35.16,35.14,21.97,GRID_FALLBACK
2026-06-02 22:10:00,0.0,0.0,20.0,34.44,34.44,21.97,GRID_FALLBACK
2026-06-02 22:15:00,0.0,0.08,20.0,34.61,34.53,21.04,GRID_FALLBACK
2026-06-02 22:20:00,0.0,0.04,20.0,34.53,34.49,21.37,GRID_FALLBACK
2026-06-02 22:25:00,0.0,0.0,20.0,35.4,35.4,21.01,GRID_FALLBACK
2026-06-02 22:30:00,0.0,0.02,20.0,34.97,34.95,20.77,GRID_FALLBACK
2026-06-02 22:35:00,0.0,0.11,20.0,34.59,34.48,21.17,GRID_FALLBACK
2026-06-02 22:40:00,0.0,0.0,20.0,34.7,34.7,20.98,GRID_FALLBACK
2026-06-02 22:45:00,0.0,0.02,20.0,34.39,34.37,20.17,GRID_FALLBACK
2026-06-02 22:50:00,0.0,0.11,20.0,34.63,34.52,20.43,GRID_FALLBACK
2026-06-02 22:55:00,0.0,0.04,20.0,34.96,34.92,19.79,GRID_FALLBACK
2026-06-02 23:00:00,0.0,0.0,20.0,35.06,35.06,20.15,GRID_FALLBACK
2026-06-02 23:05:00,0.0,0.04,20.0,34.78,34.74,19.57,GRID_FALLBACK
2026-06-02 23:10:00,0.0,0.03,20.0,34.62,34.59,19.83,GRID_FALLBACK
2026-06-02 23:15:00,0.0,0.0,20.0,34.15,34.15,19.24,GRID_FALLBACK
2026-06-02 23:20:00,0.0,0.0,20.0,34.86,34.86,19.17,GRID_FALLBACK
2026-06-02 23:25:00,0.0,0.0,20.0,34.82,34.82,19.43,GRID_FALLBACK
2026-06-02 23:30:00,0.0,0.0,20.0,35.52,35.52,19.48,GRID_FALLBACK
2026-06-02 23:35:00,0.0,0.0,20.0,34.35,34.35,19.26,GRID_FALLBACK
2026-06-02 23:40:00,0.0,0.0,20.0,34.86,34.86,19.04,GRID_FALLBACK
2026-06-02 23:45:00,0.0,0.0,20.0,34.2,34.2,18.56,GRID_FALLBACK
2026-06-02 23:50:00,0.0,0.01,20.0,35.14,35.13,18.43,GRID_FALLBACK
2026-06-02 23:55:00,0.0,0.18,20.0,35.06,34.88,18.67,GRID_FALLBACK
2026-06-03 00:00:00,0.0,1.91,20.0,35.36,33.45,18.23,GRID_FALLBACK
2026-06-03 00:05:00,0.0,1.36,20.0,35.6,34.24,18.47,GRID_FALLBACK
2026-06-03 00:10:00,0.0,2.63,20.0,35.42,32.79,18.01,GRID_FALLBACK
2026-06-03 00:15:00,0.0,0.75,20.0,35.5,34.75,17.68,GRID_FALLBACK
2026-06-03 00:20:00,0.0,2.78,20.0,35.09,32.31,17.8,GRID_FALLBACK
2026-06-03 00:25:00,0.0,0.76,20.0,35.5,34.74,17.66,GRID_FALLBACK
2026-06-03 00:30:00,0.0,3.44,20.0,34.33,30.89,18.03,GRID_FALLBACK
2026-06-03 00:35:00,0.0,1.43,20.0,35.43,34.0,17.19,GRID_FALLBACK
2026-06-03 00:40:00,0.0,2.22,20.0,35.87,33.65,17.66,GRID_FALLBACK
2026-06-03 00:45:00,0.0,2.8,20.0,34.45,31.65,17.22,GRID_FALLBACK
2026-06-03 00:50:00,0.0,2.79,20.0,35.02,32.23,17.05,GRID_FALLBACK
2026-06-03 00:55:00,0.0,1.05,20.0,35.02,33.97,17.21,GRID_FALLBACK
2026-06-03 01:00:00,0.0,3.83,20.0,34.31,30.48,17.35,GRID_FALLBACK
2026-06-03 01:05:00,0.0,1.14,20.0,34.64,33.5,16.78,GRID_FALLBACK
2026-06-03 01:10:00,0.0,2.34,20.0,35.45,33.11,16.83,GRID_FALLBACK
2026-06-03 01:15:00,0.0,1.41,20.0,35.09,33.68,17.11,GRID_FALLBACK
2026-06-03 01:20:00,0.0,2.9,20.0,33.95,31.05,16.43,GRID_FALLBACK
2026-06-03 01:25:00,0.0,2.09,20.0,34.84,32.75,16.76,GRID_FALLBACK
2026-06-03 01:30:00,0.0,2.38,20.0,34.12,31.74,16.75,GRID_FALLBACK
2026-06-03 01:35:00,0.0,3.51,20.0,35.05,31.54,16.51,GRID_FALLBACK
2026-06-03 01:40:00,0.0,4.33,20.0,34.46,30.13,16.66,GRID_FALLBACK
2026-06-03 01:45:00,0.0,2.42,20.0,35.16,32.74,16.69,GRID_FALLBACK
2026-06-03 01:50:00,0.0,2.01,20.0,35.48,33.47,16.01,GRID_FALLBACK
2026-06-03 01:55:00,0.0,2.25,20.0,35.62,33.37,16.01,GRID_FALLBACK
2026-06-03 02:00:00,0.0,4.72,20.0,34.32,29.6,16.24,GRID_FALLBACK
2026-06-03 02:05:00,0.0,4.19,20.0,35.41,31.22,16.57,GRID_FALLBACK
2026-06-03 02:10:00,0.0,2.38,20.0,35.02,32.64,16.32,GRID_FALLBACK
2026-06-03 02:15:00,0.0,5.99,20.0,34.98,28.99,15.79,GRID_FALLBACK
2026-06-03 02:20:00,0.0,4.62,20.0,35.15,30.53,16.46,GRID_FALLBACK
2026-06-03 02:25:00,0.0,6.7,20.0,34.94,28.24,16.0,GRID_FALLBACK
2026-06-03 02:30:00,0.0,6.1,20.0,34.92,28.82,16.45,GRID_FALLBACK
2026-06-03 02:35:00,0.0,2.96,20.0,34.98,32.02,16.42,GRID_FALLBACK
2026-06-03 02:40:00,0.0,6.11,20.0,35.7,29.59,16.23,GRID_FALLBACK
2026-06-03 02:45:00,0.0,3.52,20.0,35.07,31.55,16.37,GRID_FALLBACK
2026-06-03 02:50:00,0.0,8.67,20.0,35.52,26.85,15.88,GRID_FALLBACK
2026-06-03 02:55:00,0.0,4.44,20.0,34.3,29.86,16.01,GRID_FALLBACK
2026-06-03 03:00:00,0.0,6.77,20.0,35.02,28.25,15.98,GRID_FALLBACK
2026-06-03 03:05:00,0.0,8.38,20.0,35.51,27.13,16.28,GRID_FALLBACK
2026-06-03 03:10:00,0.0,7.26,20.0,34.67,27.41,15.63,GRID_FALLBACK
2026-06-03 03:15:00,0.0,4.77,20.0,35.66,30.89,15.75,GRID_FALLBACK
2026-06-03 03:20:00,0.0,3.82,20.0,35.26,31.44,15.87,GRID_FALLBACK
2026-06-03 03:25:00,0.0,9.66,20.0,35.42,25.76,16.34,GRID_FALLBACK
2026-06-03 03:30:00,0.0,9.38,20.0,34.76,25.38,15.86,GRID_FALLBACK
2026-06-03 03:35:00,0.0,11.16,20.0,35.65,24.49,16.43,GRID_FALLBACK
2026-06-03 03:40:00,0.0,5.78,20.0,35.36,29.58,16.16,GRID_FALLBACK
2026-06-03 03:45:00,0.0,11.38,20.0,35.42,24.04,16.45,GRID_FALLBACK
2026-06-03 03:50:00,0.0,8.87,20.0,35.72,26.85,16.39,GRID_FALLBACK
2026-06-03 03:55:00,0.0,9.86,20.0,34.3,24.44,16.06,GRID_FALLBACK
2026-06-03 04:00:00,0.0,8.0,20.0,34.87,26.87,16.28,GRID_FALLBACK
2026-06-03 04:05:00,0.0,7.51,20.0,35.13,27.62,16.39,GRID_FALLBACK
2026-06-03 04:10:00,0.0,5.8,20.0,35.76,29.96,16.09,GRID_FALLBACK
2026-06-03 04:15:00,0.0,10.09,20.0,34.94,24.85,16.55,GRID_FALLBACK
2026-06-03 04:20:00,0.0,7.18,20.0,34.31,27.13,16.34,GRID_FALLBACK
2026-06-03 04:25:00,0.0,6.76,20.0,34.38,27.62,16.48,GRID_FALLBACK
2026-06-03 04:30:00,0.0,7.95,20.0,35.42,27.47,16.47,GRID_FALLBACK
2026-06-03 04:35:00,0.0,15.95,20.0,34.32,18.37,17.07,GRID_FALLBACK
2026-06-03 04:40:00,0.0,12.15,20.0,35.47,23.32,16.71,GRID_FALLBACK
2026-06-03 04:45:00,0.0,15.98,20.0,35.64,19.66,16.97,GRID_FALLBACK
2026-06-03 04:50:00,0.0,16.34,20.0,35.44,19.1,16.94,GRID_FALLBACK
2026-06-03 04:55:00,0.0,7.89,20.0,35.45,27.56,17.23,GRID_FALLBACK
2026-06-03 05:00:00,0.0,9.18,20.0,35.75,26.57,17.08,GRID_FALLBACK
2026-06-03 05:05:00,0.0,14.61,20.0,35.66,21.05,16.77,GRID_FALLBACK
2026-06-03 05:10:00,0.0,13.47,20.0,35.61,22.14,17.19,GRID_FALLBACK
2026-06-03 05:15:00,0.0,18.9,20.0,35.19,16.29,17.57,GRID_FALLBACK
2026-06-03 05:20:00,0.0,9.62,20.0,34.46,24.84,17.41,GRID_FALLBACK
2026-06-03 05:25:00,0.0,11.23,20.0,34.55,23.32,17.59,GRID_FALLBACK
2026-06-03 05:30:00,0.0,9.55,20.0,35.3,25.75,17.76,GRID_FALLBACK
2026-06-03 05:35:00,0.0,18.12,20.0,35.26,17.14,17.87,GRID_FALLBACK
2026-06-03 05:40:00,0.0,10.96,20.0,35.34,24.38,17.53,GRID_FALLBACK
2026-06-03 05:45:00,0.0,14.86,20.0,34.93,20.07,17.65,GRID_FALLBACK
2026-06-03 05:50:00,0.0,11.87,20.0,35.0,23.13,18.08,GRID_FALLBACK
2026-06-03 05:55:00,0.0,12.26,20.0,35.53,23.27,18.26,GRID_FALLBACK
2026-06-03 06:00:00,0.45,15.17,20.0,35.12,19.5,18.58,GRID_FALLBACK
2026-06-03 06:05:00,2.17,18.42,20.0,35.6,15.02,18.17,GRID_FALLBACK
2026-06-03 06:10:00,3.76,15.52,20.0,35.24,15.97,18.79,GRID_FALLBACK
2026-06-03 06:15:00,5.92,22.77,20.0,34.67,5.98,18.45,GRID_FALLBACK
2026-06-03 06:20:00,8.21,24.82,20.0,34.97,1.95,19.14,GRID_FALLBACK
2026-06-03 06:25:00,10.75,13.63,20.0,34.88,10.5,18.83,GRID_FALLBACK
2026-06-03 06:30:00,11.95,13.96,20.0,35.53,9.62,18.83,GRID_FALLBACK
2026-06-03 06:35:00,13.91,16.78,20.0,35.02,4.33,19.23,GRID_FALLBACK
2026-06-03 06:40:00,15.86,13.48,20.0,34.7,5.36,19.26,GRID_FALLBACK
2026-06-03 06:45:00,17.5,15.29,20.0,35.58,2.79,19.5,GRID_FALLBACK
2026-06-03 06:50:00,20.01,21.3,20.23,35.38,0.0,19.59,BATTERY_CHARGING
2026-06-03 06:55:00,22.44,21.48,20.57,35.36,0.0,20.14,BATTERY_CHARGING
2026-06-03 07:00:00,24.59,21.37,21.0,35.07,0.0,19.66,BATTERY_CHARGING
2026-06-03 07:05:00,24.55,22.42,21.45,35.78,0.0,20.22,BATTERY_CHARGING
2026-06-03 07:10:00,28.23,17.98,21.88,35.25,0.0,20.53,BATTERY_CHARGING
2026-06-03 07:15:00,29.43,20.76,22.46,35.47,0.0,20.43,BATTERY_CHARGING
2026-06-03 07:20:00,30.91,17.82,23.02,34.72,0.0,20.86,BATTERY_CHARGING
2026-06-03 07:25:00,32.77,31.29,24.17,34.89,0.0,21.14,BATTERY_CHARGING
2026-06-03 07:30:00,34.95,17.02,24.88,34.09,0.0,20.71,BATTERY_CHARGING
2026-06-03 07:35:00,37.29,23.2,25.91,34.56,0.0,21.43,BATTERY_CHARGING
2026-06-03 07:40:00,38.08,24.36,26.98,35.39,0.0,21.12,BATTERY_CHARGING
2026-06-03 07:45:00,41.7,26.95,28.29,35.45,0.0,21.46,BATTERY_CHARGING
2026-06-03 07:50:00,42.72,32.05,29.87,34.99,0.0,21.61,BATTERY_CHARGING
2026-06-03 07:55:00,43.94,26.73,31.31,34.22,0.0,21.75,BATTERY_CHARGING
2026-06-03 08:00:00,44.57,20.66,31.72,54.85,0.0,21.59,BATTERY_CHARGING
2026-06-03 08:05:00,45.62,29.45,32.54,54.36,0.0,21.88,BATTERY_CHARGING
2026-06-03 08:10:00,51.5,18.72,33.17,54.36,0.0,22.54,BATTERY_CHARGING
2026-06-03 08:15:00,52.67,22.1,33.91,55.91,0.0,22.5,BATTERY_CHARGING
2026-06-03 08:20:00,50.7,29.22,34.92,54.56,0.0,22.23,BATTERY_CHARGING
2026-06-03 08:25:00,55.69,32.76,36.21,55.73,0.0,23.08,BATTERY_CHARGING
2026-06-03 08:30:00,56.5,30.93,37.5,54.89,0.0,23.08,BATTERY_CHARGING
2026-06-03 08:35:00,59.6,22.08,38.57,54.68,0.0,23.04,BATTERY_CHARGING
2026-06-03 08:40:00,58.01,29.32,39.84,55.23,0.0,22.98,BATTERY_CHARGING
2026-06-03 08:45:00,62.49,29.32,41.25,56.11,0.0,23.46,BATTERY_CHARGING
2026-06-03 08:50:00,62.04,20.2,42.33,55.16,0.0,23.67,BATTERY_CHARGING
2026-06-03 08:55:00,62.19,32.38,43.91,54.53,0.0,23.73,BATTERY_CHARGING
2026-06-03 09:00:00,65.58,34.98,44.33,89.98,0.0,23.98,BATTERY_CHARGING
2026-06-03 09:05:00,64.11,21.73,44.14,90.06,0.0,24.41,NORMAL_OPERATION
2026-06-03 09:10:00,65.83,24.0,44.16,89.35,0.0,24.07,BATTERY_CHARGING
2026-06-03 09:15:00,68.37,33.89,44.68,89.26,0.0,24.73,BATTERY_CHARGING
2026-06-03 09:20:00,67.84,33.04,45.08,90.61,0.0,24.57,BATTERY_CHARGING
2026-06-03 09:25:00,72.37,26.81,45.43,90.57,0.0,24.6,BATTERY_CHARGING
2026-06-03 09:30:00,74.85,21.8,45.71,89.55,0.0,25.42,BATTERY_CHARGING
2026-06-03 09:35:00,76.83,26.68,46.21,90.69,0.0,24.88,BATTERY_CHARGING
2026-06-03 09:40:00,70.83,31.5,46.69,90.22,0.0,25.75,BATTERY_CHARGING
2026-06-03 09:45:00,73.68,29.17,47.28,88.0,0.0,25.19,BATTERY_CHARGING
2026-06-03 09:50:00,71.44,34.4,47.9,90.13,0.0,25.46,BATTERY_CHARGING
2026-06-03 09:55:00,80.6,25.12,48.48,91.24,0.0,25.56,BATTERY_CHARGING
2026-06-03 10:00:00,80.29,37.64,49.64,88.44,0.0,26.16,BATTERY_CHARGING
2026-06-03 10:05:00,75.12,34.91,50.38,91.31,0.0,26.07,BATTERY_CHARGING
2026-06-03 10:10:00,78.96,34.2,51.27,90.65,0.0,26.78,BATTERY_CHARGING
2026-06-03 10:15:00,83.89,21.59,51.87,90.39,0.0,26.19,BATTERY_CHARGING
2026-06-03 10:20:00,81.07,20.68,52.35,89.57,0.0,27.1,BATTERY_CHARGING
2026-06-03 10:25:00,77.79,28.33,52.94,91.31,0.0,26.56,BATTERY_CHARGING
2026-06-03 10:30:00,82.6,23.51,53.6,89.44,0.0,27.39,BATTERY_CHARGING
2026-06-03 10:35:00,86.7,21.96,54.3,90.9,0.0,27.32,BATTERY_CHARGING
2026-06-03 10:40:00,88.14,28.17,55.28,91.68,0.0,27.41,BATTERY_CHARGING
2026-06-03 10:45:00,79.6,36.69,56.36,88.95,0.0,27.53,BATTERY_CHARGING
2026-06-03 10:50:00,84.42,28.3,57.22,90.91,0.0,27.68,BATTERY_CHARGING
2026-06-03 10:55:00,83.35,20.15,57.76,89.97,0.0,27.82,BATTERY_CHARGING
2026-06-03 11:00:00,88.5,27.44,58.81,89.33,0.0,28.04,BATTERY_CHARGING
2026-06-03 11:05:00,82.64,24.01,59.52,88.73,0.0,28.05,BATTERY_CHARGING
2026-06-03 11:10:00,89.2,26.42,60.55,89.56,0.0,28.11,BATTERY_CHARGING
2026-06-03 11:15:00,87.5,37.27,61.9,90.79,0.0,28.19,BATTERY_CHARGING
2026-06-03 11:20:00,86.88,25.46,62.79,89.77,0.0,28.64,BATTERY_CHARGING
2026-06-03 11:25:00,89.31,24.63,63.77,89.16,0.0,28.69,BATTERY_CHARGING
2026-06-03 11:30:00,83.3,21.83,64.36,90.26,0.0,29.16,BATTERY_CHARGING
2026-06-03 11:35:00,88.49,30.91,65.54,89.56,0.0,29.15,BATTERY_CHARGING
2026-06-03 11:40:00,85.38,23.58,66.31,89.54,0.0,28.88,BATTERY_CHARGING
2026-06-03 11:45:00,89.91,22.61,67.2,90.02,0.0,29.06,BATTERY_CHARGING
2026-06-03 11:50:00,87.43,34.62,68.5,89.38,0.0,29.3,BATTERY_CHARGING
2026-06-03 11:55:00,85.92,19.01,69.1,89.54,0.0,29.88,BATTERY_CHARGING
2026-06-03 12:00:00,89.06,29.98,71.08,37.41,-31.62,29.28,GRID_EXPORT
2026-06-03 12:05:00,84.18,21.87,73.06,37.73,-18.33,29.9,GRID_EXPORT
2026-06-03 12:10:00,85.1,17.6,75.04,38.47,-14.23,29.6,GRID_EXPORT
2026-06-03 12:15:00,83.14,25.0,77.02,38.19,-19.95,30.0,GRID_EXPORT
2026-06-03 12:20:00,91.04,25.64,79.0,38.26,-28.42,30.29,GRID_EXPORT
2026-06-03 12:25:00,86.07,20.74,80.98,38.25,-18.56,30.26,GRID_EXPORT
2026-06-03 12:30:00,88.44,19.71,82.96,37.39,-20.76,30.3,GRID_EXPORT
2026-06-03 12:35:00,87.93,22.54,84.94,38.94,-21.53,30.73,GRID_EXPORT
2026-06-03 12:40:00,91.19,21.6,86.92,37.27,-25.52,30.53,GRID_EXPORT
2026-06-03 12:45:00,87.05,23.29,88.9,37.6,-22.74,30.55,GRID_EXPORT
2026-06-03 12:50:00,86.96,18.52,90.88,37.74,-17.74,30.66,GRID_EXPORT
2026-06-03 12:55:00,82.13,24.56,92.85,38.57,-18.13,31.17,GRID_EXPORT
2026-06-03 13:00:00,81.35,16.82,94.55,55.25,0.0,30.86,BATTERY_CHARGING
2026-06-03 13:05:00,86.77,14.52,95.0,54.38,-35.62,31.11,GRID_EXPORT
2026-06-03 13:10:00,81.53,24.06,95.0,54.34,-50.0,30.91,UNAVOIDABLE_CURTAILMENT
2026-06-03 13:15:00,80.37,28.3,95.0,55.43,-50.0,31.02,UNAVOIDABLE_CURTAILMENT
2026-06-03 13:20:00,85.97,24.01,95.0,54.73,-50.0,31.61,UNAVOIDABLE_CURTAILMENT
2026-06-03 13:25:00,78.96,14.52,95.0,54.94,-38.54,31.58,GRID_EXPORT
2026-06-03 13:30:00,85.43,18.48,95.0,55.69,-48.22,31.58,GRID_EXPORT
2026-06-03 13:35:00,82.01,16.31,95.0,54.89,-43.42,31.6,GRID_EXPORT
2026-06-03 13:40:00,78.67,14.46,95.0,54.95,-38.18,31.32,GRID_EXPORT
2026-06-03 13:45:00,79.87,13.78,95.0,54.5,-39.15,31.68,GRID_EXPORT
2026-06-03 13:50:00,75.48,17.18,95.0,54.01,-38.65,31.26,GRID_EXPORT
2026-06-03 13:55:00,76.38,23.39,95.0,54.67,-45.1,31.35,GRID_EXPORT
2026-06-03 14:00:00,73.07,12.38,95.0,56.33,-29.12,31.89,GRID_EXPORT
2026-06-03 14:05:00,75.48,12.78,95.0,54.5,-33.76,32.02,GRID_EXPORT
2026-06-03 14:10:00,74.55,13.56,95.0,53.97,-34.14,31.8,GRID_EXPORT
2026-06-03 14:15:00,74.96,20.04,95.0,54.28,-40.72,32.03,GRID_EXPORT
2026-06-03 14:20:00,73.13,13.69,95.0,54.86,-31.96,31.72,GRID_EXPORT
2026-06-03 14:25:00,67.62,18.39,95.0,55.6,-30.41,31.52,GRID_EXPORT
2026-06-03 14:30:00,69.31,14.47,95.0,55.02,-28.76,31.84,GRID_EXPORT
2026-06-03 14:35:00,68.48,9.72,95.0,54.75,-23.45,31.64,GRID_EXPORT
2026-06-03 14:40:00,70.35,14.58,95.0,55.41,-29.52,31.96,GRID_EXPORT
2026-06-03 14:45:00,66.38,14.62,95.0,55.28,-25.71,31.79,GRID_EXPORT
2026-06-03 14:50:00,66.98,16.61,95.0,55.66,-27.94,32.3,GRID_EXPORT
2026-06-03 14:55:00,61.52,16.48,95.0,53.55,-24.46,31.89,GRID_EXPORT
2026-06-03 15:00:00,58.83,8.59,95.0,54.63,-12.79,32.36,GRID_EXPORT
2026-06-03 15:05:00,59.95,8.99,95.0,54.4,-14.54,31.8,GRID_EXPORT
2026-06-03 15:10:00,59.78,13.42,95.0,53.96,-19.24,31.88,GRID_EXPORT
2026-06-03 15:15:00,59.85,17.03,95.0,54.8,-22.08,31.85,GRID_EXPORT
2026-06-03 15:20:00,57.0,13.78,95.0,55.55,-15.23,31.83,GRID_EXPORT
2026-06-03 15:25:00,52.95,15.28,95.0,55.6,-12.63,31.72,GRID_EXPORT
2026-06-03 15:30:00,50.39,11.28,95.0,55.39,-6.29,32.11,GRID_EXPORT
2026-06-03 15:35:00,50.07,6.28,95.0,55.02,-1.33,31.68,GRID_EXPORT
2026-06-03 15:40:00,47.35,6.96,95.0,54.18,-0.14,31.92,GRID_EXPORT
2026-06-03 15:45:00,49.65,12.44,95.0,55.57,-6.53,31.91,GRID_EXPORT
2026-06-03 15:50:00,45.8,6.61,94.86,55.65,0.0,31.99,NORMAL_OPERATION
2026-06-03 15:55:00,46.49,10.94,95.0,53.87,0.0,31.85,BATTERY_CHARGING
2026-06-03 16:00:00,42.63,7.9,94.79,55.3,0.0,31.61,NORMAL_OPERATION
2026-06-03 16:05:00,44.29,10.74,94.83,54.07,0.0,31.76,BATTERY_CHARGING
2026-06-03 16:10:00,40.04,6.02,94.43,55.19,0.0,31.35,NORMAL_OPERATION
2026-06-03 16:15:00,38.52,5.81,94.0,54.07,0.0,31.65,NORMAL_OPERATION
2026-06-03 16:20:00,38.48,6.77,93.57,55.16,0.0,31.57,NORMAL_OPERATION
2026-06-03 16:25:00,35.27,7.16,93.02,54.82,0.0,31.16,NORMAL_OPERATION
2026-06-03 16:30:00,35.01,9.19,92.54,55.21,0.0,31.19,NORMAL_OPERATION
2026-06-03 16:35:00,32.43,5.58,91.83,54.26,0.0,31.26,NORMAL_OPERATION
2026-06-03 16:40:00,28.01,6.14,90.93,54.54,0.0,31.34,NORMAL_OPERATION
2026-06-03 16:45:00,27.03,8.97,90.09,55.17,0.0,31.07,NORMAL_OPERATION
2026-06-03 16:50:00,25.63,3.42,89.0,54.02,0.0,31.39,NORMAL_OPERATION
2026-06-03 16:55:00,24.52,4.17,87.85,54.73,0.0,30.78,NORMAL_OPERATION
2026-06-03 17:00:00,22.35,3.15,87.44,34.99,0.0,30.64,NORMAL_OPERATION
2026-06-03 17:05:00,21.53,7.41,87.2,34.38,0.0,30.58,NORMAL_OPERATION
2026-06-03 17:10:00,19.65,4.01,86.68,35.47,0.0,30.35,NORMAL_OPERATION
2026-06-03 17:15:00,16.22,5.98,86.12,35.1,0.0,30.27,NORMAL_OPERATION
2026-06-03 17:20:00,15.65,7.27,85.61,34.5,0.0,30.23,NORMAL_OPERATION
2026-06-03 17:25:00,12.51,2.53,84.73,34.95,0.0,30.42,NORMAL_OPERATION
2026-06-03 17:30:00,11.79,3.76,83.88,35.04,0.0,30.26,NORMAL_OPERATION
2026-06-03 17:35:00,9.7,6.22,83.01,35.84,0.0,30.62,NORMAL_OPERATION
2026-06-03 17:40:00,7.86,4.49,82.03,34.68,0.0,30.38,NORMAL_OPERATION
2026-06-03 17:45:00,6.49,3.49,80.92,35.26,0.0,30.14,NORMAL_OPERATION
2026-06-03 17:50:00,4.43,2.44,79.66,35.55,0.0,29.68,NORMAL_OPERATION
2026-06-03 17:55:00,2.03,2.29,78.28,35.7,0.0,29.81,NORMAL_OPERATION
2026-06-03 18:00:00,0.0,3.73,76.86,36.08,0.0,29.5,NORMAL_OPERATION
2026-06-03 18:05:00,0.0,5.73,75.59,34.74,0.0,29.25,NORMAL_OPERATION
2026-06-03 18:10:00,0.0,2.61,74.14,35.74,0.0,29.76,NORMAL_OPERATION
2026-06-03 18:15:00,0.0,2.87,72.74,34.82,0.0,29.49,NORMAL_OPERATION
2026-06-03 18:20:00,0.0,5.3,71.44,34.81,0.0,29.49,NORMAL_OPERATION
2026-06-03 18:25:00,0.0,4.2,70.09,35.04,0.0,28.69,NORMAL_OPERATION
2026-06-03 18:30:00,0.0,1.95,68.63,35.22,0.0,28.92,NORMAL_OPERATION
2026-06-03 18:35:00,0.0,2.79,67.21,35.29,0.0,28.88,NORMAL_OPERATION
2026-06-03 18:40:00,0.0,2.65,65.82,34.24,0.0,28.49,NORMAL_OPERATION
2026-06-03 18:45:00,0.0,1.17,64.36,34.58,0.0,28.07,NORMAL_OPERATION
2026-06-03 18:50:00,0.0,3.54,63.0,34.56,0.0,28.49,NORMAL_OPERATION
2026-06-03 18:55:00,0.0,2.37,61.58,34.69,0.0,28.54,NORMAL_OPERATION
2026-06-03 19:00:00,0.0,1.07,60.08,35.3,0.0,27.8,NORMAL_OPERATION
2026-06-03 19:05:00,0.0,3.15,58.67,35.17,0.0,27.7,NORMAL_OPERATION
2026-06-03 19:10:00,0.0,2.23,57.23,35.12,0.0,27.99,NORMAL_OPERATION
2026-06-03 19:15:00,0.0,2.14,55.79,34.97,0.0,27.17,NORMAL_OPERATION
2026-06-03 19:20:00,0.0,2.45,54.4,34.15,0.0,27.43,NORMAL_OPERATION
2026-06-03 19:25:00,0.0,3.13,53.01,34.89,0.0,27.14,NORMAL_OPERATION
2026-06-03 19:30:00,0.0,1.93,51.57,34.63,0.0,27.15,NORMAL_OPERATION
2026-06-03 19:35:00,0.0,0.91,50.05,35.71,0.0,26.86,NORMAL_OPERATION
2026-06-03 19:40:00,0.0,1.53,48.59,34.73,0.0,26.89,NORMAL_OPERATION
2026-06-03 19:45:00,0.0,1.0,47.11,34.78,0.0,26.64,NORMAL_OPERATION
2026-06-03 19:50:00,0.0,2.62,45.68,35.12,0.0,26.56,NORMAL_OPERATION
2026-06-03 19:55:00,0.0,1.27,44.2,34.97,0.0,25.93,NORMAL_OPERATION
2026-06-03 20:00:00,0.0,3.08,42.82,34.73,0.0,26.3,NORMAL_OPERATION
2026-06-03 20:05:00,0.0,1.7,41.35,35.05,0.0,26.12,NORMAL_OPERATION
2026-06-03 20:10:00,0.0,2.09,39.92,34.76,0.0,26.03,NORMAL_OPERATION
2026-06-03 20:15:00,0.0,1.78,38.5,34.17,0.0,25.78,NORMAL_OPERATION
2026-06-03 20:20:00,0.0,0.88,37.0,35.15,0.0,25.15,NORMAL_OPERATION
2026-06-03 20:25:00,0.0,2.52,35.59,34.63,0.0,25.25,NORMAL_OPERATION
2026-06-03 20:30:00,0.0,0.56,34.08,35.01,0.0,25.02,NORMAL_OPERATION
2026-06-03 20:35:00,0.0,1.45,32.6,35.25,0.0,24.91,NORMAL_OPERATION
2026-06-03 20:40:00,0.0,0.48,31.05,35.67,0.0,24.42,NORMAL_OPERATION
2026-06-03 20:45:00,0.0,2.48,29.66,34.23,0.0,24.79,NORMAL_OPERATION
2026-06-03 20:50:00,0.0,1.5,28.17,35.36,0.0,24.09,NORMAL_OPERATION
2026-06-03 20:55:00,0.0,1.11,26.67,35.39,0.0,24.4,NORMAL_OPERATION
2026-06-03 21:00:00,0.0,0.92,25.2,34.55,0.0,23.67,NORMAL_OPERATION
2026-06-03 21:05:00,0.0,0.77,23.71,34.53,0.0,23.77,NORMAL_OPERATION
2026-06-03 21:10:00,0.0,1.2,22.22,35.38,0.0,23.47,NORMAL_OPERATION
2026-06-03 21:15:00,0.0,1.43,20.71,35.77,0.0,23.16,NORMAL_OPERATION
2026-06-03 21:20:00,0.0,2.5,20.0,34.72,16.04,23.45,GRID_FALLBACK
2026-06-03 21:25:00,0.0,2.51,20.0,34.54,32.03,22.98,GRID_FALLBACK
2026-06-03 21:30:00,0.0,1.4,20.0,34.8,33.4,23.01,GRID_FALLBACK
2026-06-03 21:35:00,0.0,2.42,20.0,33.92,31.5,22.87,GRID_FALLBACK
2026-06-03 21:40:00,0.0,1.98,20.0,35.78,33.8,22.71,GRID_FALLBACK
2026-06-03 21:45:00,0.0,1.21,20.0,34.93,33.72,22.37,GRID_FALLBACK
2026-06-03 21:50:00,0.0,1.79,20.0,34.7,32.91,22.03,GRID_FALLBACK
2026-06-03 21:55:00,0.0,1.5,20.0,34.88,33.38,21.96,GRID_FALLBACK
2026-06-03 22:00:00,0.0,0.53,20.0,34.63,34.1,22.02,GRID_FALLBACK
2026-06-03 22:05:00,0.0,1.81,20.0,35.22,33.41,21.9,GRID_FALLBACK
2026-06-03 22:10:00,0.0,1.15,20.0,34.91,33.76,21.7,GRID_FALLBACK
2026-06-03 22:15:00,0.0,1.93,20.0,34.81,32.88,21.36,GRID_FALLBACK
2026-06-03 22:20:00,0.0,0.58,20.0,35.48,34.9,21.12,GRID_FALLBACK
2026-06-03 22:25:00,0.0,2.39,20.0,34.37,31.98,21.41,GRID_FALLBACK
2026-06-03 22:30:00,0.0,1.98,20.0,35.05,33.07,21.33,GRID_FALLBACK
2026-06-03 22:35:00,0.0,1.73,20.0,35.22,33.49,20.85,GRID_FALLBACK
2026-06-03 22:40:00,0.0,1.12,20.0,34.55,33.43,20.24,GRID_FALLBACK
2026-06-03 22:45:00,0.0,0.76,20.0,34.55,33.79,20.82,GRID_FALLBACK
2026-06-03 22:50:00,0.0,1.03,20.0,34.23,33.2,20.53,GRID_FALLBACK
2026-06-03 22:55:00,0.0,2.35,20.0,35.39,33.04,20.15,GRID_FALLBACK
2026-06-03 23:00:00,0.0,2.21,20.0,35.78,33.57,20.22,GRID_FALLBACK
2026-06-03 23:05:00,0.0,1.78,20.0,35.06,33.28,19.99,GRID_FALLBACK
2026-06-03 23:10:00,0.0,2.48,20.0,35.36,32.88,19.72,GRID_FALLBACK
2026-06-03 23:15:00,0.0,0.48,20.0,35.13,34.65,19.23,GRID_FALLBACK
2026-06-03 23:20:00,0.0,0.89,20.0,35.52,34.63,19.26,GRID_FALLBACK
2026-06-03 23:25:00,0.0,0.93,20.0,34.68,33.75,19.02,GRID_FALLBACK
2026-06-03 23:30:00,0.0,0.48,20.0,35.21,34.73,18.85,GRID_FALLBACK
2026-06-03 23:35:00,0.0,0.97,20.0,34.55,33.58,18.76,GRID_FALLBACK
2026-06-03 23:40:00,0.0,0.59,20.0,35.08,34.49,18.68,GRID_FALLBACK
2026-06-03 23:45:00,0.0,1.37,20.0,35.04,33.67,18.68,GRID_FALLBACK
2026-06-03 23:50:00,0.0,0.8,20.0,35.21,34.41,18.24,GRID_FALLBACK
2026-06-03 23:55:00,0.0,1.84,20.0,34.89,33.05,18.74,GRID_FALLBACK
2026-06-04 00:00:00,0.0,0.0,20.0,35.91,35.91,18.51,GRID_FALLBACK
2026-06-04 00:05:00,0.0,0.0,20.0,35.65,35.65,18.19,GRID_FALLBACK
2026-06-04 00:10:00,0.0,0.0,20.0,34.78,34.78,18.07,GRID_FALLBACK
2026-06-04 00:15:00,0.0,0.0,20.0,35.6,35.6,17.76,GRID_FALLBACK
2026-06-04 00:20:00,0.0,0.0,20.0,35.58,35.58,18.03,GRID_FALLBACK
2026-06-04 00:25:00,0.0,0.0,20.0,34.74,34.74,17.39,GRID_FALLBACK
2026-06-04 00:30:00,0.0,0.0,20.0,34.56,34.56,17.87,GRID_FALLBACK
2026-06-04 00:35:00,0.0,0.0,20.0,35.49,35.49,17.79,GRID_FALLBACK
2026-06-04 00:40:00,0.0,0.0,20.0,35.36,35.36,17.37,GRID_FALLBACK
2026-06-04 00:45:00,0.0,0.0,20.0,35.32,35.32,17.26,GRID_FALLBACK
2026-06-04 00:50:00,0.0,0.0,20.0,34.68,34.68,17.2,GRID_FALLBACK
2026-06-04 00:55:00,0.0,0.0,20.0,35.03,35.03,16.82,GRID_FALLBACK
2026-06-04 01:00:00,0.0,0.0,20.0,34.76,34.76,17.04,GRID_FALLBACK
2026-06-04 01:05:00,0.0,0.0,20.0,35.36,35.36,16.64,GRID_FALLBACK
2026-06-04 01:10:00,0.0,0.0,20.0,35.74,35.74,16.9,GRID_FALLBACK
2026-06-04 01:15:00,0.0,0.0,20.0,34.22,34.22,17.15,GRID_FALLBACK
2026-06-04 01:20:00,0.0,0.0,20.0,34.62,34.62,16.77,GRID_FALLBACK
2026-06-04 01:25:00,0.0,0.0,20.0,34.95,34.95,16.53,GRID_FALLBACK
2026-06-04 01:30:00,0.0,0.0,20.0,34.05,34.05,16.56,GRID_FALLBACK
2026-06-04 01:35:00,0.0,0.0,20.0,34.59,34.59,16.93,GRID_FALLBACK
2026-06-04 01:40:00,0.0,0.0,20.0,35.43,35.43,16.52,GRID_FALLBACK
2026-06-04 01:45:00,0.0,0.0,20.0,35.26,35.26,16.71,GRID_FALLBACK
2026-06-04 01:50:00,0.0,0.0,20.0,35.17,35.17,16.22,GRID_FALLBACK
2026-06-04 01:55:00,0.0,0.0,20.0,35.88,35.88,16.3,GRID_FALLBACK
2026-06-04 02:00:00,0.0,0.0,20.0,34.16,34.16,16.0,GRID_FALLBACK
2026-06-04 02:05:00,0.0,0.0,20.0,35.19,35.19,15.84,GRID_FALLBACK
2026-06-04 02:10:00,0.0,0.0,20.0,35.1,35.1,15.86,GRID_FALLBACK
2026-06-04 02:15:00,0.0,0.0,20.0,35.05,35.05,16.24,GRID_FALLBACK
2026-06-04 02:20:00,0.0,0.0,20.0,35.21,35.21,16.08,GRID_FALLBACK
2026-06-04 02:25:00,0.0,0.0,20.0,34.89,34.89,16.37,GRID_FALLBACK
2026-06-04 02:30:00,0.0,0.0,20.0,35.1,35.1,15.96,GRID_FALLBACK
2026-06-04 02:35:00,0.0,0.0,20.0,35.66,35.66,16.03,GRID_FALLBACK
2026-06-04 02:40:00,0.0,0.0,20.0,34.56,34.56,16.42,GRID_FALLBACK
2026-06-04 02:45:00,0.0,0.0,20.0,35.48,35.48,15.69,GRID_FALLBACK
2026-06-04 02:50:00,0.0,0.0,20.0,34.19,34.19,16.11,GRID_FALLBACK
2026-06-04 02:55:00,0.0,0.0,20.0,35.09,35.09,16.22,GRID_FALLBACK
2026-06-04 03:00:00,0.0,0.0,20.0,34.38,34.38,15.94,GRID_FALLBACK
2026-06-04 03:05:00,0.0,0.0,20.0,34.84,34.84,16.34,GRID_FALLBACK
2026-06-04 03:10:00,0.0,0.0,20.0,35.97,35.97,15.99,GRID_FALLBACK
2026-06-04 03:15:00,0.0,0.0,20.0,35.22,35.22,16.12,GRID_FALLBACK
2026-06-04 03:20:00,0.0,0.0,20.0,35.28,35.28,15.85,GRID_FALLBACK
2026-06-04 03:25:00,0.0,0.0,20.0,34.41,34.41,15.74,GRID_FALLBACK
2026-06-04 03:30:00,0.0,0.01,20.0,35.16,35.15,16.31,GRID_FALLBACK
2026-06-04 03:35:00,0.0,0.0,20.0,34.69,34.69,16.38,GRID_FALLBACK
2026-06-04 03:40:00,0.0,0.08,20.0,35.28,35.2,15.84,GRID_FALLBACK
2026-06-04 03:45:00,0.0,0.0,20.0,35.28,35.28,16.11,GRID_FALLBACK
2026-06-04 03:50:00,0.0,0.0,20.0,34.41,34.41,16.3,GRID_FALLBACK
2026-06-04 03:55:00,0.0,0.04,20.0,34.98,34.94,16.07,GRID_FALLBACK
2026-06-04 04:00:00,0.0,0.0,20.0,35.3,35.3,16.44,GRID_FALLBACK
2026-06-04 04:05:00,0.0,0.04,20.0,35.85,35.81,16.66,GRID_FALLBACK
2026-06-04 04:10:00,0.0,0.04,20.0,35.69,35.65,16.0,GRID_FALLBACK
2026-06-04 04:15:00,0.0,0.0,20.0,34.39,34.39,16.76,GRID_FALLBACK
2026-06-04 04:20:00,0.0,0.11,20.0,35.54,35.43,16.61,GRID_FALLBACK
2026-06-04 04:25:00,0.0,0.01,20.0,35.11,35.1,16.61,GRID_FALLBACK
2026-06-04 04:30:00,0.0,0.17,20.0,33.98,33.81,16.65,GRID_FALLBACK
2026-06-04 04:35:00,0.0,0.01,20.0,34.47,34.46,16.36,GRID_FALLBACK
2026-06-04 04:40:00,0.0,0.3,20.0,35.45,35.15,16.37,GRID_FALLBACK
2026-06-04 04:45:00,0.0,0.16,20.0,34.61,34.45,17.19,GRID_FALLBACK
2026-06-04 04:50:00,0.0,0.33,20.0,35.39,35.06,16.61,GRID_FALLBACK
2026-06-04 04:55:00,0.0,0.02,20.0,35.21,35.19,17.3,GRID_FALLBACK
2026-06-04 05:00:00,0.0,0.03,20.0,35.13,35.1,17.18,GRID_FALLBACK
2026-06-04 05:05:00,0.0,0.02,20.0,34.48,34.46,17.38,GRID_FALLBACK
2026-06-04 05:10:00,0.0,0.01,20.0,35.59,35.58,17.16,GRID_FALLBACK
2026-06-04 05:15:00,0.0,0.54,20.0,34.98,34.44,17.3,GRID_FALLBACK
2026-06-04 05:20:00,0.0,0.39,20.0,34.64,34.25,17.44,GRID_FALLBACK
2026-06-04 05:25:00,0.0,0.03,20.0,34.36,34.33,17.88,GRID_FALLBACK
2026-06-04 05:30:00,0.0,0.63,20.0,34.52,33.89,17.45,GRID_FALLBACK
2026-06-04 05:35:00,0.0,0.1,20.0,35.56,35.46,18.11,GRID_FALLBACK
2026-06-04 05:40:00,0.0,0.79,20.0,34.95,34.16,17.93,GRID_FALLBACK
2026-06-04 05:45:00,0.0,0.6,20.0,34.77,34.17,18.26,GRID_FALLBACK
2026-06-04 05:50:00,0.0,0.29,20.0,35.37,35.08,18.47,GRID_FALLBACK
2026-06-04 05:55:00,0.0,0.25,20.0,35.49,35.24,18.11,GRID_FALLBACK
2026-06-04 06:00:00,0.0,1.06,20.0,35.1,34.04,18.02,GRID_FALLBACK
2026-06-04 06:05:00,0.52,0.08,20.0,34.62,34.02,18.59,GRID_FALLBACK
2026-06-04 06:10:00,0.64,0.29,20.0,35.35,34.42,18.91,GRID_FALLBACK
2026-06-04 06:15:00,1.98,0.77,20.0,34.72,31.97,18.44,GRID_FALLBACK
2026-06-04 06:20:00,2.74,0.54,20.0,35.22,31.94,18.89,GRID_FALLBACK
2026-06-04 06:25:00,2.83,0.99,20.0,34.57,30.75,18.62,GRID_FALLBACK
2026-06-04 06:30:00,3.77,0.84,20.0,34.49,29.88,19.26,GRID_FALLBACK
2026-06-04 06:35:00,4.76,0.23,20.0,35.2,30.21,19.61,GRID_FALLBACK
2026-06-04 06:40:00,3.76,0.24,20.0,34.16,30.16,19.05,GRID_FALLBACK
2026-06-04 06:45:00,5.16,0.29,20.0,35.27,29.82,19.79,GRID_FALLBACK
2026-06-04 06:50:00,5.17,0.36,20.0,35.07,29.54,19.7,GRID_FALLBACK
2026-06-04 06:55:00,6.1,0.51,20.0,34.9,28.29,20.24,GRID_FALLBACK
2026-06-04 07:00:00,5.91,1.34,20.0,34.51,27.26,20.27,GRID_FALLBACK
2026-06-04 07:05:00,7.44,1.23,20.0,35.16,26.49,19.87,GRID_FALLBACK
2026-06-04 07:10:00,9.01,1.67,20.0,35.15,24.47,19.94,GRID_FALLBACK
2026-06-04 07:15:00,9.39,0.45,20.0,35.47,25.64,20.45,GRID_FALLBACK
2026-06-04 07:20:00,7.82,1.59,20.0,34.61,25.2,20.55,GRID_FALLBACK
2026-06-04 07:25:00,9.65,2.15,20.0,34.07,22.28,20.8,GRID_FALLBACK
2026-06-04 07:30:00,8.25,1.33,20.0,34.46,24.88,20.94,GRID_FALLBACK
2026-06-04 07:35:00,11.4,1.16,20.0,34.94,22.39,20.89,GRID_FALLBACK
2026-06-04 07:40:00,12.09,1.82,20.0,34.46,20.56,21.3,GRID_FALLBACK
2026-06-04 07:45:00,10.35,2.53,20.0,34.58,21.7,21.67,GRID_FALLBACK
2026-06-04 07:50:00,10.97,0.8,20.0,34.92,23.15,21.23,GRID_FALLBACK
2026-06-04 07:55:00,14.82,1.89,20.0,34.65,17.94,21.97,GRID_FALLBACK
2026-06-04 08:00:00,14.82,2.46,20.0,54.72,37.44,21.92,GRID_FALLBACK
2026-06-04 08:05:00,13.85,2.12,20.0,54.91,38.94,22.24,GRID_FALLBACK
2026-06-04 08:10:00,15.09,1.31,20.0,55.38,38.99,22.17,GRID_FALLBACK
2026-06-04 08:15:00,14.89,0.69,20.0,55.7,40.12,22.4,GRID_FALLBACK
2026-06-04 08:20:00,13.02,0.6,20.0,55.31,41.69,22.31,GRID_FALLBACK
2026-06-04 08:25:00,12.9,1.77,20.0,55.18,40.51,22.66,GRID_FALLBACK
2026-06-04 08:30:00,13.5,0.68,20.0,55.73,41.55,23.33,GRID_FALLBACK
2026-06-04 08:35:00,17.38,2.24,20.0,54.4,34.78,23.4,GRID_FALLBACK
2026-06-04 08:40:00,15.64,0.82,20.0,54.6,38.14,23.62,GRID_FALLBACK
2026-06-04 08:45:00,14.83,0.65,20.0,55.58,40.09,23.45,GRID_FALLBACK
2026-06-04 08:50:00,18.26,1.81,20.0,55.78,35.71,23.61,GRID_FALLBACK
2026-06-04 08:55:00,16.33,0.78,20.0,55.19,38.08,23.66,GRID_FALLBACK
2026-06-04 09:00:00,21.38,1.58,20.0,90.97,68.01,24.2,FLEXIBLE_SHIFT_OPPORTUNITY
2026-06-04 09:05:00,16.72,2.95,20.0,89.42,69.74,24.15,FLEXIBLE_SHIFT_OPPORTUNITY
2026-06-04 09:10:00,15.49,1.87,20.0,90.78,73.42,24.16,FLEXIBLE_SHIFT_OPPORTUNITY
2026-06-04 09:15:00,15.89,2.31,20.0,89.35,71.15,24.17,FLEXIBLE_SHIFT_OPPORTUNITY
2026-06-04 09:20:00,18.95,0.8,20.0,89.45,69.7,24.44,FLEXIBLE_SHIFT_OPPORTUNITY
2026-06-04 09:25:00,16.54,2.04,20.0,89.24,70.66,24.85,FLEXIBLE_SHIFT_OPPORTUNITY
2026-06-04 09:30:00,17.98,1.24,20.0,89.56,70.35,24.86,FLEXIBLE_SHIFT_OPPORTUNITY
2026-06-04 09:35:00,18.49,1.92,20.0,91.69,71.28,25.38,FLEXIBLE_SHIFT_OPPORTUNITY
2026-06-04 09:40:00,23.92,3.25,20.0,89.74,62.57,25.74,FLEXIBLE_SHIFT_OPPORTUNITY
2026-06-04 09:45:00,22.62,2.49,20.0,90.76,65.65,25.25,FLEXIBLE_SHIFT_OPPORTUNITY
2026-06-04 09:50:00,20.49,0.96,20.0,89.43,67.98,26.11,FLEXIBLE_SHIFT_OPPORTUNITY
2026-06-04 09:55:00,23.69,3.52,20.0,89.83,62.62,26.2,FLEXIBLE_SHIFT_OPPORTUNITY
2026-06-04 10:00:00,19.8,3.06,20.0,89.55,66.69,26.15,FLEXIBLE_SHIFT_OPPORTUNITY
2026-06-04 10:05:00,22.23,3.62,20.0,88.78,62.92,26.05,FLEXIBLE_SHIFT_OPPORTUNITY
2026-06-04 10:10:00,20.63,1.28,20.0,90.94,69.03,26.74,FLEXIBLE_SHIFT_OPPORTUNITY
2026-06-04 10:15:00,26.02,1.35,20.0,89.02,61.65,26.36,FLEXIBLE_SHIFT_OPPORTUNITY
2026-06-04 10:20:00,23.96,1.48,20.0,89.97,64.53,26.59,FLEXIBLE_SHIFT_OPPORTUNITY
2026-06-04 10:25:00,25.75,1.7,20.0,90.39,62.94,26.9,FLEXIBLE_SHIFT_OPPORTUNITY
2026-06-04 10:30:00,23.57,1.27,20.0,90.21,65.37,27.23,FLEXIBLE_SHIFT_OPPORTUNITY
2026-06-04 10:35:00,23.83,2.41,20.0,90.12,63.89,27.55,FLEXIBLE_SHIFT_OPPORTUNITY
2026-06-04 10:40:00,19.69,1.63,20.0,89.49,68.16,27.3,FLEXIBLE_SHIFT_OPPORTUNITY
2026-06-04 10:45:00,25.52,0.72,20.0,89.33,63.09,27.89,FLEXIBLE_SHIFT_OPPORTUNITY
2026-06-04 10:50:00,25.77,2.06,20.0,89.97,62.14,27.45,FLEXIBLE_SHIFT_OPPORTUNITY
2026-06-04 10:55:00,24.8,1.18,20.0,90.6,64.62,27.74,FLEXIBLE_SHIFT_OPPORTUNITY
2026-06-04 11:00:00,18.95,2.7,20.0,91.23,69.58,27.96,FLEXIBLE_SHIFT_OPPORTUNITY
2026-06-04 11:05:00,22.88,0.77,20.0,91.19,67.55,27.86,FLEXIBLE_SHIFT_OPPORTUNITY
2026-06-04 11:10:00,21.5,0.76,20.0,90.78,68.53,28.67,FLEXIBLE_SHIFT_OPPORTUNITY
2026-06-04 11:15:00,27.55,0.91,20.0,90.3,61.84,28.65,FLEXIBLE_SHIFT_OPPORTUNITY
2026-06-04 11:20:00,23.23,1.49,20.0,89.98,65.26,28.43,FLEXIBLE_SHIFT_OPPORTUNITY
2026-06-04 11:25:00,22.76,2.84,20.0,89.51,63.91,28.71,FLEXIBLE_SHIFT_OPPORTUNITY
2026-06-04 11:30:00,19.84,0.65,20.0,91.03,70.54,28.69,FLEXIBLE_SHIFT_OPPORTUNITY
2026-06-04 11:35:00,22.57,0.71,20.0,89.66,66.38,28.99,FLEXIBLE_SHIFT_OPPORTUNITY
2026-06-04 11:40:00,20.46,0.71,20.0,90.26,69.09,29.0,FLEXIBLE_SHIFT_OPPORTUNITY
2026-06-04 11:45:00,24.26,2.79,20.0,89.32,62.27,29.11,FLEXIBLE_SHIFT_OPPORTUNITY
2026-06-04 11:50:00,21.06,2.33,20.0,90.08,66.68,29.44,FLEXIBLE_SHIFT_OPPORTUNITY
2026-06-04 11:55:00,21.38,0.48,20.0,89.7,67.84,29.6,FLEXIBLE_SHIFT_OPPORTUNITY
2026-06-04 12:00:00,27.65,0.75,20.0,38.7,10.3,29.34,GRID_FALLBACK
2026-06-04 12:05:00,24.29,1.33,20.0,38.18,12.56,30.04,GRID_FALLBACK
2026-06-04 12:10:00,29.06,2.08,20.0,37.85,6.71,29.87,GRID_FALLBACK
2026-06-04 12:15:00,21.45,2.25,20.0,38.33,14.62,29.9,GRID_FALLBACK
2026-06-04 12:20:00,28.69,1.95,20.0,38.36,7.72,30.3,GRID_FALLBACK
2026-06-04 12:25:00,27.58,0.49,20.0,38.48,10.41,30.02,GRID_FALLBACK
2026-06-04 12:30:00,21.16,1.66,20.0,37.55,14.72,30.01,GRID_FALLBACK
2026-06-04 12:35:00,28.18,0.43,20.0,37.41,8.8,30.46,GRID_FALLBACK
2026-06-04 12:40:00,21.04,2.02,20.0,38.45,15.39,30.76,GRID_FALLBACK
2026-06-04 12:45:00,28.34,1.73,20.0,38.63,8.56,30.53,GRID_FALLBACK
2026-06-04 12:50:00,23.61,1.36,20.0,37.87,12.9,30.48,GRID_FALLBACK
2026-06-04 12:55:00,28.01,0.44,20.0,37.89,9.44,30.9,GRID_FALLBACK
2026-06-04 13:00:00,18.82,0.29,20.0,55.22,36.1,30.96,GRID_FALLBACK
2026-06-04 13:05:00,23.66,1.78,20.0,54.43,28.99,31.09,GRID_FALLBACK
2026-06-04 13:10:00,26.51,1.79,20.0,54.02,25.72,30.88,GRID_FALLBACK
2026-06-04 13:15:00,22.37,0.19,20.0,54.14,31.57,31.34,GRID_FALLBACK
2026-06-04 13:20:00,18.61,0.56,20.0,54.98,35.81,31.1,GRID_FALLBACK
2026-06-04 13:25:00,19.82,0.57,20.0,55.18,34.79,30.98,GRID_FALLBACK
2026-06-04 13:30:00,22.68,0.81,20.0,54.34,30.85,31.08,GRID_FALLBACK
2026-06-04 13:35:00,18.09,1.42,20.0,55.59,36.09,31.14,GRID_FALLBACK
2026-06-04 13:40:00,25.58,1.04,20.0,54.99,28.37,31.91,GRID_FALLBACK
2026-06-04 13:45:00,19.22,0.65,20.0,55.05,35.18,31.39,GRID_FALLBACK
2026-06-04 13:50:00,23.11,0.8,20.0,54.67,30.76,31.62,GRID_FALLBACK
2026-06-04 13:55:00,24.35,0.09,20.0,55.88,31.45,31.39,GRID_FALLBACK
2026-06-04 14:00:00,23.58,0.5,20.0,54.84,30.76,31.87,GRID_FALLBACK
2026-06-04 14:05:00,23.24,0.52,20.0,54.62,30.86,32.0,GRID_FALLBACK
2026-06-04 14:10:00,16.73,0.05,20.0,55.39,38.61,31.85,GRID_FALLBACK
2026-06-04 14:15:00,20.61,0.04,20.0,55.42,34.77,31.75,GRID_FALLBACK
2026-06-04 14:20:00,22.82,0.47,20.0,54.72,31.43,31.87,GRID_FALLBACK
2026-06-04 14:25:00,19.38,0.22,20.0,54.86,35.26,32.06,GRID_FALLBACK
2026-06-04 14:30:00,18.83,0.12,20.0,53.78,34.82,32.31,GRID_FALLBACK
2026-06-04 14:35:00,19.61,0.4,20.0,55.16,35.16,32.22,GRID_FALLBACK
2026-06-04 14:40:00,19.85,0.1,20.0,54.86,34.91,31.85,GRID_FALLBACK
2026-06-04 14:45:00,21.26,0.07,20.0,53.96,32.64,32.31,GRID_FALLBACK
2026-06-04 14:50:00,17.17,0.47,20.0,55.73,38.09,32.28,GRID_FALLBACK
2026-06-04 14:55:00,18.64,0.16,20.0,54.51,35.71,31.9,GRID_FALLBACK
2026-06-04 15:00:00,15.48,0.05,20.0,54.69,39.16,32.0,GRID_FALLBACK
2026-06-04 15:05:00,14.89,0.3,20.0,54.32,39.13,32.28,GRID_FALLBACK
2026-06-04 15:10:00,17.82,0.2,20.0,54.89,36.87,31.91,GRID_FALLBACK
2026-06-04 15:15:00,13.82,0.06,20.0,55.57,41.69,31.64,GRID_FALLBACK
2026-06-04 15:20:00,15.72,0.07,20.0,54.99,39.2,32.21,GRID_FALLBACK
2026-06-04 15:25:00,17.34,0.0,20.0,55.52,38.17,32.16,GRID_FALLBACK
2026-06-04 15:30:00,13.78,0.03,20.0,55.37,41.56,32.3,GRID_FALLBACK
2026-06-04 15:35:00,14.02,0.06,20.0,54.08,40.0,31.85,GRID_FALLBACK
2026-06-04 15:40:00,14.87,0.02,20.0,54.74,39.86,32.03,GRID_FALLBACK
2026-06-04 15:45:00,11.52,0.05,20.0,54.8,43.23,31.78,GRID_FALLBACK
2026-06-04 15:50:00,14.38,0.1,20.0,55.09,40.62,31.56,GRID_FALLBACK
2026-06-04 15:55:00,14.12,0.0,20.0,55.51,41.39,31.4,GRID_FALLBACK
2026-06-04 16:00:00,9.42,0.01,20.0,55.05,45.63,32.01,GRID_FALLBACK
2026-06-04 16:05:00,9.68,0.0,20.0,54.94,45.26,31.97,GRID_FALLBACK
2026-06-04 16:10:00,13.08,0.0,20.0,55.92,42.84,31.81,GRID_FALLBACK
2026-06-04 16:15:00,9.28,0.0,20.0,54.24,44.96,31.94,GRID_FALLBACK
2026-06-04 16:20:00,10.2,0.0,20.0,54.26,44.06,31.38,GRID_FALLBACK
2026-06-04 16:25:00,7.73,0.0,20.0,55.05,47.32,31.2,GRID_FALLBACK
2026-06-04 16:30:00,10.17,0.0,20.0,56.53,46.36,31.75,GRID_FALLBACK
2026-06-04 16:35:00,7.59,0.02,20.0,56.1,48.49,31.21,GRID_FALLBACK
2026-06-04 16:40:00,7.15,0.0,20.0,54.54,47.38,31.38,GRID_FALLBACK
2026-06-04 16:45:00,7.88,0.01,20.0,56.02,48.13,31.54,GRID_FALLBACK
2026-06-04 16:50:00,7.39,0.03,20.0,54.64,47.22,31.42,GRID_FALLBACK
2026-06-04 16:55:00,5.9,0.01,20.0,55.92,50.01,30.78,GRID_FALLBACK
2026-06-04 17:00:00,5.84,0.0,20.0,34.9,29.06,30.56,GRID_FALLBACK
2026-06-04 17:05:00,5.61,0.0,20.0,35.64,30.02,31.11,GRID_FALLBACK
2026-06-04 17:10:00,5.91,0.0,20.0,35.35,29.44,30.75,GRID_FALLBACK
2026-06-04 17:15:00,5.76,0.0,20.0,35.25,29.49,30.27,GRID_FALLBACK
2026-06-04 17:20:00,3.61,0.0,20.0,34.46,30.85,30.47,GRID_FALLBACK
2026-06-04 17:25:00,3.57,0.0,20.0,35.47,31.9,30.83,GRID_FALLBACK
2026-06-04 17:30:00,2.98,0.0,20.0,35.5,32.52,30.2,GRID_FALLBACK
2026-06-04 17:35:00,2.66,0.0,20.0,35.87,33.21,30.48,GRID_FALLBACK
2026-06-04 17:40:00,2.79,0.0,20.0,35.31,32.52,30.44,GRID_FALLBACK
2026-06-04 17:45:00,1.5,0.0,20.0,34.41,32.91,30.34,GRID_FALLBACK
2026-06-04 17:50:00,1.04,0.0,20.0,35.49,34.45,29.84,GRID_FALLBACK
2026-06-04 17:55:00,0.5,0.0,20.0,35.05,34.55,29.95,GRID_FALLBACK
2026-06-04 18:00:00,0.28,0.0,20.0,34.66,34.38,29.83,GRID_FALLBACK
2026-06-04 18:05:00,0.0,0.0,20.0,35.66,35.66,29.24,GRID_FALLBACK
2026-06-04 18:10:00,0.0,0.0,20.0,34.31,34.31,29.55,GRID_FALLBACK
2026-06-04 18:15:00,0.0,0.0,20.0,34.9,34.9,29.08,GRID_FALLBACK
2026-06-04 18:20:00,0.0,0.0,20.0,34.83,34.83,29.11,GRID_FALLBACK
2026-06-04 18:25:00,0.0,0.0,20.0,35.23,35.23,29.16,GRID_FALLBACK
2026-06-04 18:30:00,0.0,0.0,20.0,34.82,34.82,28.55,GRID_FALLBACK
2026-06-04 18:35:00,0.0,0.0,20.0,35.31,35.31,29.13,GRID_FALLBACK
2026-06-04 18:40:00,0.0,0.0,20.0,34.62,34.62,28.23,GRID_FALLBACK
2026-06-04 18:45:00,0.0,0.0,20.0,34.98,34.98,28.34,GRID_FALLBACK
2026-06-04 18:50:00,0.0,0.0,20.0,34.3,34.3,28.3,GRID_FALLBACK
2026-06-04 18:55:00,0.0,0.0,20.0,34.05,34.05,28.17,GRID_FALLBACK
2026-06-04 19:00:00,0.0,0.0,20.0,35.55,35.55,28.3,GRID_FALLBACK
2026-06-04 19:05:00,0.0,0.0,20.0,34.51,34.51,28.15,GRID_FALLBACK
2026-06-04 19:10:00,0.0,0.0,20.0,35.21,35.21,28.01,GRID_FALLBACK
2026-06-04 19:15:00,0.0,0.0,20.0,34.07,34.07,27.82,GRID_FALLBACK
2026-06-04 19:20:00,0.0,0.0,20.0,35.29,35.29,27.16,GRID_FALLBACK
2026-06-04 19:25:00,0.0,0.0,20.0,34.9,34.9,27.62,GRID_FALLBACK
2026-06-04 19:30:00,0.0,0.0,20.0,35.36,35.36,27.05,GRID_FALLBACK
2026-06-04 19:35:00,0.0,0.0,20.0,34.47,34.47,26.57,GRID_FALLBACK
2026-06-04 19:40:00,0.0,0.0,20.0,35.42,35.42,26.55,GRID_FALLBACK
2026-06-04 19:45:00,0.0,0.0,20.0,34.48,34.48,26.59,GRID_FALLBACK
2026-06-04 19:50:00,0.0,0.0,20.0,35.4,35.4,26.55,GRID_FALLBACK
2026-06-04 19:55:00,0.0,0.0,20.0,35.33,35.33,26.15,GRID_FALLBACK
2026-06-04 20:00:00,0.0,0.0,20.0,35.2,35.2,25.74,GRID_FALLBACK
2026-06-04 20:05:00,0.0,0.0,20.0,35.52,35.52,25.98,GRID_FALLBACK
2026-06-04 20:10:00,0.0,0.0,20.0,35.77,35.77,25.59,GRID_FALLBACK
2026-06-04 20:15:00,0.0,0.0,20.0,34.45,34.45,25.33,GRID_FALLBACK
2026-06-04 20:20:00,0.0,0.0,20.0,34.64,34.64,25.05,GRID_FALLBACK
2026-06-04 20:25:00,0.0,0.0,20.0,35.36,35.36,25.59,GRID_FALLBACK
2026-06-04 20:30:00,0.0,0.0,20.0,35.02,35.02,25.27,GRID_FALLBACK
2026-06-04 20:35:00,0.0,0.0,20.0,34.81,34.81,24.86,GRID_FALLBACK
2026-06-04 20:40:00,0.0,0.0,20.0,35.01,35.01,24.4,GRID_FALLBACK
2026-06-04 20:45:00,0.0,0.0,20.0,35.03,35.03,24.83,GRID_FALLBACK
2026-06-04 20:50:00,0.0,0.0,20.0,34.61,34.61,24.6,GRID_FALLBACK
2026-06-04 20:55:00,0.0,0.0,20.0,35.09,35.09,24.05,GRID_FALLBACK
2026-06-04 21:00:00,0.0,0.0,20.0,34.63,34.63,24.0,GRID_FALLBACK
2026-06-04 21:05:00,0.0,0.0,20.0,34.65,34.65,24.15,GRID_FALLBACK
2026-06-04 21:10:00,0.0,0.0,20.0,34.02,34.02,23.92,GRID_FALLBACK
2026-06-04 21:15:00,0.0,0.0,20.0,34.45,34.45,23.11,GRID_FALLBACK
2026-06-04 21:20:00,0.0,0.0,20.0,34.33,34.33,23.36,GRID_FALLBACK
2026-06-04 21:25:00,0.0,0.0,20.0,34.43,34.43,22.82,GRID_FALLBACK
2026-06-04 21:30:00,0.0,0.0,20.0,35.11,35.11,22.62,GRID_FALLBACK
2026-06-04 21:35:00,0.0,0.0,20.0,35.97,35.97,22.92,GRID_FALLBACK
2026-06-04 21:40:00,0.0,0.0,20.0,35.39,35.39,22.36,GRID_FALLBACK
2026-06-04 21:45:00,0.0,0.0,20.0,34.19,34.19,22.12,GRID_FALLBACK
2026-06-04 21:50:00,0.0,0.0,20.0,35.81,35.81,22.25,GRID_FALLBACK
2026-06-04 21:55:00,0.0,0.0,20.0,34.88,34.88,22.09,GRID_FALLBACK
2026-06-04 22:00:00,0.0,0.0,20.0,34.11,34.11,22.08,GRID_FALLBACK
2026-06-04 22:05:00,0.0,0.0,20.0,35.4,35.4,21.45,GRID_FALLBACK
2026-06-04 22:10:00,0.0,0.0,20.0,35.38,35.38,21.71,GRID_FALLBACK
2026-06-04 22:15:00,0.0,0.0,20.0,34.67,34.67,21.18,GRID_FALLBACK
2026-06-04 22:20:00,0.0,0.0,20.0,35.73,35.73,21.0,GRID_FALLBACK
2026-06-04 22:25:00,0.0,0.0,20.0,35.31,35.31,21.39,GRID_FALLBACK
2026-06-04 22:30:00,0.0,0.0,20.0,35.63,35.63,20.58,GRID_FALLBACK
2026-06-04 22:35:00,0.0,0.0,20.0,34.96,34.96,21.06,GRID_FALLBACK
2026-06-04 22:40:00,0.0,0.0,20.0,35.29,35.29,20.61,GRID_FALLBACK
2026-06-04 22:45:00,0.0,0.0,20.0,35.0,35.0,20.72,GRID_FALLBACK
2026-06-04 22:50:00,0.0,0.0,20.0,34.85,34.85,20.16,GRID_FALLBACK
2026-06-04 22:55:00,0.0,0.0,20.0,35.03,35.03,20.15,GRID_FALLBACK
2026-06-04 23:00:00,0.0,0.0,20.0,34.4,34.4,19.83,GRID_FALLBACK
2026-06-04 23:05:00,0.0,0.0,20.0,35.64,35.64,20.18,GRID_FALLBACK
2026-06-04 23:10:00,0.0,0.0,20.0,35.94,35.94,19.41,GRID_FALLBACK
2026-06-04 23:15:00,0.0,0.0,20.0,35.69,35.69,19.69,GRID_FALLBACK
2026-06-04 23:20:00,0.0,0.0,20.0,35.04,35.04,19.51,GRID_FALLBACK
2026-06-04 23:25:00,0.0,0.0,20.0,35.16,35.16,19.03,GRID_FALLBACK
2026-06-04 23:30:00,0.0,0.0,20.0,34.46,34.46,18.97,GRID_FALLBACK
2026-06-04 23:35:00,0.0,0.0,20.0,35.35,35.35,18.88,GRID_FALLBACK
2026-06-04 23:40:00,0.0,0.0,20.0,34.23,34.23,18.51,GRID_FALLBACK
2026-06-04 23:45:00,0.0,0.0,20.0,34.5,34.5,18.53,GRID_FALLBACK
2026-06-04 23:50:00,0.0,0.0,20.0,35.13,35.13,18.41,GRID_FALLBACK
2026-06-04 23:55:00,0.0,0.0,20.0,35.14,35.14,18.63,GRID_FALLBACK
2026-06-05 00:00:00,0.0,8.63,20.0,35.72,27.09,18.03,GRID_FALLBACK
2026-06-05 00:05:00,0.0,5.2,20.0,35.43,30.23,18.48,GRID_FALLBACK
2026-06-05 00:10:00,0.0,6.5,20.0,34.91,28.41,18.43,GRID_FALLBACK
2026-06-05 00:15:00,0.0,9.4,20.0,34.52,25.12,18.17,GRID_FALLBACK
2026-06-05 00:20:00,0.0,7.67,20.0,35.28,27.61,18.15,GRID_FALLBACK
2026-06-05 00:25:00,0.0,8.53,20.0,34.26,25.73,18.01,GRID_FALLBACK
2026-06-05 00:30:00,0.0,10.1,20.0,34.59,24.49,17.86,GRID_FALLBACK
2026-06-05 00:35:00,0.0,11.62,20.0,34.81,23.19,17.49,GRID_FALLBACK
2026-06-05 00:40:00,0.0,11.76,20.0,34.5,22.74,17.41,GRID_FALLBACK
2026-06-05 00:45:00,0.0,12.11,20.0,35.46,23.35,17.06,GRID_FALLBACK
2026-06-05 00:50:00,0.0,6.76,20.0,34.45,27.69,17.1,GRID_FALLBACK
2026-06-05 00:55:00,0.0,13.65,20.0,34.37,20.72,17.29,GRID_FALLBACK
2026-06-05 01:00:00,0.0,10.0,20.0,34.61,24.61,17.24,GRID_FALLBACK
2026-06-05 01:05:00,0.0,8.36,20.0,35.63,27.27,17.13,GRID_FALLBACK
2026-06-05 01:10:00,0.0,10.54,20.0,35.79,25.25,16.51,GRID_FALLBACK
2026-06-05 01:15:00,0.0,10.94,20.0,35.55,24.61,16.78,GRID_FALLBACK
2026-06-05 01:20:00,0.0,13.69,20.0,34.67,20.98,16.91,GRID_FALLBACK
2026-06-05 01:25:00,0.0,9.48,20.0,35.5,26.02,16.52,GRID_FALLBACK
2026-06-05 01:30:00,0.0,9.27,20.0,34.38,25.11,16.31,GRID_FALLBACK
2026-06-05 01:35:00,0.0,8.46,20.0,34.42,25.96,16.56,GRID_FALLBACK
2026-06-05 01:40:00,0.0,14.85,20.0,35.65,20.8,16.56,GRID_FALLBACK
2026-06-05 01:45:00,0.0,10.85,20.0,35.12,24.27,16.11,GRID_FALLBACK
2026-06-05 01:50:00,0.0,8.87,20.0,34.82,25.95,16.01,GRID_FALLBACK
2026-06-05 01:55:00,0.0,16.28,20.0,35.82,19.54,16.28,GRID_FALLBACK
2026-06-05 02:00:00,0.0,13.4,20.0,35.06,21.66,16.59,GRID_FALLBACK
2026-06-05 02:05:00,0.0,15.89,20.0,35.4,19.51,16.06,GRID_FALLBACK
2026-06-05 02:10:00,0.0,11.85,20.0,35.33,23.48,16.21,GRID_FALLBACK
2026-06-05 02:15:00,0.0,16.61,20.0,35.27,18.66,16.04,GRID_FALLBACK
2026-06-05 02:20:00,0.0,14.13,20.0,34.84,20.71,15.77,GRID_FALLBACK
2026-06-05 02:25:00,0.0,14.99,20.0,34.69,19.7,16.11,GRID_FALLBACK
2026-06-05 02:30:00,0.0,14.43,20.0,35.68,21.25,16.07,GRID_FALLBACK
2026-06-05 02:35:00,0.0,11.57,20.0,34.53,22.96,16.43,GRID_FALLBACK
2026-06-05 02:40:00,0.0,20.87,20.0,34.22,13.35,15.73,GRID_FALLBACK
2026-06-05 02:45:00,0.0,22.6,20.0,35.06,12.46,16.0,GRID_FALLBACK
2026-06-05 02:50:00,0.0,12.32,20.0,34.84,22.52,16.09,GRID_FALLBACK
2026-06-05 02:55:00,0.0,24.4,20.0,34.68,10.28,15.72,GRID_FALLBACK
2026-06-05 03:00:00,0.0,18.8,20.0,34.51,15.71,16.23,GRID_FALLBACK
2026-06-05 03:05:00,0.0,22.69,20.0,34.76,12.07,16.31,GRID_FALLBACK
2026-06-05 03:10:00,0.0,17.37,20.0,35.16,17.79,15.89,GRID_FALLBACK
2026-06-05 03:15:00,0.0,18.6,20.0,35.42,16.82,16.34,GRID_FALLBACK
2026-06-05 03:20:00,0.0,18.87,20.0,34.89,16.02,16.24,GRID_FALLBACK
2026-06-05 03:25:00,0.0,24.54,20.0,35.21,10.67,16.34,GRID_FALLBACK
2026-06-05 03:30:00,0.0,20.99,20.0,35.97,14.98,15.85,GRID_FALLBACK
2026-06-05 03:35:00,0.0,26.83,20.0,35.37,8.54,16.28,GRID_FALLBACK
2026-06-05 03:40:00,0.0,22.33,20.0,34.43,12.1,16.36,GRID_FALLBACK
2026-06-05 03:45:00,0.0,23.12,20.0,34.33,11.21,15.91,GRID_FALLBACK
2026-06-05 03:50:00,0.0,29.24,20.0,34.65,5.41,15.94,GRID_FALLBACK
2026-06-05 03:55:00,0.0,27.84,20.0,34.72,6.88,15.97,GRID_FALLBACK
2026-06-05 04:00:00,0.0,28.83,20.0,35.11,6.28,16.58,GRID_FALLBACK
2026-06-05 04:05:00,0.0,17.08,20.0,34.85,17.77,15.96,GRID_FALLBACK
2026-06-05 04:10:00,0.0,20.82,20.0,34.14,13.32,16.66,GRID_FALLBACK
2026-06-05 04:15:00,0.0,21.3,20.0,34.23,12.93,16.16,GRID_FALLBACK
2026-06-05 04:20:00,0.0,27.8,20.0,34.44,6.64,16.41,GRID_FALLBACK
2026-06-05 04:25:00,0.0,23.37,20.0,34.76,11.39,16.19,GRID_FALLBACK
2026-06-05 04:30:00,0.0,20.81,20.0,34.68,13.87,16.51,GRID_FALLBACK
2026-06-05 04:35:00,0.0,32.35,20.0,34.59,2.24,16.75,GRID_FALLBACK
2026-06-05 04:40:00,0.0,26.52,20.0,34.92,8.4,16.4,GRID_FALLBACK
2026-06-05 04:45:00,0.0,24.74,20.0,35.85,11.11,16.61,GRID_FALLBACK
2026-06-05 04:50:00,0.0,35.08,20.02,34.63,0.0,16.7,BATTERY_CHARGING
2026-06-05 04:55:00,0.0,24.75,20.0,35.67,10.51,16.65,GRID_FALLBACK
2026-06-05 05:00:00,0.0,31.4,20.0,35.12,3.72,17.46,GRID_FALLBACK
2026-06-05 05:05:00,0.0,30.62,20.0,35.4,4.78,17.12,GRID_FALLBACK
2026-06-05 05:10:00,0.0,41.31,20.25,35.03,0.0,17.63,BATTERY_CHARGING
2026-06-05 05:15:00,0.0,29.7,20.0,35.26,0.0,17.62,NORMAL_OPERATION
2026-06-05 05:20:00,0.0,38.34,20.14,34.98,0.0,17.46,BATTERY_CHARGING
2026-06-05 05:25:00,0.0,27.01,20.0,34.96,4.81,17.46,GRID_FALLBACK
2026-06-05 05:30:00,0.0,44.99,20.4,34.82,0.0,17.6,BATTERY_CHARGING
2026-06-05 05:35:00,0.0,40.81,20.64,34.77,0.0,17.64,BATTERY_CHARGING
2026-06-05 05:40:00,0.0,35.01,20.65,34.87,0.0,18.26,BATTERY_CHARGING
2026-06-05 05:45:00,0.0,26.78,20.28,35.2,0.0,18.14,NORMAL_OPERATION
2026-06-05 05:50:00,0.0,46.53,20.72,35.48,0.0,18.24,BATTERY_CHARGING
2026-06-05 05:55:00,0.0,41.25,21.0,34.04,0.0,18.25,BATTERY_CHARGING
2026-06-05 06:00:00,0.0,42.5,21.27,35.7,0.0,18.61,BATTERY_CHARGING
2026-06-05 06:05:00,2.4,45.57,21.81,34.19,0.0,18.35,BATTERY_CHARGING
2026-06-05 06:10:00,3.79,33.79,21.92,34.9,0.0,18.94,BATTERY_CHARGING
2026-06-05 06:15:00,6.45,43.18,22.49,35.19,0.0,18.61,BATTERY_CHARGING
2026-06-05 06:20:00,9.01,36.22,22.89,35.16,0.0,18.85,BATTERY_CHARGING
2026-06-05 06:25:00,10.61,39.39,23.48,35.11,0.0,18.75,BATTERY_CHARGING
2026-06-05 06:30:00,12.66,44.04,24.35,34.84,0.0,19.17,BATTERY_CHARGING
2026-06-05 06:35:00,15.55,37.54,25.08,34.58,0.0,18.97,BATTERY_CHARGING
2026-06-05 06:40:00,17.89,48.22,26.3,35.33,0.0,19.64,BATTERY_CHARGING
2026-06-05 06:45:00,19.27,43.24,27.37,35.49,0.0,19.36,BATTERY_CHARGING
2026-06-05 06:50:00,20.55,43.34,28.52,34.75,0.0,19.34,BATTERY_CHARGING
2026-06-05 06:55:00,23.77,49.78,30.06,34.6,0.0,19.82,BATTERY_CHARGING
2026-06-05 07:00:00,25.97,38.92,31.25,34.83,0.0,19.96,BATTERY_CHARGING
2026-06-05 07:05:00,25.29,44.92,32.67,34.4,0.0,20.34,BATTERY_CHARGING
2026-06-05 07:10:00,28.71,37.79,33.89,35.55,0.0,20.15,BATTERY_CHARGING
2026-06-05 07:15:00,31.23,41.83,35.42,34.49,0.0,20.56,BATTERY_CHARGING
2026-06-05 07:20:00,34.13,50.22,37.36,35.35,0.0,20.26,BATTERY_CHARGING
2026-06-05 07:25:00,34.27,39.03,38.91,34.14,0.0,20.88,BATTERY_CHARGING
2026-06-05 07:30:00,39.01,40.47,40.68,34.79,0.0,21.22,BATTERY_CHARGING
2026-06-05 07:35:00,40.68,49.84,42.66,34.57,-5.94,21.2,GRID_EXPORT
2026-06-05 07:40:00,42.02,49.61,44.64,34.99,-6.64,21.47,GRID_EXPORT
2026-06-05 07:45:00,42.47,47.09,46.62,35.43,-4.13,21.73,GRID_EXPORT
2026-06-05 07:50:00,46.02,41.72,48.6,34.48,-3.26,21.46,GRID_EXPORT
2026-06-05 07:55:00,45.73,49.94,50.58,35.33,-10.34,21.52,GRID_EXPORT
2026-06-05 08:00:00,46.43,41.56,51.85,55.69,0.0,21.72,BATTERY_CHARGING
2026-06-05 08:05:00,47.51,49.85,53.56,54.27,0.0,21.95,BATTERY_CHARGING
2026-06-05 08:10:00,50.63,42.26,55.02,55.99,0.0,22.34,BATTERY_CHARGING
2026-06-05 08:15:00,55.34,49.87,56.97,55.83,0.0,22.2,BATTERY_CHARGING
2026-06-05 08:20:00,56.43,50.09,58.95,54.37,-2.16,22.69,GRID_EXPORT
2026-06-05 08:25:00,58.85,47.37,60.93,54.25,-1.97,23.01,GRID_EXPORT
2026-06-05 08:30:00,56.74,50.19,62.91,54.38,-2.56,22.75,GRID_EXPORT
2026-06-05 08:35:00,62.24,43.29,64.89,54.29,-1.24,23.02,GRID_EXPORT
2026-06-05 08:40:00,64.07,43.58,66.87,55.15,-2.5,23.52,GRID_EXPORT
2026-06-05 08:45:00,62.21,47.59,68.85,55.84,-3.96,23.35,GRID_EXPORT
2026-06-05 08:50:00,64.92,50.35,70.83,54.51,-10.76,23.79,GRID_EXPORT
2026-06-05 08:55:00,63.4,50.31,72.81,54.78,-8.93,23.95,GRID_EXPORT
2026-06-05 09:00:00,65.14,48.7,73.72,90.74,0.0,24.34,BATTERY_CHARGING
2026-06-05 09:05:00,68.14,48.86,74.81,89.51,0.0,23.81,BATTERY_CHARGING
2026-06-05 09:10:00,67.93,49.77,75.93,89.36,0.0,24.65,BATTERY_CHARGING
2026-06-05 09:15:00,69.68,50.0,77.12,89.56,0.0,24.53,BATTERY_CHARGING
2026-06-05 09:20:00,72.75,50.34,78.48,88.75,0.0,24.87,BATTERY_CHARGING
2026-06-05 09:25:00,75.24,50.06,79.86,90.4,0.0,25.16,BATTERY_CHARGING
2026-06-05 09:30:00,75.98,49.97,81.29,89.97,0.0,24.71,BATTERY_CHARGING
2026-06-05 09:35:00,77.62,49.79,82.79,89.41,0.0,25.46,BATTERY_CHARGING
2026-06-05 09:40:00,76.95,49.68,84.33,87.89,0.0,25.4,BATTERY_CHARGING
2026-06-05 09:45:00,80.68,49.82,85.84,92.17,0.0,25.42,BATTERY_CHARGING
2026-06-05 09:50:00,76.16,45.34,87.06,90.66,0.0,25.92,BATTERY_CHARGING
2026-06-05 09:55:00,79.59,50.21,88.68,88.9,0.0,25.97,BATTERY_CHARGING
2026-06-05 10:00:00,82.05,50.18,90.36,89.79,0.0,26.05,BATTERY_CHARGING
2026-06-05 10:05:00,81.03,50.05,92.01,89.43,0.0,26.45,BATTERY_CHARGING
2026-06-05 10:10:00,81.02,49.94,93.6,90.74,0.0,26.01,BATTERY_CHARGING
2026-06-05 10:15:00,89.39,49.72,95.0,90.81,-13.03,26.43,GRID_EXPORT
2026-06-05 10:20:00,81.87,49.91,95.0,88.88,-20.0,26.82,UNAVOIDABLE_CURTAILMENT
2026-06-05 10:25:00,82.33,47.29,95.0,89.8,-20.0,26.86,UNAVOIDABLE_CURTAILMENT
2026-06-05 10:30:00,90.87,49.79,95.0,88.78,-20.0,26.81,UNAVOIDABLE_CURTAILMENT
2026-06-05 10:35:00,84.18,49.69,95.0,89.44,-20.0,26.96,UNAVOIDABLE_CURTAILMENT
2026-06-05 10:40:00,91.69,49.85,95.0,90.77,-20.0,27.67,UNAVOIDABLE_CURTAILMENT
2026-06-05 10:45:00,88.77,49.61,95.0,88.8,-20.0,27.61,UNAVOIDABLE_CURTAILMENT
2026-06-05 10:50:00,85.71,50.06,95.0,90.82,-20.0,27.71,UNAVOIDABLE_CURTAILMENT
2026-06-05 10:55:00,88.21,50.25,95.0,90.07,-20.0,28.01,UNAVOIDABLE_CURTAILMENT
2026-06-05 11:00:00,86.82,48.49,95.0,90.16,-20.0,27.97,UNAVOIDABLE_CURTAILMENT
2026-06-05 11:05:00,90.37,50.16,95.0,90.24,-20.0,27.97,UNAVOIDABLE_CURTAILMENT
2026-06-05 11:10:00,86.34,45.27,95.0,89.94,-20.0,28.34,UNAVOIDABLE_CURTAILMENT
2026-06-05 11:15:00,92.45,44.92,95.0,90.94,-20.0,28.45,UNAVOIDABLE_CURTAILMENT
2026-06-05 11:20:00,97.41,45.68,95.0,89.78,-20.0,28.51,UNAVOIDABLE_CURTAILMENT
2026-06-05 11:25:00,94.63,50.26,95.0,88.88,-20.0,28.77,UNAVOIDABLE_CURTAILMENT
2026-06-05 11:30:00,92.03,50.21,95.0,89.34,-20.0,28.71,UNAVOIDABLE_CURTAILMENT
2026-06-05 11:35:00,91.54,47.29,95.0,91.39,-20.0,28.63,UNAVOIDABLE_CURTAILMENT
2026-06-05 11:40:00,93.57,49.32,95.0,90.38,-20.0,29.46,UNAVOIDABLE_CURTAILMENT
2026-06-05 11:45:00,95.7,43.45,95.0,90.04,-20.0,29.17,UNAVOIDABLE_CURTAILMENT
2026-06-05 11:50:00,89.9,49.73,95.0,88.46,-20.0,29.18,UNAVOIDABLE_CURTAILMENT
2026-06-05 11:55:00,96.33,45.53,95.0,89.51,-20.0,29.58,UNAVOIDABLE_CURTAILMENT
2026-06-05 12:00:00,94.18,47.88,95.0,37.67,-20.0,29.4,UNAVOIDABLE_CURTAILMENT
2026-06-05 12:05:00,91.16,48.8,95.0,37.43,-20.0,30.03,UNAVOIDABLE_CURTAILMENT
2026-06-05 12:10:00,88.33,41.7,95.0,39.0,-20.0,29.98,UNAVOIDABLE_CURTAILMENT
2026-06-05 12:15:00,88.98,50.16,95.0,38.57,-20.0,29.75,UNAVOIDABLE_CURTAILMENT
2026-06-05 12:20:00,94.66,49.85,95.0,38.55,-20.0,30.28,UNAVOIDABLE_CURTAILMENT
2026-06-05 12:25:00,91.33,50.11,95.0,37.62,-20.0,30.11,UNAVOIDABLE_CURTAILMENT
2026-06-05 12:30:00,95.01,49.85,95.0,38.54,-20.0,30.74,UNAVOIDABLE_CURTAILMENT
2026-06-05 12:35:00,95.86,45.93,95.0,37.27,-20.0,30.55,UNAVOIDABLE_CURTAILMENT
2026-06-05 12:40:00,87.98,50.19,95.0,37.59,-20.0,30.18,UNAVOIDABLE_CURTAILMENT
2026-06-05 12:45:00,89.01,48.56,95.0,38.11,-20.0,30.77,UNAVOIDABLE_CURTAILMENT
2026-06-05 12:50:00,87.19,43.22,95.0,38.31,-20.0,30.37,UNAVOIDABLE_CURTAILMENT
2026-06-05 12:55:00,92.68,50.09,95.0,37.7,-20.0,30.97,UNAVOIDABLE_CURTAILMENT
2026-06-05 13:00:00,93.83,49.75,95.0,54.54,-20.0,30.88,UNAVOIDABLE_CURTAILMENT
2026-06-05 13:05:00,88.69,49.79,95.0,54.53,-20.0,30.69,UNAVOIDABLE_CURTAILMENT
2026-06-05 13:10:00,90.45,37.42,95.0,54.67,-20.0,31.27,UNAVOIDABLE_CURTAILMENT
2026-06-05 13:15:00,85.67,34.81,95.0,54.34,-20.0,30.99,UNAVOIDABLE_CURTAILMENT
2026-06-05 13:20:00,85.2,50.23,95.0,54.28,-20.0,31.25,UNAVOIDABLE_CURTAILMENT
2026-06-05 13:25:00,82.05,45.43,95.0,55.0,-20.0,31.53,UNAVOIDABLE_CURTAILMENT
2026-06-05 13:30:00,86.23,45.03,95.0,54.17,-20.0,31.35,UNAVOIDABLE_CURTAILMENT
2026-06-05 13:35:00,89.37,41.82,95.0,55.85,-20.0,31.21,UNAVOIDABLE_CURTAILMENT
2026-06-05 13:40:00,84.98,40.9,95.0,54.74,-20.0,31.89,UNAVOIDABLE_CURTAILMENT
2026-06-05 13:45:00,83.55,42.03,95.0,54.8,-20.0,31.91,UNAVOIDABLE_CURTAILMENT
2026-06-05 13:50:00,82.08,39.57,95.0,55.78,-20.0,31.81,UNAVOIDABLE_CURTAILMENT
2026-06-05 13:55:00,83.51,29.54,95.0,55.58,-20.0,31.87,UNAVOIDABLE_CURTAILMENT
2026-06-05 14:00:00,82.21,37.52,95.0,55.02,-20.0,31.84,UNAVOIDABLE_CURTAILMENT
2026-06-05 14:05:00,83.12,44.18,95.0,55.58,-20.0,32.04,UNAVOIDABLE_CURTAILMENT
2026-06-05 14:10:00,77.61,30.78,95.0,55.06,-20.0,32.13,UNAVOIDABLE_CURTAILMENT
2026-06-05 14:15:00,75.24,34.05,95.0,55.52,-20.0,32.22,UNAVOIDABLE_CURTAILMENT
2026-06-05 14:20:00,74.54,42.11,95.0,55.03,-20.0,31.55,UNAVOIDABLE_CURTAILMENT
2026-06-05 14:25:00,76.34,46.52,95.0,53.72,-20.0,31.83,UNAVOIDABLE_CURTAILMENT
2026-06-05 14:30:00,71.75,39.64,95.0,54.9,-20.0,31.95,UNAVOIDABLE_CURTAILMENT
2026-06-05 14:35:00,69.01,32.89,95.0,53.69,-20.0,31.7,UNAVOIDABLE_CURTAILMENT
2026-06-05 14:40:00,72.38,42.1,95.0,55.6,-20.0,32.18,UNAVOIDABLE_CURTAILMENT
2026-06-05 14:45:00,70.8,30.2,95.0,54.85,-20.0,31.72,UNAVOIDABLE_CURTAILMENT
2026-06-05 14:50:00,71.15,24.03,95.0,54.62,-20.0,32.13,UNAVOIDABLE_CURTAILMENT
2026-06-05 14:55:00,66.74,22.64,95.0,56.4,-20.0,31.68,UNAVOIDABLE_CURTAILMENT
2026-06-05 15:00:00,66.29,29.33,95.0,56.51,-20.0,31.98,UNAVOIDABLE_CURTAILMENT
2026-06-05 15:05:00,62.21,27.79,95.0,54.29,-20.0,32.35,UNAVOIDABLE_CURTAILMENT
2026-06-05 15:10:00,61.48,33.83,95.0,54.79,-20.0,31.96,UNAVOIDABLE_CURTAILMENT
2026-06-05 15:15:00,59.52,35.01,95.0,55.4,-20.0,31.81,UNAVOIDABLE_CURTAILMENT
2026-06-05 15:20:00,61.79,37.98,95.0,54.74,-20.0,31.9,UNAVOIDABLE_CURTAILMENT
2026-06-05 15:25:00,55.97,24.56,95.0,55.1,-20.0,31.59,UNAVOIDABLE_CURTAILMENT
2026-06-05 15:30:00,57.16,35.34,95.0,56.52,-20.0,31.6,UNAVOIDABLE_CURTAILMENT
2026-06-05 15:35:00,55.41,21.42,95.0,55.35,-20.0,32.09,UNAVOIDABLE_CURTAILMENT
2026-06-05 15:40:00,54.87,31.22,95.0,55.57,-20.0,31.88,UNAVOIDABLE_CURTAILMENT
2026-06-05 15:45:00,51.84,19.26,95.0,54.33,-16.77,31.58,GRID_EXPORT
2026-06-05 15:50:00,51.99,23.57,95.0,55.3,-20.0,31.94,UNAVOIDABLE_CURTAILMENT
2026-06-05 15:55:00,49.29,20.32,95.0,54.89,-14.73,31.98,GRID_EXPORT
2026-06-05 16:00:00,45.31,17.52,95.0,56.36,-6.47,31.76,GRID_EXPORT
2026-06-05 16:05:00,44.0,21.08,95.0,55.3,-9.78,31.76,GRID_EXPORT
2026-06-05 16:10:00,40.82,27.62,95.0,53.56,-14.88,31.68,GRID_EXPORT
2026-06-05 16:15:00,38.61,25.9,95.0,55.56,-8.95,31.77,GRID_EXPORT
2026-06-05 16:20:00,41.18,15.42,95.0,56.12,-0.48,31.58,GRID_EXPORT
2026-06-05 16:25:00,36.61,25.62,95.0,54.71,-7.52,31.35,GRID_EXPORT
2026-06-05 16:30:00,36.01,15.61,94.83,55.51,0.0,31.42,NORMAL_OPERATION
2026-06-05 16:35:00,35.1,22.38,94.91,55.35,0.0,31.4,BATTERY_CHARGING
2026-06-05 16:40:00,33.09,27.35,95.0,55.42,-2.84,31.64,GRID_EXPORT
2026-06-05 16:45:00,29.98,26.49,95.0,55.26,-1.21,31.34,GRID_EXPORT
2026-06-05 16:50:00,27.62,12.99,94.4,54.4,0.0,31.34,NORMAL_OPERATION
2026-06-05 16:55:00,25.96,23.16,94.14,54.96,0.0,31.4,NORMAL_OPERATION
2026-06-05 17:00:00,23.34,16.18,94.33,34.77,0.0,31.32,BATTERY_CHARGING
2026-06-05 17:05:00,20.88,15.8,94.38,35.45,0.0,30.6,BATTERY_CHARGING
2026-06-05 17:10:00,19.29,19.57,94.56,34.24,0.0,30.99,BATTERY_CHARGING
2026-06-05 17:15:00,18.22,12.23,94.34,35.54,0.0,30.81,NORMAL_OPERATION
2026-06-05 17:20:00,15.95,16.87,94.21,35.57,0.0,30.16,NORMAL_OPERATION
2026-06-05 17:25:00,14.65,20.08,94.22,34.64,0.0,30.81,BATTERY_CHARGING
2026-06-05 17:30:00,12.87,21.68,94.18,35.43,0.0,30.09,NORMAL_OPERATION
2026-06-05 17:35:00,9.96,9.91,93.51,35.09,0.0,30.34,NORMAL_OPERATION
2026-06-05 17:40:00,8.16,13.0,92.88,35.57,0.0,30.49,NORMAL_OPERATION
2026-06-05 17:45:00,5.62,15.84,92.28,35.17,0.0,30.24,NORMAL_OPERATION
2026-06-05 17:50:00,4.42,13.58,91.55,34.73,0.0,29.59,NORMAL_OPERATION
2026-06-05 17:55:00,2.26,11.01,90.58,35.28,0.0,29.84,NORMAL_OPERATION
2026-06-05 18:00:00,0.07,12.33,89.63,34.1,0.0,29.64,NORMAL_OPERATION
2026-06-05 18:05:00,0.0,9.64,88.51,35.21,0.0,29.86,NORMAL_OPERATION
2026-06-05 18:10:00,0.0,16.0,87.67,34.99,0.0,29.45,NORMAL_OPERATION
2026-06-05 18:15:00,0.0,15.38,86.83,34.55,0.0,29.34,NORMAL_OPERATION
2026-06-05 18:20:00,0.0,8.86,85.69,34.97,0.0,29.51,NORMAL_OPERATION
2026-06-05 18:25:00,0.0,8.16,84.54,34.23,0.0,29.05,NORMAL_OPERATION
2026-06-05 18:30:00,0.0,15.12,83.69,34.54,0.0,28.6,NORMAL_OPERATION
2026-06-05 18:35:00,0.0,11.45,82.65,35.14,0.0,28.74,NORMAL_OPERATION
2026-06-05 18:40:00,0.0,15.62,81.8,35.2,0.0,28.19,NORMAL_OPERATION
2026-06-05 18:45:00,0.0,11.26,80.74,35.33,0.0,28.57,NORMAL_OPERATION
2026-06-05 18:50:00,0.0,10.63,79.7,34.3,0.0,28.69,NORMAL_OPERATION
2026-06-05 18:55:00,0.0,7.45,78.5,34.88,0.0,28.41,NORMAL_OPERATION
2026-06-05 19:00:00,0.0,7.48,77.31,34.55,0.0,28.37,NORMAL_OPERATION
2026-06-05 19:05:00,0.0,7.59,76.11,35.05,0.0,27.95,NORMAL_OPERATION
2026-06-05 19:10:00,0.0,7.41,74.9,35.0,0.0,27.61,NORMAL_OPERATION
2026-06-05 19:15:00,0.0,11.37,73.82,35.91,0.0,27.57,NORMAL_OPERATION
2026-06-05 19:20:00,0.0,10.42,72.72,35.58,0.0,27.14,NORMAL_OPERATION
2026-06-05 19:25:00,0.0,13.65,71.8,34.61,0.0,27.16,NORMAL_OPERATION
2026-06-05 19:30:00,0.0,5.91,70.55,34.41,0.0,27.14,NORMAL_OPERATION
2026-06-05 19:35:00,0.0,7.42,69.36,34.6,0.0,26.55,NORMAL_OPERATION
2026-06-05 19:40:00,0.0,4.97,68.03,35.08,0.0,27.03,NORMAL_OPERATION
2026-06-05 19:45:00,0.0,12.06,67.05,34.62,0.0,26.47,NORMAL_OPERATION
2026-06-05 19:50:00,0.0,7.95,65.85,35.17,0.0,26.25,NORMAL_OPERATION
2026-06-05 19:55:00,0.0,8.75,64.68,35.44,0.0,26.53,NORMAL_OPERATION
2026-06-05 20:00:00,0.0,6.62,63.41,35.67,0.0,26.43,NORMAL_OPERATION
2026-06-05 20:05:00,0.0,10.61,62.35,34.74,0.0,25.93,NORMAL_OPERATION
2026-06-05 20:10:00,0.0,5.2,61.07,34.33,0.0,25.34,NORMAL_OPERATION
2026-06-05 20:15:00,0.0,9.2,59.9,35.88,0.0,25.75,NORMAL_OPERATION
2026-06-05 20:20:00,0.0,8.91,58.77,34.78,0.0,25.19,NORMAL_OPERATION
2026-06-05 20:25:00,0.0,5.66,57.47,35.15,0.0,25.46,NORMAL_OPERATION
2026-06-05 20:30:00,0.0,5.76,56.15,35.84,0.0,25.35,NORMAL_OPERATION
2026-06-05 20:35:00,0.0,4.44,54.84,34.47,0.0,24.8,NORMAL_OPERATION
2026-06-05 20:40:00,0.0,4.2,53.47,35.42,0.0,25.05,NORMAL_OPERATION
2026-06-05 20:45:00,0.0,10.63,52.4,34.88,0.0,24.52,NORMAL_OPERATION
2026-06-05 20:50:00,0.0,6.85,51.12,36.03,0.0,24.53,NORMAL_OPERATION
2026-06-05 20:55:00,0.0,7.52,49.88,35.8,0.0,24.33,NORMAL_OPERATION
2026-06-05 21:00:00,0.0,8.49,48.73,34.73,0.0,24.17,NORMAL_OPERATION
2026-06-05 21:05:00,0.0,9.53,47.61,35.11,0.0,24.19,NORMAL_OPERATION
2026-06-05 21:10:00,0.0,7.77,46.39,35.63,0.0,23.74,NORMAL_OPERATION
2026-06-05 21:15:00,0.0,9.05,45.24,35.29,0.0,23.26,NORMAL_OPERATION
2026-06-05 21:20:00,0.0,5.59,43.96,34.63,0.0,23.24,NORMAL_OPERATION
2026-06-05 21:25:00,0.0,8.35,42.83,34.27,0.0,22.93,NORMAL_OPERATION
2026-06-05 21:30:00,0.0,8.08,41.65,34.94,0.0,22.79,NORMAL_OPERATION
2026-06-05 21:35:00,0.0,7.32,40.42,35.24,0.0,22.63,NORMAL_OPERATION
2026-06-05 21:40:00,0.0,6.21,39.17,34.84,0.0,22.58,NORMAL_OPERATION
2026-06-05 21:45:00,0.0,3.51,37.77,35.44,0.0,22.3,NORMAL_OPERATION
2026-06-05 21:50:00,0.0,6.21,36.53,34.34,0.0,22.15,NORMAL_OPERATION
2026-06-05 21:55:00,0.0,6.17,35.29,34.54,0.0,21.82,NORMAL_OPERATION
2026-06-05 22:00:00,0.0,5.01,33.99,34.69,0.0,21.71,NORMAL_OPERATION
2026-06-05 22:05:00,0.0,5.85,32.69,35.34,0.0,22.01,NORMAL_OPERATION
2026-06-05 22:10:00,0.0,5.37,31.38,35.41,0.0,21.48,NORMAL_OPERATION
2026-06-05 22:15:00,0.0,5.59,30.06,35.63,0.0,21.18,NORMAL_OPERATION
2026-06-05 22:20:00,0.0,6.15,28.79,35.12,0.0,20.99,NORMAL_OPERATION
2026-06-05 22:25:00,0.0,8.55,27.62,35.24,0.0,21.04,NORMAL_OPERATION
2026-06-05 22:30:00,0.0,6.35,26.32,35.88,0.0,21.15,NORMAL_OPERATION
2026-06-05 22:35:00,0.0,4.07,25.01,34.03,0.0,20.69,NORMAL_OPERATION
2026-06-05 22:40:00,0.0,4.78,23.68,35.19,0.0,20.62,NORMAL_OPERATION
2026-06-05 22:45:00,0.0,6.02,22.42,34.65,0.0,20.84,NORMAL_OPERATION
2026-06-05 22:50:00,0.0,4.4,21.08,34.87,0.0,20.51,NORMAL_OPERATION
2026-06-05 22:55:00,0.0,10.58,20.02,34.79,0.0,20.37,NORMAL_OPERATION
2026-06-05 23:00:00,0.0,9.0,20.0,35.32,25.83,19.76,GRID_FALLBACK
2026-06-05 23:05:00,0.0,7.33,20.0,35.05,27.72,19.59,GRID_FALLBACK
2026-06-05 23:10:00,0.0,10.8,20.0,35.64,24.84,19.41,GRID_FALLBACK
2026-06-05 23:15:00,0.0,4.11,20.0,34.74,30.63,19.65,GRID_FALLBACK
2026-06-05 23:20:00,0.0,5.8,20.0,34.97,29.17,19.52,GRID_FALLBACK
2026-06-05 23:25:00,0.0,5.46,20.0,34.56,29.1,19.38,GRID_FALLBACK
2026-06-05 23:30:00,0.0,4.28,20.0,34.0,29.72,19.06,GRID_FALLBACK
2026-06-05 23:35:00,0.0,6.97,20.0,35.41,28.44,19.19,GRID_FALLBACK
2026-06-05 23:40:00,0.0,6.32,20.0,34.45,28.13,18.61,GRID_FALLBACK
2026-06-05 23:45:00,0.0,10.43,20.0,34.87,24.44,18.34,GRID_FALLBACK
2026-06-05 23:50:00,0.0,7.72,20.0,34.88,27.16,18.48,GRID_FALLBACK
2026-06-05 23:55:00,0.0,10.97,20.0,34.55,23.58,18.24,GRID_FALLBACK
2026-06-06 00:00:00,0.0,1.06,20.0,19.97,18.91,18.04,GRID_FALLBACK
2026-06-06 00:05:00,0.0,0.11,20.0,19.95,19.84,18.38,GRID_FALLBACK
2026-06-06 00:10:00,0.0,0.19,20.0,19.95,19.76,18.28,GRID_FALLBACK
2026-06-06 00:15:00,0.0,0.24,20.0,20.59,20.35,17.74,GRID_FALLBACK
2026-06-06 00:20:00,0.0,1.18,20.0,20.08,18.9,18.2,GRID_FALLBACK
2026-06-06 00:25:00,0.0,0.44,20.0,20.43,19.99,18.09,GRID_FALLBACK
2026-06-06 00:30:00,0.0,0.87,20.0,19.36,18.49,17.27,GRID_FALLBACK
2026-06-06 00:35:00,0.0,0.9,20.0,20.18,19.28,17.6,GRID_FALLBACK
2026-06-06 00:40:00,0.0,1.57,20.0,19.82,18.25,17.59,GRID_FALLBACK
2026-06-06 00:45:00,0.0,0.52,20.0,19.58,19.06,17.26,GRID_FALLBACK
2026-06-06 00:50:00,0.0,1.04,20.0,20.55,19.51,16.98,GRID_FALLBACK
2026-06-06 00:55:00,0.0,0.76,20.0,19.64,18.88,17.13,GRID_FALLBACK
2026-06-06 01:00:00,0.0,0.34,20.0,19.39,19.05,17.24,GRID_FALLBACK
2026-06-06 01:05:00,0.0,1.65,20.0,20.29,18.64,16.62,GRID_FALLBACK
2026-06-06 01:10:00,0.0,0.48,20.0,20.34,19.86,17.14,GRID_FALLBACK
2026-06-06 01:15:00,0.0,1.1,20.0,19.62,18.52,16.43,GRID_FALLBACK
2026-06-06 01:20:00,0.0,1.42,20.0,19.98,18.56,16.91,GRID_FALLBACK
2026-06-06 01:25:00,0.0,1.74,20.0,20.16,18.42,16.54,GRID_FALLBACK
2026-06-06 01:30:00,0.0,2.32,20.0,20.32,18.0,16.98,GRID_FALLBACK
2026-06-06 01:35:00,0.0,0.46,20.0,20.17,19.71,16.77,GRID_FALLBACK
2026-06-06 01:40:00,0.0,1.48,20.0,20.24,18.76,16.61,GRID_FALLBACK
2026-06-06 01:45:00,0.0,1.41,20.0,20.46,19.05,16.2,GRID_FALLBACK
2026-06-06 01:50:00,0.0,1.89,20.0,20.11,18.22,16.09,GRID_FALLBACK
2026-06-06 01:55:00,0.0,0.73,20.0,20.18,19.45,15.99,GRID_FALLBACK
2026-06-06 02:00:00,0.0,1.83,20.0,19.32,17.49,16.27,GRID_FALLBACK
2026-06-06 02:05:00,0.0,1.8,20.0,19.31,17.51,15.97,GRID_FALLBACK
2026-06-06 02:10:00,0.0,3.2,20.0,19.62,16.42,15.99,GRID_FALLBACK
2026-06-06 02:15:00,0.0,1.96,20.0,19.59,17.63,16.34,GRID_FALLBACK
2026-06-06 02:20:00,0.0,2.19,20.0,19.39,17.2,16.38,GRID_FALLBACK
2026-06-06 02:25:00,0.0,2.24,20.0,19.79,17.55,15.76,GRID_FALLBACK
2026-06-06 02:30:00,0.0,2.75,20.0,19.96,17.21,16.43,GRID_FALLBACK
2026-06-06 02:35:00,0.0,2.24,20.0,19.74,17.5,15.81,GRID_FALLBACK
2026-06-06 02:40:00,0.0,0.99,20.0,20.27,19.28,15.9,GRID_FALLBACK
2026-06-06 02:45:00,0.0,1.15,20.0,19.8,18.65,15.72,GRID_FALLBACK
2026-06-06 02:50:00,0.0,4.09,20.0,19.48,15.39,16.28,GRID_FALLBACK
2026-06-06 02:55:00,0.0,1.61,20.0,20.31,18.7,15.72,GRID_FALLBACK
2026-06-06 03:00:00,0.0,1.4,20.0,19.44,18.04,16.31,GRID_FALLBACK
2026-06-06 03:05:00,0.0,2.2,20.0,19.89,17.69,15.68,GRID_FALLBACK
2026-06-06 03:10:00,0.0,4.7,20.0,19.91,15.21,16.35,GRID_FALLBACK
2026-06-06 03:15:00,0.0,3.76,20.0,19.75,15.99,16.04,GRID_FALLBACK
2026-06-06 03:20:00,0.0,2.52,20.0,19.85,17.33,15.87,GRID_FALLBACK
2026-06-06 03:25:00,0.0,4.79,20.0,19.96,15.17,16.18,GRID_FALLBACK
2026-06-06 03:30:00,0.0,2.07,20.0,20.05,17.98,15.67,GRID_FALLBACK
2026-06-06 03:35:00,0.0,5.03,20.0,19.72,14.69,16.01,GRID_FALLBACK
2026-06-06 03:40:00,0.0,2.76,20.0,19.89,17.13,16.18,GRID_FALLBACK
2026-06-06 03:45:00,0.0,3.06,20.0,20.04,16.98,15.9,GRID_FALLBACK
2026-06-06 03:50:00,0.0,3.27,20.0,20.39,17.12,16.12,GRID_FALLBACK
2026-06-06 03:55:00,0.0,4.2,20.0,20.05,15.85,16.03,GRID_FALLBACK
2026-06-06 04:00:00,0.0,4.83,20.0,19.97,15.14,16.53,GRID_FALLBACK
2026-06-06 04:05:00,0.0,5.76,20.0,19.44,13.68,16.47,GRID_FALLBACK
2026-06-06 04:10:00,0.0,5.09,20.0,20.71,15.62,16.77,GRID_FALLBACK
2026-06-06 04:15:00,0.0,7.22,20.0,20.56,13.34,16.07,GRID_FALLBACK
2026-06-06 04:20:00,0.0,7.51,20.0,20.72,13.21,16.32,GRID_FALLBACK
2026-06-06 04:25:00,0.0,3.1,20.0,19.92,16.82,16.34,GRID_FALLBACK
2026-06-06 04:30:00,0.0,3.12,20.0,20.39,17.27,16.77,GRID_FALLBACK
2026-06-06 04:35:00,0.0,3.47,20.0,20.56,17.09,16.84,GRID_FALLBACK
2026-06-06 04:40:00,0.0,3.65,20.0,19.62,15.97,16.37,GRID_FALLBACK
2026-06-06 04:45:00,0.0,4.32,20.0,20.39,16.07,17.08,GRID_FALLBACK
2026-06-06 04:50:00,0.0,5.84,20.0,20.01,14.17,17.06,GRID_FALLBACK
2026-06-06 04:55:00,0.0,4.53,20.0,20.1,15.57,17.14,GRID_FALLBACK
2026-06-06 05:00:00,0.0,3.96,20.0,20.44,16.48,17.27,GRID_FALLBACK
2026-06-06 05:05:00,0.0,9.79,20.0,20.42,10.63,17.46,GRID_FALLBACK
2026-06-06 05:10:00,0.0,5.09,20.0,20.49,15.4,17.42,GRID_FALLBACK
2026-06-06 05:15:00,0.0,5.62,20.0,19.95,14.33,17.73,GRID_FALLBACK
2026-06-06 05:20:00,0.0,8.32,20.0,20.53,12.21,17.19,GRID_FALLBACK
2026-06-06 05:25:00,0.0,9.28,20.0,20.13,10.85,17.52,GRID_FALLBACK
2026-06-06 05:30:00,0.0,6.12,20.0,19.36,13.24,17.9,GRID_FALLBACK
2026-06-06 05:35:00,0.0,5.27,20.0,19.81,14.54,17.84,GRID_FALLBACK
2026-06-06 05:40:00,0.0,11.21,20.0,19.84,8.63,17.52,GRID_FALLBACK
2026-06-06 05:45:00,0.0,7.29,20.0,20.52,13.23,18.1,GRID_FALLBACK
2026-06-06 05:50:00,0.0,5.95,20.0,20.08,14.13,18.15,GRID_FALLBACK
2026-06-06 05:55:00,0.0,7.85,20.0,19.72,11.87,17.83,GRID_FALLBACK
2026-06-06 06:00:00,0.2,14.88,20.0,19.54,4.46,18.54,GRID_FALLBACK
2026-06-06 06:05:00,1.53,13.31,20.0,20.02,5.19,18.66,GRID_FALLBACK
2026-06-06 06:10:00,3.07,8.61,20.0,20.19,8.51,18.66,GRID_FALLBACK
2026-06-06 06:15:00,5.53,14.84,20.0,20.32,0.0,18.4,BATTERY_CHARGING
2026-06-06 06:20:00,6.97,11.16,20.0,20.41,2.28,18.59,GRID_FALLBACK
2026-06-06 06:25:00,8.47,9.76,20.0,20.31,2.09,18.87,GRID_FALLBACK
2026-06-06 06:30:00,10.02,10.46,20.03,19.86,0.0,19.44,BATTERY_CHARGING
2026-06-06 06:35:00,12.57,11.79,20.2,19.86,0.0,18.99,BATTERY_CHARGING
2026-06-06 06:40:00,12.96,15.24,20.55,19.48,0.0,19.45,BATTERY_CHARGING
2026-06-06 06:45:00,16.46,10.19,20.84,19.4,0.0,19.9,BATTERY_CHARGING
2026-06-06 06:50:00,17.96,12.35,21.23,20.47,0.0,19.92,BATTERY_CHARGING
2026-06-06 06:55:00,19.88,13.65,21.75,20.3,0.0,19.56,BATTERY_CHARGING
2026-06-06 07:00:00,19.86,9.5,22.1,20.62,0.0,20.29,BATTERY_CHARGING
2026-06-06 07:05:00,22.07,13.49,22.69,20.49,0.0,20.05,BATTERY_CHARGING
2026-06-06 07:10:00,23.8,16.58,23.5,20.03,0.0,20.4,BATTERY_CHARGING
2026-06-06 07:15:00,26.74,10.4,24.2,19.51,0.0,20.74,BATTERY_CHARGING
2026-06-06 07:20:00,29.4,13.81,25.1,20.38,0.0,20.59,BATTERY_CHARGING
2026-06-06 07:25:00,29.09,19.88,26.24,20.09,0.0,20.45,BATTERY_CHARGING
2026-06-06 07:30:00,31.83,21.35,27.55,20.19,0.0,20.8,BATTERY_CHARGING
2026-06-06 07:35:00,34.6,11.2,28.57,20.03,0.0,20.92,BATTERY_CHARGING
2026-06-06 07:40:00,34.37,13.78,29.69,19.82,0.0,20.89,BATTERY_CHARGING
2026-06-06 07:45:00,38.34,20.33,31.22,20.05,0.0,21.41,BATTERY_CHARGING
2026-06-06 07:50:00,39.28,10.92,32.42,19.93,0.0,21.7,BATTERY_CHARGING
2026-06-06 07:55:00,38.57,18.05,33.86,20.09,0.0,22.06,BATTERY_CHARGING
2026-06-06 08:00:00,40.9,19.45,35.47,19.8,0.0,22.25,BATTERY_CHARGING
2026-06-06 08:05:00,41.19,12.36,36.8,19.97,0.0,22.08,BATTERY_CHARGING
2026-06-06 08:10:00,46.23,20.36,38.65,19.68,0.0,22.18,BATTERY_CHARGING
2026-06-06 08:15:00,46.31,23.73,40.62,20.38,0.0,22.53,BATTERY_CHARGING
2026-06-06 08:20:00,48.02,16.34,42.37,20.13,0.0,22.46,BATTERY_CHARGING
2026-06-06 08:25:00,47.71,17.33,44.15,20.15,0.0,23.16,BATTERY_CHARGING
2026-06-06 08:30:00,49.07,24.14,46.13,20.01,-3.2,22.66,GRID_EXPORT
2026-06-06 08:35:00,50.05,13.35,47.84,20.12,0.0,23.07,BATTERY_CHARGING
2026-06-06 08:40:00,51.51,11.87,49.57,19.75,0.0,23.68,BATTERY_CHARGING
2026-06-06 08:45:00,50.78,20.5,51.55,19.9,-1.38,23.48,GRID_EXPORT
2026-06-06 08:50:00,54.34,18.16,53.53,19.42,-3.08,23.53,GRID_EXPORT
2026-06-06 08:55:00,57.88,19.29,55.5,20.09,-7.08,23.77,GRID_EXPORT
2026-06-06 09:00:00,57.32,15.32,57.48,20.64,-2.01,24.15,GRID_EXPORT
2026-06-06 09:05:00,55.82,13.34,59.43,20.06,0.0,24.57,BATTERY_CHARGING
2026-06-06 09:10:00,56.88,24.8,61.41,19.99,-11.69,24.35,GRID_EXPORT
2026-06-06 09:15:00,61.66,17.35,63.39,19.88,-9.13,24.15,GRID_EXPORT
2026-06-06 09:20:00,62.12,13.81,65.37,20.36,-5.57,24.45,GRID_EXPORT
2026-06-06 09:25:00,60.28,22.11,67.34,19.71,-12.68,25.13,GRID_EXPORT
2026-06-06 09:30:00,60.83,15.58,69.32,20.24,-6.17,24.87,GRID_EXPORT
2026-06-06 09:35:00,60.8,17.55,71.3,19.58,-8.77,25.01,GRID_EXPORT
2026-06-06 09:40:00,62.58,20.17,73.28,20.75,-12.01,25.64,GRID_EXPORT
2026-06-06 09:45:00,62.64,14.84,75.26,20.51,-6.96,25.35,GRID_EXPORT
2026-06-06 09:50:00,70.85,20.77,77.24,19.92,-21.71,25.79,GRID_EXPORT
2026-06-06 09:55:00,68.98,13.79,79.22,20.08,-12.69,25.92,GRID_EXPORT
2026-06-06 10:00:00,65.73,20.66,81.2,20.32,-16.07,26.3,GRID_EXPORT
2026-06-06 10:05:00,73.54,17.97,83.18,19.81,-21.7,26.0,GRID_EXPORT
2026-06-06 10:10:00,66.69,13.55,85.16,20.02,-10.22,26.57,GRID_EXPORT
2026-06-06 10:15:00,69.88,16.89,87.14,20.28,-16.48,26.53,GRID_EXPORT
2026-06-06 10:20:00,74.57,22.91,89.12,20.37,-27.11,26.76,GRID_EXPORT
2026-06-06 10:25:00,68.91,20.53,91.09,19.84,-19.59,26.72,GRID_EXPORT
2026-06-06 10:30:00,72.21,13.73,93.07,20.15,-15.8,27.03,GRID_EXPORT
2026-06-06 10:35:00,75.07,23.65,95.0,19.7,-30.35,27.22,GRID_EXPORT
2026-06-06 10:40:00,70.47,13.27,95.0,19.76,-50.0,27.04,UNAVOIDABLE_CURTAILMENT
2026-06-06 10:45:00,71.51,14.37,95.0,19.72,-50.0,27.86,UNAVOIDABLE_CURTAILMENT
2026-06-06 10:50:00,80.36,25.62,95.0,20.05,-50.0,27.78,UNAVOIDABLE_CURTAILMENT
2026-06-06 10:55:00,79.59,21.71,95.0,19.41,-50.0,27.89,UNAVOIDABLE_CURTAILMENT
2026-06-06 11:00:00,76.72,13.79,95.0,19.44,-50.0,27.62,UNAVOIDABLE_CURTAILMENT
2026-06-06 11:05:00,79.9,21.23,95.0,19.76,-50.0,28.01,UNAVOIDABLE_CURTAILMENT
2026-06-06 11:10:00,78.21,18.55,95.0,20.24,-50.0,28.66,UNAVOIDABLE_CURTAILMENT
2026-06-06 11:15:00,78.02,13.92,95.0,20.42,-50.0,28.45,UNAVOIDABLE_CURTAILMENT
2026-06-06 11:20:00,79.02,18.69,95.0,19.99,-50.0,28.41,UNAVOIDABLE_CURTAILMENT
2026-06-06 11:25:00,77.82,22.95,95.0,20.44,-50.0,29.09,UNAVOIDABLE_CURTAILMENT
2026-06-06 11:30:00,77.08,16.32,95.0,19.95,-50.0,28.97,UNAVOIDABLE_CURTAILMENT
2026-06-06 11:35:00,81.63,11.68,95.0,19.96,-50.0,28.66,UNAVOIDABLE_CURTAILMENT
2026-06-06 11:40:00,76.72,23.63,95.0,19.34,-50.0,29.4,UNAVOIDABLE_CURTAILMENT
2026-06-06 11:45:00,75.23,14.92,95.0,20.08,-50.0,29.13,UNAVOIDABLE_CURTAILMENT
2026-06-06 11:50:00,81.66,14.28,95.0,19.81,-50.0,29.63,UNAVOIDABLE_CURTAILMENT
2026-06-06 11:55:00,74.43,17.07,95.0,20.12,-50.0,29.77,UNAVOIDABLE_CURTAILMENT
2026-06-06 12:00:00,81.18,17.46,95.0,20.1,-50.0,29.34,UNAVOIDABLE_CURTAILMENT
2026-06-06 12:05:00,78.94,19.25,95.0,19.64,-50.0,30.09,UNAVOIDABLE_CURTAILMENT
2026-06-06 12:10:00,78.21,22.46,95.0,19.43,-50.0,30.14,UNAVOIDABLE_CURTAILMENT
2026-06-06 12:15:00,79.2,16.35,95.0,20.36,-50.0,29.88,UNAVOIDABLE_CURTAILMENT
2026-06-06 12:20:00,74.27,12.72,95.0,20.14,-50.0,30.52,UNAVOIDABLE_CURTAILMENT
2026-06-06 12:25:00,81.8,16.73,95.0,19.78,-50.0,30.57,UNAVOIDABLE_CURTAILMENT
2026-06-06 12:30:00,79.65,17.89,95.0,19.94,-50.0,30.53,UNAVOIDABLE_CURTAILMENT
2026-06-06 12:35:00,78.3,16.86,95.0,20.63,-50.0,30.54,UNAVOIDABLE_CURTAILMENT
2026-06-06 12:40:00,77.88,15.6,95.0,19.25,-50.0,30.25,UNAVOIDABLE_CURTAILMENT
2026-06-06 12:45:00,78.42,16.19,95.0,19.48,-50.0,30.34,UNAVOIDABLE_CURTAILMENT
2026-06-06 12:50:00,77.95,18.73,95.0,20.65,-50.0,31.07,UNAVOIDABLE_CURTAILMENT
2026-06-06 12:55:00,73.69,9.55,95.0,19.47,-50.0,30.65,UNAVOIDABLE_CURTAILMENT
2026-06-06 13:00:00,72.14,10.8,95.0,19.61,-50.0,31.02,UNAVOIDABLE_CURTAILMENT
2026-06-06 13:05:00,72.04,15.83,95.0,20.41,-50.0,30.71,UNAVOIDABLE_CURTAILMENT
2026-06-06 13:10:00,78.04,12.92,95.0,20.45,-50.0,31.05,UNAVOIDABLE_CURTAILMENT
2026-06-06 13:15:00,71.56,9.7,95.0,19.55,-50.0,31.03,UNAVOIDABLE_CURTAILMENT
2026-06-06 13:20:00,70.1,13.82,95.0,19.45,-50.0,31.3,UNAVOIDABLE_CURTAILMENT
2026-06-06 13:25:00,76.27,7.52,95.0,20.13,-50.0,31.7,UNAVOIDABLE_CURTAILMENT
2026-06-06 13:30:00,74.77,12.48,95.0,20.51,-50.0,31.07,UNAVOIDABLE_CURTAILMENT
2026-06-06 13:35:00,71.79,8.19,95.0,20.25,-50.0,31.31,UNAVOIDABLE_CURTAILMENT
2026-06-06 13:40:00,66.46,14.98,95.0,20.09,-50.0,31.41,UNAVOIDABLE_CURTAILMENT
2026-06-06 13:45:00,73.22,8.99,95.0,19.94,-50.0,31.4,UNAVOIDABLE_CURTAILMENT
2026-06-06 13:50:00,67.27,8.21,95.0,19.4,-50.0,31.93,UNAVOIDABLE_CURTAILMENT
2026-06-06 13:55:00,69.06,8.18,95.0,19.54,-50.0,31.81,UNAVOIDABLE_CURTAILMENT
2026-06-06 14:00:00,67.03,10.0,95.0,19.53,-50.0,31.45,UNAVOIDABLE_CURTAILMENT
2026-06-06 14:05:00,64.37,8.98,95.0,19.96,-50.0,31.89,UNAVOIDABLE_CURTAILMENT
2026-06-06 14:10:00,65.86,8.82,95.0,20.42,-50.0,31.83,UNAVOIDABLE_CURTAILMENT
2026-06-06 14:15:00,68.14,5.7,95.0,19.33,-50.0,31.62,UNAVOIDABLE_CURTAILMENT
2026-06-06 14:20:00,62.72,10.81,95.0,19.74,-50.0,31.66,UNAVOIDABLE_CURTAILMENT
2026-06-06 14:25:00,64.76,6.4,95.0,19.72,-50.0,32.21,UNAVOIDABLE_CURTAILMENT
2026-06-06 14:30:00,59.89,5.48,95.0,20.19,-45.18,32.01,GRID_EXPORT
2026-06-06 14:35:00,57.42,6.2,95.0,19.38,-44.24,31.8,GRID_EXPORT
2026-06-06 14:40:00,62.13,4.64,95.0,19.64,-47.14,32.29,GRID_EXPORT
2026-06-06 14:45:00,61.96,9.05,95.0,20.38,-50.0,31.79,UNAVOIDABLE_CURTAILMENT
2026-06-06 14:50:00,57.01,5.64,95.0,20.36,-42.29,32.06,GRID_EXPORT
2026-06-06 14:55:00,53.4,7.3,95.0,19.4,-41.3,32.39,GRID_EXPORT
2026-06-06 15:00:00,53.63,6.55,95.0,20.34,-39.84,31.84,GRID_EXPORT
2026-06-06 15:05:00,54.54,3.81,95.0,20.44,-37.91,31.99,GRID_EXPORT
2026-06-06 15:10:00,50.24,9.56,95.0,19.72,-40.08,32.21,GRID_EXPORT
2026-06-06 15:15:00,54.66,9.94,95.0,19.94,-44.67,32.17,GRID_EXPORT
2026-06-06 15:20:00,52.06,7.68,95.0,20.01,-39.73,31.97,GRID_EXPORT
2026-06-06 15:25:00,46.43,6.69,95.0,20.48,-32.63,31.71,GRID_EXPORT
2026-06-06 15:30:00,47.62,8.88,95.0,19.87,-36.63,32.25,GRID_EXPORT
2026-06-06 15:35:00,47.06,4.87,95.0,19.53,-32.4,32.22,GRID_EXPORT
2026-06-06 15:40:00,45.43,5.83,95.0,20.24,-31.02,31.89,GRID_EXPORT
2026-06-06 15:45:00,44.33,8.14,95.0,20.17,-32.3,32.08,GRID_EXPORT
2026-06-06 15:50:00,39.58,5.48,95.0,19.68,-25.38,31.53,GRID_EXPORT
2026-06-06 15:55:00,42.56,2.51,95.0,19.82,-25.25,32.01,GRID_EXPORT
2026-06-06 16:00:00,38.79,5.29,95.0,19.66,-24.42,31.57,GRID_EXPORT
2026-06-06 16:05:00,36.06,5.12,95.0,19.41,-21.77,31.51,GRID_EXPORT
2026-06-06 16:10:00,33.84,2.71,95.0,19.41,-17.14,31.45,GRID_EXPORT
2026-06-06 16:15:00,35.22,5.59,95.0,20.2,-20.61,31.55,GRID_EXPORT
2026-06-06 16:20:00,33.77,2.85,95.0,20.17,-16.45,31.2,GRID_EXPORT
2026-06-06 16:25:00,30.8,4.46,95.0,19.67,-15.59,31.31,GRID_EXPORT
2026-06-06 16:30:00,31.53,3.71,95.0,19.97,-15.26,31.23,GRID_EXPORT
2026-06-06 16:35:00,28.39,1.93,95.0,20.07,-10.25,31.62,GRID_EXPORT
2026-06-06 16:40:00,26.68,2.82,95.0,19.63,-9.87,31.42,GRID_EXPORT
2026-06-06 16:45:00,23.9,2.66,95.0,20.0,-6.56,31.22,GRID_EXPORT
2026-06-06 16:50:00,23.5,1.61,95.0,19.94,-5.17,30.89,GRID_EXPORT
2026-06-06 16:55:00,21.63,2.36,95.0,20.53,-3.45,31.22,GRID_EXPORT
2026-06-06 17:00:00,21.67,1.26,95.0,20.05,-2.89,30.9,GRID_EXPORT
2026-06-06 17:05:00,18.91,2.4,95.0,19.71,-1.6,30.52,GRID_EXPORT
2026-06-06 17:10:00,16.11,1.11,94.89,19.79,0.0,30.89,NORMAL_OPERATION
2026-06-06 17:15:00,16.13,2.88,94.86,19.69,0.0,30.65,NORMAL_OPERATION
2026-06-06 17:20:00,14.59,2.08,94.74,19.31,0.0,30.94,NORMAL_OPERATION
2026-06-06 17:25:00,12.17,1.01,94.44,20.17,0.0,30.53,NORMAL_OPERATION
2026-06-06 17:30:00,10.69,0.99,94.04,20.67,0.0,30.3,NORMAL_OPERATION
2026-06-06 17:35:00,8.65,2.96,93.65,20.43,0.0,30.51,NORMAL_OPERATION
2026-06-06 17:40:00,7.03,1.0,93.13,19.96,0.0,30.07,NORMAL_OPERATION
2026-06-06 17:45:00,4.88,1.6,92.52,20.44,0.0,30.21,NORMAL_OPERATION
2026-06-06 17:50:00,3.55,1.31,91.87,19.56,0.0,29.89,NORMAL_OPERATION
2026-06-06 17:55:00,1.88,1.39,91.17,19.39,0.0,29.72,NORMAL_OPERATION
2026-06-06 18:00:00,0.0,1.75,90.34,20.68,0.0,29.77,NORMAL_OPERATION
2026-06-06 18:05:00,0.0,0.89,89.48,20.4,0.0,29.51,NORMAL_OPERATION
2026-06-06 18:10:00,0.0,0.97,88.64,20.14,0.0,29.69,NORMAL_OPERATION
2026-06-06 18:15:00,0.0,0.92,87.8,20.12,0.0,28.92,NORMAL_OPERATION
2026-06-06 18:20:00,0.0,0.74,86.95,20.14,0.0,29.31,NORMAL_OPERATION
2026-06-06 18:25:00,0.0,1.43,86.14,19.86,0.0,28.92,NORMAL_OPERATION
2026-06-06 18:30:00,0.0,2.17,85.34,20.29,0.0,29.0,NORMAL_OPERATION
2026-06-06 18:35:00,0.0,2.17,84.57,19.92,0.0,28.43,NORMAL_OPERATION
2026-06-06 18:40:00,0.0,1.77,83.79,19.42,0.0,28.51,NORMAL_OPERATION
2026-06-06 18:45:00,0.0,0.85,82.93,20.55,0.0,28.13,NORMAL_OPERATION
2026-06-06 18:50:00,0.0,0.46,82.06,20.2,0.0,28.55,NORMAL_OPERATION
2026-06-06 18:55:00,0.0,0.68,81.23,19.63,0.0,28.46,NORMAL_OPERATION
2026-06-06 19:00:00,0.0,0.25,80.35,20.33,0.0,27.69,NORMAL_OPERATION
2026-06-06 19:05:00,0.0,0.48,79.49,20.13,0.0,28.12,NORMAL_OPERATION
2026-06-06 19:10:00,0.0,0.32,78.64,19.72,0.0,28.09,NORMAL_OPERATION
2026-06-06 19:15:00,0.0,0.27,77.75,20.5,0.0,27.37,NORMAL_OPERATION
2026-06-06 19:20:00,0.0,0.83,76.91,19.99,0.0,27.13,NORMAL_OPERATION
2026-06-06 19:25:00,0.0,0.42,76.05,19.94,0.0,27.47,NORMAL_OPERATION
2026-06-06 19:30:00,0.0,0.93,75.2,20.5,0.0,26.72,NORMAL_OPERATION
2026-06-06 19:35:00,0.0,0.63,74.35,19.88,0.0,26.9,NORMAL_OPERATION
2026-06-06 19:40:00,0.0,0.18,73.5,19.52,0.0,26.83,NORMAL_OPERATION
2026-06-06 19:45:00,0.0,0.13,72.62,20.16,0.0,26.47,NORMAL_OPERATION
2026-06-06 19:50:00,0.0,0.59,71.79,19.67,0.0,26.1,NORMAL_OPERATION
2026-06-06 19:55:00,0.0,0.22,70.92,19.94,0.0,26.59,NORMAL_OPERATION
2026-06-06 20:00:00,0.0,0.11,70.04,20.29,0.0,26.37,NORMAL_OPERATION
2026-06-06 20:05:00,0.0,0.31,69.19,19.68,0.0,26.25,NORMAL_OPERATION
2026-06-06 20:10:00,0.0,1.01,68.38,19.48,0.0,25.42,NORMAL_OPERATION
2026-06-06 20:15:00,0.0,0.23,67.51,20.05,0.0,25.43,NORMAL_OPERATION
2026-06-06 20:20:00,0.0,0.96,66.66,20.39,0.0,25.43,NORMAL_OPERATION
2026-06-06 20:25:00,0.0,0.98,65.8,20.53,0.0,25.01,NORMAL_OPERATION
2026-06-06 20:30:00,0.0,1.02,64.94,20.51,0.0,25.26,NORMAL_OPERATION
2026-06-06 20:35:00,0.0,0.37,64.07,20.31,0.0,24.96,NORMAL_OPERATION
2026-06-06 20:40:00,0.0,0.32,63.2,20.11,0.0,24.33,NORMAL_OPERATION
2026-06-06 20:45:00,0.0,0.93,62.4,19.25,0.0,24.37,NORMAL_OPERATION
2026-06-06 20:50:00,0.0,0.32,61.51,20.47,0.0,24.57,NORMAL_OPERATION
2026-06-06 20:55:00,0.0,0.05,60.62,20.38,0.0,24.36,NORMAL_OPERATION
2026-06-06 21:00:00,0.0,0.07,59.74,20.18,0.0,23.94,NORMAL_OPERATION
2026-06-06 21:05:00,0.0,0.09,58.88,19.67,0.0,24.21,NORMAL_OPERATION
2026-06-06 21:10:00,0.0,0.1,57.99,20.48,0.0,23.44,NORMAL_OPERATION
2026-06-06 21:15:00,0.0,0.87,57.16,19.65,0.0,23.71,NORMAL_OPERATION
2026-06-06 21:20:00,0.0,0.06,56.32,19.41,0.0,23.55,NORMAL_OPERATION
2026-06-06 21:25:00,0.0,0.1,55.45,19.86,0.0,23.01,NORMAL_OPERATION
2026-06-06 21:30:00,0.0,0.04,54.58,19.78,0.0,22.94,NORMAL_OPERATION
2026-06-06 21:35:00,0.0,0.15,53.7,20.25,0.0,22.78,NORMAL_OPERATION
2026-06-06 21:40:00,0.0,0.51,52.85,19.88,0.0,22.78,NORMAL_OPERATION
2026-06-06 21:45:00,0.0,0.41,52.0,19.74,0.0,22.46,NORMAL_OPERATION
2026-06-06 21:50:00,0.0,0.34,51.16,19.6,0.0,22.59,NORMAL_OPERATION
2026-06-06 21:55:00,0.0,0.08,50.28,20.07,0.0,21.81,NORMAL_OPERATION
2026-06-06 22:00:00,0.0,0.05,49.38,20.6,0.0,21.83,NORMAL_OPERATION
2026-06-06 22:05:00,0.0,0.05,48.52,19.72,0.0,21.88,NORMAL_OPERATION
2026-06-06 22:10:00,0.0,0.57,47.69,19.45,0.0,21.42,NORMAL_OPERATION
2026-06-06 22:15:00,0.0,0.62,46.86,19.61,0.0,21.52,NORMAL_OPERATION
2026-06-06 22:20:00,0.0,0.19,46.01,19.44,0.0,21.03,NORMAL_OPERATION
2026-06-06 22:25:00,0.0,0.03,45.12,20.34,0.0,21.13,NORMAL_OPERATION
2026-06-06 22:30:00,0.0,0.56,44.26,20.25,0.0,21.28,NORMAL_OPERATION
2026-06-06 22:35:00,0.0,0.2,43.39,20.07,0.0,20.65,NORMAL_OPERATION
2026-06-06 22:40:00,0.0,0.05,42.51,20.02,0.0,20.81,NORMAL_OPERATION
2026-06-06 22:45:00,0.0,0.78,41.67,20.01,0.0,20.6,NORMAL_OPERATION
2026-06-06 22:50:00,0.0,0.07,40.79,20.03,0.0,20.36,NORMAL_OPERATION
2026-06-06 22:55:00,0.0,0.03,39.89,20.57,0.0,20.49,NORMAL_OPERATION
2026-06-06 23:00:00,0.0,0.31,39.04,19.77,0.0,19.67,NORMAL_OPERATION
2026-06-06 23:05:00,0.0,0.44,38.16,20.47,0.0,19.94,NORMAL_OPERATION
2026-06-06 23:10:00,0.0,0.35,37.31,19.68,0.0,19.79,NORMAL_OPERATION
2026-06-06 23:15:00,0.0,0.25,36.43,20.25,0.0,19.3,NORMAL_OPERATION
2026-06-06 23:20:00,0.0,0.12,35.57,19.82,0.0,19.4,NORMAL_OPERATION
2026-06-06 23:25:00,0.0,0.18,34.73,19.37,0.0,19.09,NORMAL_OPERATION
2026-06-06 23:30:00,0.0,0.81,33.9,19.71,0.0,19.34,NORMAL_OPERATION
2026-06-06 23:35:00,0.0,0.07,33.05,19.34,0.0,18.71,NORMAL_OPERATION
2026-06-06 23:40:00,0.0,0.44,32.21,19.67,0.0,19.01,NORMAL_OPERATION
2026-06-06 23:45:00,0.0,0.18,31.35,19.86,0.0,18.37,NORMAL_OPERATION
2026-06-06 23:50:00,0.0,0.66,30.5,20.01,0.0,18.88,NORMAL_OPERATION
2026-06-06 23:55:00,0.0,0.42,29.66,19.63,0.0,18.13,NORMAL_OPERATION
2026-06-07 00:00:00,0.0,0.12,28.77,20.37,0.0,18.24,NORMAL_OPERATION
2026-06-07 00:05:00,0.0,0.42,27.92,19.78,0.0,17.94,NORMAL_OPERATION
2026-06-07 00:10:00,0.0,0.68,27.08,19.92,0.0,18.22,NORMAL_OPERATION
2026-06-07 00:15:00,0.0,0.62,26.24,19.59,0.0,17.62,NORMAL_OPERATION
2026-06-07 00:20:00,0.0,0.47,25.38,20.06,0.0,18.12,NORMAL_OPERATION
2026-06-07 00:25:00,0.0,0.56,24.55,19.67,0.0,17.64,NORMAL_OPERATION
2026-06-07 00:30:00,0.0,0.04,23.68,19.84,0.0,17.56,NORMAL_OPERATION
2026-06-07 00:35:00,0.0,0.32,22.81,20.0,0.0,17.33,NORMAL_OPERATION
2026-06-07 00:40:00,0.0,0.3,21.97,19.53,0.0,17.63,NORMAL_OPERATION
2026-06-07 00:45:00,0.0,0.13,21.09,20.21,0.0,17.37,NORMAL_OPERATION
2026-06-07 00:50:00,0.0,0.62,20.25,19.84,0.0,17.05,NORMAL_OPERATION
2026-06-07 00:55:00,0.0,0.14,20.0,20.46,14.67,17.36,GRID_FALLBACK
2026-06-07 01:00:00,0.0,0.36,20.0,20.51,20.15,16.96,GRID_FALLBACK
2026-06-07 01:05:00,0.0,0.3,20.0,20.27,19.97,17.07,GRID_FALLBACK
2026-06-07 01:10:00,0.0,0.78,20.0,19.96,19.18,16.6,GRID_FALLBACK
2026-06-07 01:15:00,0.0,0.24,20.0,19.56,19.32,16.54,GRID_FALLBACK
2026-06-07 01:20:00,0.0,0.56,20.0,20.3,19.74,16.69,GRID_FALLBACK
2026-06-07 01:25:00,0.0,0.11,20.0,19.48,19.37,17.0,GRID_FALLBACK
2026-06-07 01:30:00,0.0,0.91,20.0,19.35,18.44,16.65,GRID_FALLBACK
2026-06-07 01:35:00,0.0,1.51,20.0,19.85,18.34,16.49,GRID_FALLBACK
2026-06-07 01:40:00,0.0,0.42,20.0,19.94,19.52,16.82,GRID_FALLBACK
2026-06-07 01:45:00,0.0,1.42,20.0,20.45,19.03,16.59,GRID_FALLBACK
2026-06-07 01:50:00,0.0,0.2,20.0,20.15,19.95,16.46,GRID_FALLBACK
2026-06-07 01:55:00,0.0,0.66,20.0,20.21,19.55,16.28,GRID_FALLBACK
2026-06-07 02:00:00,0.0,0.36,20.0,20.52,20.16,16.25,GRID_FALLBACK
2026-06-07 02:05:00,0.0,1.73,20.0,20.02,18.29,16.58,GRID_FALLBACK
2026-06-07 02:10:00,0.0,0.78,20.0,20.06,19.28,16.31,GRID_FALLBACK
2026-06-07 02:15:00,0.0,0.61,20.0,19.88,19.27,16.51,GRID_FALLBACK
2026-06-07 02:20:00,0.0,1.84,20.0,19.82,17.98,16.44,GRID_FALLBACK
2026-06-07 02:25:00,0.0,0.49,20.0,20.45,19.96,15.95,GRID_FALLBACK
2026-06-07 02:30:00,0.0,1.17,20.0,20.14,18.97,16.46,GRID_FALLBACK
2026-06-07 02:35:00,0.0,0.54,20.0,19.74,19.2,15.73,GRID_FALLBACK
2026-06-07 02:40:00,0.0,2.49,20.0,20.64,18.15,16.34,GRID_FALLBACK
2026-06-07 02:45:00,0.0,0.66,20.0,19.91,19.25,16.36,GRID_FALLBACK
2026-06-07 02:50:00,0.0,2.68,20.0,20.48,17.8,16.21,GRID_FALLBACK
2026-06-07 02:55:00,0.0,2.54,20.0,19.35,16.81,16.24,GRID_FALLBACK
2026-06-07 03:00:00,0.0,2.3,20.0,20.22,17.92,16.35,GRID_FALLBACK
2026-06-07 03:05:00,0.0,2.32,20.0,20.31,17.99,15.84,GRID_FALLBACK
2026-06-07 03:10:00,0.0,3.05,20.0,20.63,17.58,15.95,GRID_FALLBACK
2026-06-07 03:15:00,0.0,0.88,20.0,20.43,19.55,15.71,GRID_FALLBACK
2026-06-07 03:20:00,0.0,1.36,20.0,20.14,18.78,15.89,GRID_FALLBACK
2026-06-07 03:25:00,0.0,1.54,20.0,20.38,18.84,16.27,GRID_FALLBACK
2026-06-07 03:30:00,0.0,1.64,20.0,20.44,18.8,16.41,GRID_FALLBACK
2026-06-07 03:35:00,0.0,2.8,20.0,19.29,16.49,16.4,GRID_FALLBACK
2026-06-07 03:40:00,0.0,3.09,20.0,19.56,16.47,16.02,GRID_FALLBACK
2026-06-07 03:45:00,0.0,1.83,20.0,19.92,18.09,16.4,GRID_FALLBACK
2026-06-07 03:50:00,0.0,3.73,20.0,19.24,15.51,16.55,GRID_FALLBACK
2026-06-07 03:55:00,0.0,1.73,20.0,19.78,18.05,16.28,GRID_FALLBACK
2026-06-07 04:00:00,0.0,3.53,20.0,20.08,16.55,16.18,GRID_FALLBACK
2026-06-07 04:05:00,0.0,2.09,20.0,19.78,17.69,16.06,GRID_FALLBACK
2026-06-07 04:10:00,0.0,2.65,20.0,19.74,17.09,16.61,GRID_FALLBACK
2026-06-07 04:15:00,0.0,4.63,20.0,20.07,15.44,16.11,GRID_FALLBACK
2026-06-07 04:20:00,0.0,2.05,20.0,19.86,17.81,16.34,GRID_FALLBACK
2026-06-07 04:25:00,0.0,4.73,20.0,20.26,15.53,16.23,GRID_FALLBACK
2026-06-07 04:30:00,0.0,3.43,20.0,19.61,16.18,16.85,GRID_FALLBACK
2026-06-07 04:35:00,0.0,5.58,20.0,19.72,14.14,16.68,GRID_FALLBACK
2026-06-07 04:40:00,0.0,3.65,20.0,19.88,16.23,16.56,GRID_FALLBACK
2026-06-07 04:45:00,0.0,5.66,20.0,20.03,14.37,17.15,GRID_FALLBACK
2026-06-07 04:50:00,0.0,4.93,20.0,19.49,14.56,16.75,GRID_FALLBACK
2026-06-07 04:55:00,0.0,5.36,20.0,19.89,14.53,17.09,GRID_FALLBACK
2026-06-07 05:00:00,0.0,6.81,20.0,19.71,12.9,16.69,GRID_FALLBACK
2026-06-07 05:05:00,0.0,5.39,20.0,20.17,14.78,17.49,GRID_FALLBACK
2026-06-07 05:10:00,0.0,3.48,20.0,20.25,16.77,17.14,GRID_FALLBACK
2026-06-07 05:15:00,0.0,8.37,20.0,19.66,11.29,17.13,GRID_FALLBACK
2026-06-07 05:20:00,0.0,3.23,20.0,19.78,16.55,17.63,GRID_FALLBACK
2026-06-07 05:25:00,0.0,5.77,20.0,19.54,13.77,17.23,GRID_FALLBACK
2026-06-07 05:30:00,0.0,4.56,20.0,19.55,14.99,17.44,GRID_FALLBACK
2026-06-07 05:35:00,0.0,4.12,20.0,20.1,15.98,17.99,GRID_FALLBACK
2026-06-07 05:40:00,0.0,8.13,20.0,20.21,12.08,17.54,GRID_FALLBACK
2026-06-07 05:45:00,0.0,7.46,20.0,19.79,12.33,17.6,GRID_FALLBACK
2026-06-07 05:50:00,0.0,7.7,20.0,19.71,12.01,18.34,GRID_FALLBACK
2026-06-07 05:55:00,0.0,5.61,20.0,19.56,13.95,18.23,GRID_FALLBACK
2026-06-07 06:00:00,0.0,5.91,20.0,20.5,14.59,18.47,GRID_FALLBACK
2026-06-07 06:05:00,1.33,7.82,20.0,19.52,10.36,18.45,GRID_FALLBACK
2026-06-07 06:10:00,3.02,8.16,20.0,20.01,8.83,18.51,GRID_FALLBACK
2026-06-07 06:15:00,5.27,7.03,20.0,20.04,7.73,18.64,GRID_FALLBACK
2026-06-07 06:20:00,5.94,5.4,20.0,20.36,9.02,19.11,GRID_FALLBACK
2026-06-07 06:25:00,8.74,9.45,20.0,20.26,2.07,18.79,GRID_FALLBACK
2026-06-07 06:30:00,9.48,6.79,20.0,19.63,3.36,18.92,GRID_FALLBACK
2026-06-07 06:35:00,11.08,8.14,20.0,20.34,1.11,19.13,GRID_FALLBACK
2026-06-07 06:40:00,13.37,7.62,20.04,19.95,0.0,19.65,BATTERY_CHARGING
2026-06-07 06:45:00,13.82,14.35,20.38,19.72,0.0,19.57,BATTERY_CHARGING
2026-06-07 06:50:00,16.26,6.89,20.52,19.63,0.0,19.6,BATTERY_CHARGING
2026-06-07 06:55:00,18.95,9.14,20.82,20.3,0.0,20.23,BATTERY_CHARGING
2026-06-07 07:00:00,19.46,9.13,21.17,19.81,0.0,20.2,BATTERY_CHARGING
2026-06-07 07:05:00,20.98,10.46,21.63,19.96,0.0,20.49,BATTERY_CHARGING
2026-06-07 07:10:00,23.04,7.92,22.05,20.23,0.0,20.02,BATTERY_CHARGING
2026-06-07 07:15:00,25.11,15.4,22.85,20.43,0.0,20.26,BATTERY_CHARGING
2026-06-07 07:20:00,25.56,14.39,23.65,19.71,0.0,20.33,BATTERY_CHARGING
2026-06-07 07:25:00,25.61,9.36,24.23,20.22,0.0,20.43,BATTERY_CHARGING
2026-06-07 07:30:00,30.55,11.0,25.09,19.89,0.0,20.8,BATTERY_CHARGING
2026-06-07 07:35:00,29.95,16.35,26.11,20.54,0.0,20.88,BATTERY_CHARGING
2026-06-07 07:40:00,32.9,13.02,27.14,19.78,0.0,21.33,BATTERY_CHARGING
2026-06-07 07:45:00,35.75,8.69,28.12,19.64,0.0,21.56,BATTERY_CHARGING
2026-06-07 07:50:00,34.02,13.03,29.19,19.99,0.0,21.28,BATTERY_CHARGING
2026-06-07 07:55:00,37.99,15.79,30.53,20.15,0.0,21.84,BATTERY_CHARGING
2026-06-07 08:00:00,36.16,18.38,31.89,20.09,0.0,21.66,BATTERY_CHARGING
2026-06-07 08:05:00,37.83,10.86,33.04,19.56,0.0,21.83,BATTERY_CHARGING
2026-06-07 08:10:00,39.85,11.05,34.28,19.65,0.0,22.22,BATTERY_CHARGING
2026-06-07 08:15:00,42.57,12.71,35.67,20.04,0.0,22.34,BATTERY_CHARGING
2026-06-07 08:20:00,41.84,18.79,37.26,20.46,0.0,22.92,BATTERY_CHARGING
2026-06-07 08:25:00,44.62,13.19,38.75,20.22,0.0,23.05,BATTERY_CHARGING
2026-06-07 08:30:00,46.84,8.83,40.16,20.07,0.0,22.9,BATTERY_CHARGING
2026-06-07 08:35:00,49.56,14.27,41.88,20.37,0.0,23.31,BATTERY_CHARGING
2026-06-07 08:40:00,46.92,8.92,43.31,19.73,0.0,23.05,BATTERY_CHARGING
2026-06-07 08:45:00,52.23,12.42,45.06,20.49,0.0,23.33,BATTERY_CHARGING
2026-06-07 08:50:00,52.09,13.73,46.87,20.05,0.0,23.28,BATTERY_CHARGING
2026-06-07 08:55:00,49.18,18.13,48.71,20.73,0.0,23.93,BATTERY_CHARGING
2026-06-07 09:00:00,53.67,13.89,50.58,20.44,0.0,24.11,BATTERY_CHARGING
2026-06-07 09:05:00,57.51,19.35,52.56,20.46,-6.4,23.81,GRID_EXPORT
2026-06-07 09:10:00,55.66,18.78,54.54,19.87,-4.57,24.05,GRID_EXPORT
2026-06-07 09:15:00,55.93,20.86,56.52,19.82,-6.97,24.2,GRID_EXPORT
2026-06-07 09:20:00,55.0,12.49,58.38,20.46,0.0,24.97,BATTERY_CHARGING
2026-06-07 09:25:00,58.21,20.41,60.36,20.44,-8.18,25.23,GRID_EXPORT
2026-06-07 09:30:00,57.22,14.67,62.34,19.55,-2.35,24.7,GRID_EXPORT
2026-06-07 09:35:00,62.58,14.77,64.32,20.45,-6.9,25.04,GRID_EXPORT
2026-06-07 09:40:00,63.13,13.05,66.3,20.19,-5.99,24.99,GRID_EXPORT
2026-06-07 09:45:00,62.1,10.68,68.27,20.04,-2.75,25.61,GRID_EXPORT
2026-06-07 09:50:00,59.42,18.19,70.25,19.64,-7.97,25.8,GRID_EXPORT
2026-06-07 09:55:00,62.4,12.01,72.23,20.38,-4.02,25.57,GRID_EXPORT
2026-06-07 10:00:00,62.08,10.87,74.21,20.01,-2.95,25.82,GRID_EXPORT
2026-06-07 10:05:00,66.8,11.79,76.19,20.19,-8.41,25.95,GRID_EXPORT
2026-06-07 10:10:00,64.44,12.18,78.17,19.99,-6.63,26.24,GRID_EXPORT
2026-06-07 10:15:00,67.59,16.38,80.15,19.74,-14.23,26.68,GRID_EXPORT
2026-06-07 10:20:00,67.39,11.58,82.13,20.03,-8.94,26.64,GRID_EXPORT
2026-06-07 10:25:00,70.72,17.19,84.11,20.51,-17.4,27.14,GRID_EXPORT
2026-06-07 10:30:00,66.27,11.99,86.09,19.3,-8.96,26.73,GRID_EXPORT
2026-06-07 10:35:00,72.23,10.77,88.07,19.8,-13.19,27.35,GRID_EXPORT
2026-06-07 10:40:00,74.25,17.02,90.05,20.07,-21.2,27.45,GRID_EXPORT
2026-06-07 10:45:00,71.47,16.26,92.02,20.3,-17.42,27.48,GRID_EXPORT
2026-06-07 10:50:00,74.04,9.51,94.0,20.0,-13.54,27.67,GRID_EXPORT
2026-06-07 10:55:00,71.91,18.52,95.0,19.78,-45.47,27.8,GRID_EXPORT
2026-06-07 11:00:00,73.82,20.33,95.0,20.5,-50.0,28.14,UNAVOIDABLE_CURTAILMENT
2026-06-07 11:05:00,73.14,17.47,95.0,19.62,-50.0,28.16,UNAVOIDABLE_CURTAILMENT
2026-06-07 11:10:00,68.65,18.86,95.0,20.26,-50.0,28.31,UNAVOIDABLE_CURTAILMENT
2026-06-07 11:15:00,69.83,10.07,95.0,20.74,-50.0,28.82,UNAVOIDABLE_CURTAILMENT
2026-06-07 11:20:00,70.22,17.41,95.0,19.37,-50.0,28.44,UNAVOIDABLE_CURTAILMENT
2026-06-07 11:25:00,68.95,11.49,95.0,19.56,-50.0,28.45,UNAVOIDABLE_CURTAILMENT
2026-06-07 11:30:00,76.15,15.61,95.0,19.86,-50.0,28.54,UNAVOIDABLE_CURTAILMENT
2026-06-07 11:35:00,73.88,15.47,95.0,20.51,-50.0,28.88,UNAVOIDABLE_CURTAILMENT
2026-06-07 11:40:00,70.98,16.24,95.0,19.79,-50.0,29.41,UNAVOIDABLE_CURTAILMENT
2026-06-07 11:45:00,71.28,17.8,95.0,20.19,-50.0,28.98,UNAVOIDABLE_CURTAILMENT
2026-06-07 11:50:00,78.08,12.69,95.0,19.92,-50.0,29.32,UNAVOIDABLE_CURTAILMENT
2026-06-07 11:55:00,70.81,11.3,95.0,20.39,-50.0,29.62,UNAVOIDABLE_CURTAILMENT
2026-06-07 12:00:00,69.12,14.07,95.0,19.51,-50.0,29.86,UNAVOIDABLE_CURTAILMENT
2026-06-07 12:05:00,75.06,13.97,95.0,19.72,-50.0,29.73,UNAVOIDABLE_CURTAILMENT
2026-06-07 12:10:00,77.86,17.5,95.0,19.77,-50.0,30.16,UNAVOIDABLE_CURTAILMENT
2026-06-07 12:15:00,73.79,8.12,95.0,19.82,-50.0,30.28,UNAVOIDABLE_CURTAILMENT
2026-06-07 12:20:00,77.94,9.97,95.0,19.86,-50.0,30.37,UNAVOIDABLE_CURTAILMENT
2026-06-07 12:25:00,68.79,10.55,95.0,19.66,-50.0,30.23,UNAVOIDABLE_CURTAILMENT
2026-06-07 12:30:00,71.68,14.57,95.0,19.86,-50.0,30.45,UNAVOIDABLE_CURTAILMENT
2026-06-07 12:35:00,72.5,9.83,95.0,20.5,-50.0,30.32,UNAVOIDABLE_CURTAILMENT
2026-06-07 12:40:00,70.4,7.85,95.0,20.49,-50.0,30.46,UNAVOIDABLE_CURTAILMENT
2026-06-07 12:45:00,68.92,13.0,95.0,19.42,-50.0,30.41,UNAVOIDABLE_CURTAILMENT
2026-06-07 12:50:00,72.12,9.26,95.0,20.04,-50.0,30.44,UNAVOIDABLE_CURTAILMENT
2026-06-07 12:55:00,73.16,13.5,95.0,19.59,-50.0,30.71,UNAVOIDABLE_CURTAILMENT
2026-06-07 13:00:00,72.59,11.32,95.0,19.58,-50.0,30.54,UNAVOIDABLE_CURTAILMENT
2026-06-07 13:05:00,72.16,6.52,95.0,20.31,-50.0,31.2,UNAVOIDABLE_CURTAILMENT
2026-06-07 13:10:00,72.09,14.4,95.0,19.94,-50.0,31.04,UNAVOIDABLE_CURTAILMENT
2026-06-07 13:15:00,67.0,9.57,95.0,19.5,-50.0,31.44,UNAVOIDABLE_CURTAILMENT
2026-06-07 13:20:00,64.8,10.37,95.0,20.17,-50.0,30.97,UNAVOIDABLE_CURTAILMENT
2026-06-07 13:25:00,64.26,11.19,95.0,19.79,-50.0,30.99,UNAVOIDABLE_CURTAILMENT
2026-06-07 13:30:00,66.53,12.27,95.0,19.7,-50.0,31.2,UNAVOIDABLE_CURTAILMENT
2026-06-07 13:35:00,69.09,6.96,95.0,20.2,-50.0,31.21,UNAVOIDABLE_CURTAILMENT
2026-06-07 13:40:00,67.51,8.02,95.0,20.09,-50.0,31.76,UNAVOIDABLE_CURTAILMENT
2026-06-07 13:45:00,67.49,9.44,95.0,20.52,-50.0,31.8,UNAVOIDABLE_CURTAILMENT
2026-06-07 13:50:00,65.53,4.63,95.0,19.49,-50.0,31.45,UNAVOIDABLE_CURTAILMENT
2026-06-07 13:55:00,59.64,6.27,95.0,19.41,-46.5,31.76,GRID_EXPORT
2026-06-07 14:00:00,65.41,9.04,95.0,20.17,0.0,31.38,GRID_OUTAGE_ISLANDING
2026-06-07 14:05:00,62.85,10.74,95.0,19.75,0.0,31.63,GRID_OUTAGE_ISLANDING
2026-06-07 14:10:00,61.57,8.79,95.0,20.3,0.0,31.77,GRID_OUTAGE_ISLANDING
2026-06-07 14:15:00,64.95,9.47,95.0,20.17,0.0,31.65,GRID_OUTAGE_ISLANDING
2026-06-07 14:20:00,61.98,10.4,95.0,19.68,0.0,31.75,GRID_OUTAGE_ISLANDING
2026-06-07 14:25:00,62.13,7.15,95.0,19.81,0.0,32.05,GRID_OUTAGE_ISLANDING
2026-06-07 14:30:00,61.48,9.72,95.0,19.83,0.0,32.33,GRID_OUTAGE_ISLANDING
2026-06-07 14:35:00,59.92,6.58,95.0,19.43,0.0,32.29,GRID_OUTAGE_ISLANDING
2026-06-07 14:40:00,54.89,3.89,95.0,20.42,0.0,32.36,GRID_OUTAGE_ISLANDING
2026-06-07 14:45:00,55.42,7.15,95.0,19.99,0.0,31.9,GRID_OUTAGE_ISLANDING
2026-06-07 14:50:00,57.06,7.91,95.0,20.15,0.0,31.88,GRID_OUTAGE_ISLANDING
2026-06-07 14:55:00,53.41,7.46,95.0,20.16,0.0,32.03,GRID_OUTAGE_ISLANDING
2026-06-07 15:00:00,48.43,3.28,95.0,19.93,0.0,31.96,GRID_OUTAGE_ISLANDING
2026-06-07 15:05:00,52.5,7.33,95.0,20.44,0.0,31.97,GRID_OUTAGE_ISLANDING
2026-06-07 15:10:00,48.01,5.2,95.0,20.42,0.0,31.92,GRID_OUTAGE_ISLANDING
2026-06-07 15:15:00,46.39,7.12,95.0,19.79,0.0,32.06,GRID_OUTAGE_ISLANDING
2026-06-07 15:20:00,49.67,3.55,95.0,20.48,0.0,31.95,GRID_OUTAGE_ISLANDING
2026-06-07 15:25:00,43.08,6.01,95.0,20.09,0.0,31.99,GRID_OUTAGE_ISLANDING
2026-06-07 15:30:00,41.67,6.25,95.0,20.03,0.0,31.67,GRID_OUTAGE_ISLANDING
2026-06-07 15:35:00,43.49,2.61,95.0,20.67,0.0,31.67,GRID_OUTAGE_ISLANDING
2026-06-07 15:40:00,41.87,2.03,95.0,20.08,0.0,32.26,GRID_OUTAGE_ISLANDING
2026-06-07 15:45:00,40.28,5.86,95.0,19.64,0.0,31.57,GRID_OUTAGE_ISLANDING
2026-06-07 15:50:00,36.14,5.04,95.0,19.77,0.0,32.1,GRID_OUTAGE_ISLANDING
2026-06-07 15:55:00,39.89,4.38,95.0,19.75,0.0,31.94,GRID_OUTAGE_ISLANDING
2026-06-07 16:00:00,35.29,2.18,95.0,20.48,0.0,31.71,GRID_OUTAGE_ISLANDING
2026-06-07 16:05:00,34.26,2.85,95.0,19.7,-17.41,31.57,GRID_EXPORT
2026-06-07 16:10:00,35.07,4.1,95.0,19.41,-19.77,31.35,GRID_EXPORT
2026-06-07 16:15:00,33.29,4.38,95.0,19.47,-18.2,31.51,GRID_EXPORT
2026-06-07 16:20:00,32.6,4.13,95.0,19.6,-17.13,31.63,GRID_EXPORT
2026-06-07 16:25:00,29.86,3.44,95.0,20.12,-13.18,31.29,GRID_EXPORT
2026-06-07 16:30:00,28.98,1.56,95.0,19.79,-10.75,31.6,GRID_EXPORT
2026-06-07 16:35:00,25.08,1.17,95.0,19.94,-6.3,31.16,GRID_EXPORT
2026-06-07 16:40:00,23.86,2.64,95.0,19.72,-6.78,31.09,GRID_EXPORT
2026-06-07 16:45:00,24.78,1.14,95.0,19.94,-5.98,31.28,GRID_EXPORT
2026-06-07 16:50:00,21.17,3.62,95.0,19.92,-4.88,31.27,GRID_EXPORT
2026-06-07 16:55:00,21.25,2.87,95.0,20.09,-4.02,30.89,GRID_EXPORT
2026-06-07 17:00:00,19.46,1.66,95.0,20.11,-1.01,30.92,GRID_EXPORT
2026-06-07 17:05:00,17.47,1.07,94.94,19.95,0.0,31.2,NORMAL_OPERATION
2026-06-07 17:10:00,15.49,1.1,94.76,20.66,0.0,30.98,NORMAL_OPERATION
2026-06-07 17:15:00,13.65,2.14,94.59,19.55,0.0,30.92,NORMAL_OPERATION
2026-06-07 17:20:00,12.73,0.55,94.32,19.6,0.0,30.68,NORMAL_OPERATION
2026-06-07 17:25:00,11.27,2.23,94.05,19.6,0.0,30.48,NORMAL_OPERATION
2026-06-07 17:30:00,10.09,1.72,93.69,20.0,0.0,30.15,NORMAL_OPERATION
2026-06-07 17:35:00,8.14,0.37,93.2,19.81,0.0,30.39,NORMAL_OPERATION
2026-06-07 17:40:00,6.53,0.36,92.63,19.76,0.0,29.88,NORMAL_OPERATION
2026-06-07 17:45:00,4.72,1.1,92.0,20.21,0.0,29.8,NORMAL_OPERATION
2026-06-07 17:50:00,2.77,0.44,91.29,19.4,0.0,29.75,NORMAL_OPERATION
2026-06-07 17:55:00,1.73,0.81,90.51,20.3,0.0,29.81,NORMAL_OPERATION
2026-06-07 18:00:00,0.0,1.34,89.68,20.37,0.0,29.35,NORMAL_OPERATION
2026-06-07 18:05:00,0.0,1.22,88.85,20.1,0.0,29.5,NORMAL_OPERATION
2026-06-07 18:10:00,0.0,0.71,87.99,20.33,0.0,29.15,NORMAL_OPERATION
2026-06-07 18:15:00,0.0,0.37,87.13,19.95,0.0,29.57,NORMAL_OPERATION
2026-06-07 18:20:00,0.0,1.47,86.32,19.88,0.0,29.09,NORMAL_OPERATION
2026-06-07 18:25:00,0.0,0.22,85.47,19.52,0.0,29.39,NORMAL_OPERATION
2026-06-07 18:30:00,0.0,0.46,84.61,20.16,0.0,28.71,NORMAL_OPERATION
2026-06-07 18:35:00,0.0,0.9,83.79,19.71,0.0,28.48,NORMAL_OPERATION
2026-06-07 18:40:00,0.0,0.14,82.92,19.87,0.0,28.44,NORMAL_OPERATION
2026-06-07 18:45:00,0.0,0.15,82.03,20.44,0.0,28.5,NORMAL_OPERATION
2026-06-07 18:50:00,0.0,0.14,81.13,20.75,0.0,28.58,NORMAL_OPERATION
2026-06-07 18:55:00,0.0,0.75,80.28,20.03,0.0,28.27,NORMAL_OPERATION
2026-06-07 19:00:00,0.0,0.2,79.43,19.55,0.0,27.98,NORMAL_OPERATION
2026-06-07 19:05:00,0.0,0.29,78.57,19.86,0.0,27.73,NORMAL_OPERATION
2026-06-07 19:10:00,0.0,0.23,77.69,20.38,0.0,27.63,NORMAL_OPERATION
2026-06-07 19:15:00,0.0,0.59,76.85,19.64,0.0,27.78,NORMAL_OPERATION
2026-06-07 19:20:00,0.0,0.14,75.99,19.77,0.0,27.15,NORMAL_OPERATION
2026-06-07 19:25:00,0.0,0.31,75.15,19.53,0.0,27.45,NORMAL_OPERATION
2026-06-07 19:30:00,0.0,0.05,74.29,19.64,0.0,27.06,NORMAL_OPERATION
2026-06-07 19:35:00,0.0,0.2,73.41,20.2,0.0,26.88,NORMAL_OPERATION
2026-06-07 19:40:00,0.0,0.64,72.57,19.86,0.0,26.86,NORMAL_OPERATION
2026-06-07 19:45:00,0.0,0.03,71.69,20.01,0.0,26.66,NORMAL_OPERATION
2026-06-07 19:50:00,0.0,0.03,70.83,19.78,0.0,26.3,NORMAL_OPERATION
2026-06-07 19:55:00,0.0,0.13,69.98,19.44,0.0,26.1,NORMAL_OPERATION
2026-06-07 20:00:00,0.0,0.02,69.11,19.79,0.0,25.91,NORMAL_OPERATION
2026-06-07 20:05:00,0.0,0.17,68.27,19.5,0.0,26.11,NORMAL_OPERATION
2026-06-07 20:10:00,0.0,0.36,67.4,20.1,0.0,25.95,NORMAL_OPERATION
2026-06-07 20:15:00,0.0,0.11,66.52,20.2,0.0,25.84,NORMAL_OPERATION
2026-06-07 20:20:00,0.0,0.06,65.63,20.3,0.0,25.36,NORMAL_OPERATION
2026-06-07 20:25:00,0.0,0.01,64.77,19.57,0.0,25.02,NORMAL_OPERATION
2026-06-07 20:30:00,0.0,0.01,63.89,20.28,0.0,24.96,NORMAL_OPERATION
2026-06-07 20:35:00,0.0,0.08,63.03,19.53,0.0,24.88,NORMAL_OPERATION
2026-06-07 20:40:00,0.0,0.1,62.15,20.16,0.0,24.94,NORMAL_OPERATION
2026-06-07 20:45:00,0.0,0.46,61.28,20.3,0.0,24.71,NORMAL_OPERATION
2026-06-07 20:50:00,0.0,0.01,60.38,20.49,0.0,24.59,NORMAL_OPERATION
2026-06-07 20:55:00,0.0,0.24,59.53,19.8,0.0,24.57,NORMAL_OPERATION
2026-06-07 21:00:00,0.0,0.22,58.66,19.89,0.0,23.96,NORMAL_OPERATION
2026-06-07 21:05:00,0.0,0.1,57.77,20.38,0.0,23.94,NORMAL_OPERATION
2026-06-07 21:10:00,0.0,0.11,56.91,19.7,0.0,23.6,NORMAL_OPERATION
2026-06-07 21:15:00,0.0,0.06,56.06,19.59,0.0,23.09,NORMAL_OPERATION
2026-06-07 21:20:00,0.0,0.06,55.17,20.33,0.0,23.44,NORMAL_OPERATION
2026-06-07 21:25:00,0.0,0.3,54.3,20.16,0.0,23.19,NORMAL_OPERATION
2026-06-07 21:30:00,0.0,0.01,53.44,19.59,0.0,23.17,NORMAL_OPERATION
2026-06-07 21:35:00,0.0,0.09,52.55,20.35,0.0,23.06,NORMAL_OPERATION
2026-06-07 21:40:00,0.0,0.01,51.68,19.76,0.0,22.46,NORMAL_OPERATION
2026-06-07 21:45:00,0.0,0.01,50.82,19.64,0.0,22.26,NORMAL_OPERATION
2026-06-07 21:50:00,0.0,0.25,49.96,19.84,0.0,22.59,NORMAL_OPERATION
2026-06-07 21:55:00,0.0,0.04,49.09,19.89,0.0,22.29,NORMAL_OPERATION
2026-06-07 22:00:00,0.0,0.23,48.25,19.4,0.0,21.69,NORMAL_OPERATION
2026-06-07 22:05:00,0.0,0.0,47.37,20.03,0.0,22.09,NORMAL_OPERATION
2026-06-07 22:10:00,0.0,0.19,46.52,19.63,0.0,21.59,NORMAL_OPERATION
2026-06-07 22:15:00,0.0,0.03,45.67,19.52,0.0,21.82,NORMAL_OPERATION
2026-06-07 22:20:00,0.0,0.23,44.79,20.11,0.0,21.23,NORMAL_OPERATION
2026-06-07 22:25:00,0.0,0.26,43.92,20.14,0.0,20.98,NORMAL_OPERATION
2026-06-07 22:30:00,0.0,0.0,43.04,20.08,0.0,20.78,NORMAL_OPERATION
2026-06-07 22:35:00,0.0,0.02,42.16,20.04,0.0,20.76,NORMAL_OPERATION
2026-06-07 22:40:00,0.0,0.1,41.32,19.42,0.0,20.33,NORMAL_OPERATION
2026-06-07 22:45:00,0.0,0.0,40.42,20.52,0.0,20.62,NORMAL_OPERATION
2026-06-07 22:50:00,0.0,0.05,39.57,19.46,0.0,20.43,NORMAL_OPERATION
2026-06-07 22:55:00,0.0,0.21,38.69,20.12,0.0,20.5,NORMAL_OPERATION
2026-06-07 23:00:00,0.0,0.01,37.82,19.88,0.0,20.3,NORMAL_OPERATION
2026-06-07 23:05:00,0.0,0.03,36.95,19.99,0.0,19.95,NORMAL_OPERATION
2026-06-07 23:10:00,0.0,0.0,36.04,20.62,0.0,19.57,NORMAL_OPERATION
2026-06-07 23:15:00,0.0,0.15,35.18,19.82,0.0,19.19,NORMAL_OPERATION
2026-06-07 23:20:00,0.0,0.01,34.29,20.26,0.0,19.02,NORMAL_OPERATION
2026-06-07 23:25:00,0.0,0.36,33.44,19.82,0.0,19.25,NORMAL_OPERATION
2026-06-07 23:30:00,0.0,0.05,32.55,20.21,0.0,19.21,NORMAL_OPERATION
2026-06-07 23:35:00,0.0,0.07,31.67,20.24,0.0,18.7,NORMAL_OPERATION
2026-06-07 23:40:00,0.0,0.4,30.83,19.53,0.0,18.84,NORMAL_OPERATION
2026-06-07 23:45:00,0.0,0.04,29.98,19.34,0.0,18.43,NORMAL_OPERATION
2026-06-07 23:50:00,0.0,0.02,29.13,19.54,0.0,18.52,NORMAL_OPERATION
2026-06-07 23:55:00,0.0,0.61,28.27,20.18,0.0,18.6,NORMAL_OPERATION
