timestamp,Machine_A_Power,Machine_A_Status,Machine_B_Power,Machine_B_Status,Machine_C_Power,Machine_C_Status,Auxiliary_Load,Total_Production_Load
2026-06-01 00:00:00,24.56,RUNNING,0.0,OFF,0.0,OFF,10.14,34.7
2026-06-01 00:05:00,24.88,RUNNING,0.0,OFF,0.0,OFF,9.72,34.59
2026-06-01 00:10:00,24.52,RUNNING,0.0,OFF,0.0,OFF,10.09,34.61
2026-06-01 00:15:00,25.5,RUNNING,0.0,OFF,0.0,OFF,9.7,35.2
2026-06-01 00:20:00,24.45,RUNNING,0.0,OFF,0.0,OFF,10.27,34.72
2026-06-01 00:25:00,25.56,RUNNING,0.0,OFF,0.0,OFF,10.06,35.62
2026-06-01 00:30:00,25.76,RUNNING,0.0,OFF,0.0,OFF,9.93,35.68
2026-06-01 00:35:00,25.58,RUNNING,0.0,OFF,0.0,OFF,10.05,35.63
2026-06-01 00:40:00,24.66,RUNNING,0.0,OFF,0.0,OFF,9.75,34.41
2026-06-01 00:45:00,25.22,RUNNING,0.0,OFF,0.0,OFF,9.92,35.14
2026-06-01 00:50:00,25.7,RUNNING,0.0,OFF,0.0,OFF,10.09,35.79
2026-06-01 00:55:00,24.46,RUNNING,0.0,OFF,0.0,OFF,9.93,34.39
2026-06-01 01:00:00,25.3,RUNNING,0.0,OFF,0.0,OFF,10.21,35.5
2026-06-01 01:05:00,24.7,RUNNING,0.0,OFF,0.0,OFF,9.86,34.57
2026-06-01 01:10:00,24.7,RUNNING,0.0,OFF,0.0,OFF,10.09,34.8
2026-06-01 01:15:00,24.62,RUNNING,0.0,OFF,0.0,OFF,9.85,34.47
2026-06-01 01:20:00,25.64,RUNNING,0.0,OFF,0.0,OFF,9.94,35.58
2026-06-01 01:25:00,24.35,RUNNING,0.0,OFF,0.0,OFF,9.73,34.07
2026-06-01 01:30:00,24.88,RUNNING,0.0,OFF,0.0,OFF,9.74,34.61
2026-06-01 01:35:00,25.75,RUNNING,0.0,OFF,0.0,OFF,10.22,35.97
2026-06-01 01:40:00,25.06,RUNNING,0.0,OFF,0.0,OFF,9.86,34.92
2026-06-01 01:45:00,24.93,RUNNING,0.0,OFF,0.0,OFF,10.27,35.2
2026-06-01 01:50:00,24.49,RUNNING,0.0,OFF,0.0,OFF,10.25,34.73
2026-06-01 01:55:00,25.17,RUNNING,0.0,OFF,0.0,OFF,9.79,34.97
2026-06-01 02:00:00,25.05,RUNNING,0.0,OFF,0.0,OFF,9.7,34.75
2026-06-01 02:05:00,25.61,RUNNING,0.0,OFF,0.0,OFF,10.2,35.8
2026-06-01 02:10:00,25.72,RUNNING,0.0,OFF,0.0,OFF,9.75,35.47
2026-06-01 02:15:00,25.43,RUNNING,0.0,OFF,0.0,OFF,9.78,35.2
2026-06-01 02:20:00,25.6,RUNNING,0.0,OFF,0.0,OFF,9.95,35.55
2026-06-01 02:25:00,24.52,RUNNING,0.0,OFF,0.0,OFF,9.89,34.41
2026-06-01 02:30:00,25.03,RUNNING,0.0,OFF,0.0,OFF,9.77,34.8
2026-06-01 02:35:00,24.57,RUNNING,0.0,OFF,0.0,OFF,9.83,34.4
2026-06-01 02:40:00,25.65,RUNNING,0.0,OFF,0.0,OFF,10.22,35.86
2026-06-01 02:45:00,24.54,RUNNING,0.0,OFF,0.0,OFF,9.78,34.32
2026-06-01 02:50:00,25.46,RUNNING,0.0,OFF,0.0,OFF,10.18,35.64
2026-06-01 02:55:00,24.88,RUNNING,0.0,OFF,0.0,OFF,9.98,34.86
2026-06-01 03:00:00,24.36,RUNNING,0.0,OFF,0.0,OFF,9.94,34.3
2026-06-01 03:05:00,24.5,RUNNING,0.0,OFF,0.0,OFF,9.97,34.47
2026-06-01 03:10:00,25.68,RUNNING,0.0,OFF,0.0,OFF,9.97,35.64
2026-06-01 03:15:00,25.8,RUNNING,0.0,OFF,0.0,OFF,10.2,36.0
2026-06-01 03:20:00,24.47,RUNNING,0.0,OFF,0.0,OFF,9.99,34.46
2026-06-01 03:25:00,24.81,RUNNING,0.0,OFF,0.0,OFF,10.29,35.1
2026-06-01 03:30:00,24.88,RUNNING,0.0,OFF,0.0,OFF,10.27,35.15
2026-06-01 03:35:00,24.45,RUNNING,0.0,OFF,0.0,OFF,9.88,34.33
2026-06-01 03:40:00,25.4,RUNNING,0.0,OFF,0.0,OFF,9.73,35.13
2026-06-01 03:45:00,24.45,RUNNING,0.0,OFF,0.0,OFF,10.28,34.73
2026-06-01 03:50:00,25.28,RUNNING,0.0,OFF,0.0,OFF,9.84,35.12
2026-06-01 03:55:00,25.15,RUNNING,0.0,OFF,0.0,OFF,10.07,35.22
2026-06-01 04:00:00,25.7,RUNNING,0.0,OFF,0.0,OFF,9.82,35.52
2026-06-01 04:05:00,25.27,RUNNING,0.0,OFF,0.0,OFF,9.88,35.15
2026-06-01 04:10:00,24.93,RUNNING,0.0,OFF,0.0,OFF,10.3,35.23
2026-06-01 04:15:00,24.62,RUNNING,0.0,OFF,0.0,OFF,10.26,34.88
2026-06-01 04:20:00,24.45,RUNNING,0.0,OFF,0.0,OFF,10.2,34.65
2026-06-01 04:25:00,25.25,RUNNING,0.0,OFF,0.0,OFF,9.7,34.95
2026-06-01 04:30:00,25.7,RUNNING,0.0,OFF,0.0,OFF,9.78,35.48
2026-06-01 04:35:00,24.64,RUNNING,0.0,OFF,0.0,OFF,10.06,34.7
2026-06-01 04:40:00,24.62,RUNNING,0.0,OFF,0.0,OFF,9.99,34.62
2026-06-01 04:45:00,24.88,RUNNING,0.0,OFF,0.0,OFF,9.87,34.74
2026-06-01 04:50:00,24.62,RUNNING,0.0,OFF,0.0,OFF,10.14,34.76
2026-06-01 04:55:00,24.32,RUNNING,0.0,OFF,0.0,OFF,10.23,34.55
2026-06-01 05:00:00,25.13,RUNNING,0.0,OFF,0.0,OFF,9.79,34.92
2026-06-01 05:05:00,25.47,RUNNING,0.0,OFF,0.0,OFF,10.22,35.69
2026-06-01 05:10:00,24.36,RUNNING,0.0,OFF,0.0,OFF,10.17,34.53
2026-06-01 05:15:00,24.45,RUNNING,0.0,OFF,0.0,OFF,10.26,34.71
2026-06-01 05:20:00,25.61,RUNNING,0.0,OFF,0.0,OFF,9.71,35.33
2026-06-01 05:25:00,25.48,RUNNING,0.0,OFF,0.0,OFF,10.22,35.7
2026-06-01 05:30:00,24.37,RUNNING,0.0,OFF,0.0,OFF,10.22,34.6
2026-06-01 05:35:00,24.94,RUNNING,0.0,OFF,0.0,OFF,9.88,34.82
2026-06-01 05:40:00,24.51,RUNNING,0.0,OFF,0.0,OFF,9.9,34.41
2026-06-01 05:45:00,25.23,RUNNING,0.0,OFF,0.0,OFF,9.94,35.17
2026-06-01 05:50:00,24.38,RUNNING,0.0,OFF,0.0,OFF,10.28,34.67
2026-06-01 05:55:00,24.37,RUNNING,0.0,OFF,0.0,OFF,9.96,34.33
2026-06-01 06:00:00,24.82,RUNNING,0.0,OFF,0.0,OFF,10.05,34.86
2026-06-01 06:05:00,25.06,RUNNING,0.0,OFF,0.0,OFF,10.13,35.19
2026-06-01 06:10:00,25.26,RUNNING,0.0,OFF,0.0,OFF,9.9,35.16
2026-06-01 06:15:00,24.69,RUNNING,0.0,OFF,0.0,OFF,9.95,34.64
2026-06-01 06:20:00,25.7,RUNNING,0.0,OFF,0.0,OFF,10.11,35.81
2026-06-01 06:25:00,24.2,RUNNING,0.0,OFF,0.0,OFF,9.87,34.07
2026-06-01 06:30:00,24.91,RUNNING,0.0,OFF,0.0,OFF,9.83,34.74
2026-06-01 06:35:00,24.34,RUNNING,0.0,OFF,0.0,OFF,10.01,34.34
2026-06-01 06:40:00,25.28,RUNNING,0.0,OFF,0.0,OFF,9.83,35.11
2026-06-01 06:45:00,25.56,RUNNING,0.0,OFF,0.0,OFF,9.74,35.3
2026-06-01 06:50:00,24.99,RUNNING,0.0,OFF,0.0,OFF,9.85,34.84
2026-06-01 06:55:00,24.37,RUNNING,0.0,OFF,0.0,OFF,9.96,34.33
2026-06-01 07:00:00,24.6,RUNNING,0.0,OFF,0.0,OFF,10.21,34.81
2026-06-01 07:05:00,25.15,RUNNING,0.0,OFF,0.0,OFF,10.27,35.42
2026-06-01 07:10:00,25.53,RUNNING,0.0,OFF,0.0,OFF,10.03,35.56
2026-06-01 07:15:00,24.6,RUNNING,0.0,OFF,0.0,OFF,10.08,34.68
2026-06-01 07:20:00,24.32,RUNNING,0.0,OFF,0.0,OFF,9.87,34.2
2026-06-01 07:25:00,24.57,RUNNING,0.0,OFF,0.0,OFF,10.12,34.69
2026-06-01 07:30:00,24.87,RUNNING,0.0,OFF,0.0,OFF,9.82,34.69
2026-06-01 07:35:00,25.57,RUNNING,0.0,OFF,0.0,OFF,10.16,35.73
2026-06-01 07:40:00,25.57,RUNNING,0.0,OFF,0.0,OFF,10.27,35.84
2026-06-01 07:45:00,24.55,RUNNING,0.0,OFF,0.0,OFF,9.83,34.38
2026-06-01 07:50:00,24.85,RUNNING,0.0,OFF,0.0,OFF,9.8,34.65
2026-06-01 07:55:00,24.83,RUNNING,0.0,OFF,0.0,OFF,10.04,34.87
2026-06-01 08:00:00,24.28,RUNNING,19.83,RUNNING,0.0,OFF,9.83,53.94
2026-06-01 08:05:00,25.53,RUNNING,19.65,RUNNING,0.0,OFF,9.75,54.93
2026-06-01 08:10:00,25.24,RUNNING,20.39,RUNNING,0.0,OFF,10.09,55.73
2026-06-01 08:15:00,24.44,RUNNING,19.48,RUNNING,0.0,OFF,10.1,54.02
2026-06-01 08:20:00,24.47,RUNNING,20.15,RUNNING,0.0,OFF,10.15,54.77
2026-06-01 08:25:00,24.24,RUNNING,19.74,RUNNING,0.0,OFF,10.11,54.08
2026-06-01 08:30:00,25.3,RUNNING,20.18,RUNNING,0.0,OFF,9.76,55.24
2026-06-01 08:35:00,25.77,RUNNING,20.4,RUNNING,0.0,OFF,9.91,56.08
2026-06-01 08:40:00,25.56,RUNNING,20.45,RUNNING,0.0,OFF,9.76,55.77
2026-06-01 08:45:00,24.9,RUNNING,20.33,RUNNING,0.0,OFF,10.28,55.5
2026-06-01 08:50:00,24.9,RUNNING,20.32,RUNNING,0.0,OFF,9.86,55.08
2026-06-01 08:55:00,24.59,RUNNING,19.95,RUNNING,0.0,OFF,10.07,54.61
2026-06-01 09:00:00,24.54,RUNNING,20.42,RUNNING,34.68,RUNNING,10.23,89.87
2026-06-01 09:05:00,24.34,RUNNING,20.31,RUNNING,34.98,RUNNING,10.15,89.78
2026-06-01 09:10:00,24.35,RUNNING,19.61,RUNNING,35.38,RUNNING,9.88,89.23
2026-06-01 09:15:00,25.39,RUNNING,19.76,RUNNING,35.41,RUNNING,9.86,90.42
2026-06-01 09:20:00,25.06,RUNNING,20.37,RUNNING,34.37,RUNNING,9.83,89.62
2026-06-01 09:25:00,24.65,RUNNING,19.44,RUNNING,34.39,RUNNING,9.84,88.32
2026-06-01 09:30:00,25.76,RUNNING,20.07,RUNNING,35.39,RUNNING,9.78,91.0
2026-06-01 09:35:00,24.95,RUNNING,19.92,RUNNING,34.37,RUNNING,9.73,88.97
2026-06-01 09:40:00,24.32,RUNNING,20.18,RUNNING,34.11,RUNNING,9.79,88.4
2026-06-01 09:45:00,25.42,RUNNING,20.15,RUNNING,35.58,RUNNING,9.84,90.99
2026-06-01 09:50:00,25.78,RUNNING,19.73,RUNNING,35.24,RUNNING,10.07,90.82
2026-06-01 09:55:00,25.26,RUNNING,19.52,RUNNING,34.35,RUNNING,9.75,88.87
2026-06-01 10:00:00,24.57,RUNNING,20.29,RUNNING,35.41,RUNNING,9.97,90.24
2026-06-01 10:05:00,25.26,RUNNING,20.61,RUNNING,34.85,RUNNING,10.03,90.74
2026-06-01 10:10:00,24.47,RUNNING,19.73,RUNNING,35.5,RUNNING,10.04,89.74
2026-06-01 10:15:00,25.71,RUNNING,20.0,RUNNING,34.99,RUNNING,9.75,90.44
2026-06-01 10:20:00,24.35,RUNNING,20.65,RUNNING,35.67,RUNNING,10.05,90.71
2026-06-01 10:25:00,24.26,RUNNING,20.36,RUNNING,34.94,RUNNING,10.09,89.66
2026-06-01 10:30:00,24.99,RUNNING,19.43,RUNNING,34.7,RUNNING,9.9,89.01
2026-06-01 10:35:00,24.66,RUNNING,20.62,RUNNING,35.63,RUNNING,10.03,90.94
2026-06-01 10:40:00,24.85,RUNNING,20.02,RUNNING,35.98,RUNNING,10.09,90.94
2026-06-01 10:45:00,25.41,RUNNING,20.18,RUNNING,35.52,RUNNING,9.82,90.93
2026-06-01 10:50:00,24.39,RUNNING,20.66,RUNNING,35.22,RUNNING,9.84,90.12
2026-06-01 10:55:00,25.79,RUNNING,20.58,RUNNING,34.92,RUNNING,9.77,91.06
2026-06-01 11:00:00,24.64,RUNNING,20.47,RUNNING,35.96,RUNNING,9.85,90.91
2026-06-01 11:05:00,25.61,RUNNING,20.51,RUNNING,34.55,RUNNING,10.17,90.84
2026-06-01 11:10:00,24.65,RUNNING,19.72,RUNNING,35.17,RUNNING,10.3,89.84
2026-06-01 11:15:00,25.08,RUNNING,20.06,RUNNING,34.91,RUNNING,9.89,89.95
2026-06-01 11:20:00,25.44,RUNNING,19.36,RUNNING,35.49,RUNNING,10.12,90.41
2026-06-01 11:25:00,25.77,RUNNING,19.99,RUNNING,34.07,RUNNING,10.0,89.84
2026-06-01 11:30:00,25.04,RUNNING,19.94,RUNNING,35.44,RUNNING,9.95,90.37
2026-06-01 11:35:00,24.74,RUNNING,20.27,RUNNING,35.3,RUNNING,10.21,90.52
2026-06-01 11:40:00,25.35,RUNNING,20.36,RUNNING,35.74,RUNNING,9.72,91.18
2026-06-01 11:45:00,25.39,RUNNING,19.91,RUNNING,34.2,RUNNING,10.08,89.58
2026-06-01 11:50:00,24.27,RUNNING,20.41,RUNNING,34.59,RUNNING,9.92,89.2
2026-06-01 11:55:00,24.47,RUNNING,19.41,RUNNING,35.74,RUNNING,10.07,89.7
2026-06-01 12:00:00,24.61,RUNNING,3.0,STANDBY,0.0,OFF,9.85,37.46
2026-06-01 12:05:00,24.45,RUNNING,3.0,STANDBY,0.0,OFF,9.97,37.42
2026-06-01 12:10:00,24.6,RUNNING,3.0,STANDBY,0.0,OFF,10.21,37.81
2026-06-01 12:15:00,25.12,RUNNING,3.0,STANDBY,0.0,OFF,10.04,38.16
2026-06-01 12:20:00,24.64,RUNNING,3.0,STANDBY,0.0,OFF,10.04,37.68
2026-06-01 12:25:00,24.99,RUNNING,3.0,STANDBY,0.0,OFF,10.24,38.24
2026-06-01 12:30:00,25.22,RUNNING,3.0,STANDBY,0.0,OFF,10.07,38.29
2026-06-01 12:35:00,25.21,RUNNING,3.0,STANDBY,0.0,OFF,10.24,38.45
2026-06-01 12:40:00,25.37,RUNNING,3.0,STANDBY,0.0,OFF,9.75,38.13
2026-06-01 12:45:00,25.06,RUNNING,3.0,STANDBY,0.0,OFF,10.28,38.35
2026-06-01 12:50:00,25.52,RUNNING,3.0,STANDBY,0.0,OFF,9.99,38.51
2026-06-01 12:55:00,25.74,RUNNING,3.0,STANDBY,0.0,OFF,9.78,38.53
2026-06-01 13:00:00,25.75,RUNNING,20.43,RUNNING,0.0,OFF,9.92,56.09
2026-06-01 13:05:00,25.28,RUNNING,20.24,RUNNING,0.0,OFF,10.05,55.57
2026-06-01 13:10:00,24.24,RUNNING,20.54,RUNNING,0.0,OFF,10.04,54.81
2026-06-01 13:15:00,25.66,RUNNING,19.72,RUNNING,0.0,OFF,9.94,55.32
2026-06-01 13:20:00,24.36,RUNNING,20.54,RUNNING,0.0,OFF,9.78,54.68
2026-06-01 13:25:00,24.87,RUNNING,20.34,RUNNING,0.0,OFF,9.79,55.0
2026-06-01 13:30:00,25.72,RUNNING,19.35,RUNNING,0.0,OFF,9.92,54.99
2026-06-01 13:35:00,25.3,RUNNING,20.06,RUNNING,0.0,OFF,10.29,55.65
2026-06-01 13:40:00,25.56,RUNNING,19.94,RUNNING,0.0,OFF,10.1,55.59
2026-06-01 13:45:00,24.59,RUNNING,19.48,RUNNING,0.0,OFF,10.04,54.1
2026-06-01 13:50:00,25.59,RUNNING,19.76,RUNNING,0.0,OFF,9.79,55.14
2026-06-01 13:55:00,24.41,RUNNING,19.65,RUNNING,0.0,OFF,9.8,53.86
2026-06-01 14:00:00,24.58,RUNNING,19.75,RUNNING,0.0,OFF,9.8,54.14
2026-06-01 14:05:00,24.96,RUNNING,20.39,RUNNING,0.0,OFF,10.01,55.36
2026-06-01 14:10:00,25.45,RUNNING,20.51,RUNNING,0.0,OFF,10.01,55.98
2026-06-01 14:15:00,24.84,RUNNING,20.26,RUNNING,0.0,OFF,9.99,55.1
2026-06-01 14:20:00,24.31,RUNNING,19.69,RUNNING,0.0,OFF,10.08,54.07
2026-06-01 14:25:00,24.93,RUNNING,20.15,RUNNING,0.0,OFF,9.76,54.83
2026-06-01 14:30:00,25.35,RUNNING,19.6,RUNNING,0.0,OFF,9.97,54.93
2026-06-01 14:35:00,24.35,RUNNING,19.9,RUNNING,0.0,OFF,10.1,54.35
2026-06-01 14:40:00,25.53,RUNNING,19.43,RUNNING,0.0,OFF,9.76,54.72
2026-06-01 14:45:00,25.1,RUNNING,19.76,RUNNING,0.0,OFF,9.77,54.63
2026-06-01 14:50:00,25.35,RUNNING,20.66,RUNNING,0.0,OFF,10.06,56.07
2026-06-01 14:55:00,24.56,RUNNING,19.45,RUNNING,0.0,OFF,10.21,54.22
2026-06-01 15:00:00,25.55,RUNNING,20.66,RUNNING,0.0,OFF,10.19,56.41
2026-06-01 15:05:00,25.53,RUNNING,19.67,RUNNING,0.0,OFF,9.81,55.01
2026-06-01 15:10:00,25.59,RUNNING,20.09,RUNNING,0.0,OFF,9.94,55.63
2026-06-01 15:15:00,24.54,RUNNING,19.89,RUNNING,0.0,OFF,9.9,54.34
2026-06-01 15:20:00,24.34,RUNNING,19.37,RUNNING,0.0,OFF,9.79,53.5
2026-06-01 15:25:00,24.98,RUNNING,19.92,RUNNING,0.0,OFF,9.86,54.76
2026-06-01 15:30:00,25.29,RUNNING,19.98,RUNNING,0.0,OFF,10.1,55.37
2026-06-01 15:35:00,24.68,RUNNING,19.6,RUNNING,0.0,OFF,9.78,54.06
2026-06-01 15:40:00,24.48,RUNNING,19.83,RUNNING,0.0,OFF,10.12,54.44
2026-06-01 15:45:00,25.58,RUNNING,19.36,RUNNING,0.0,OFF,9.71,54.65
2026-06-01 15:50:00,25.34,RUNNING,19.88,RUNNING,0.0,OFF,9.77,54.99
2026-06-01 15:55:00,25.53,RUNNING,20.59,RUNNING,0.0,OFF,9.75,55.87
2026-06-01 16:00:00,24.83,RUNNING,19.73,RUNNING,0.0,OFF,9.9,54.47
2026-06-01 16:05:00,25.02,RUNNING,20.57,RUNNING,0.0,OFF,9.91,55.49
2026-06-01 16:10:00,24.43,RUNNING,19.58,RUNNING,0.0,OFF,10.06,54.07
2026-06-01 16:15:00,24.99,RUNNING,20.36,RUNNING,0.0,OFF,10.16,55.5
2026-06-01 16:20:00,25.2,RUNNING,20.51,RUNNING,0.0,OFF,10.08,55.79
2026-06-01 16:25:00,24.64,RUNNING,19.38,RUNNING,0.0,OFF,10.0,54.02
2026-06-01 16:30:00,24.32,RUNNING,20.51,RUNNING,0.0,OFF,10.21,55.05
2026-06-01 16:35:00,25.47,RUNNING,20.55,RUNNING,0.0,OFF,9.97,55.99
2026-06-01 16:40:00,24.44,RUNNING,19.39,RUNNING,0.0,OFF,9.76,53.59
2026-06-01 16:45:00,24.48,RUNNING,19.65,RUNNING,0.0,OFF,9.96,54.09
2026-06-01 16:50:00,24.65,RUNNING,19.87,RUNNING,0.0,OFF,9.9,54.43
2026-06-01 16:55:00,24.35,RUNNING,20.25,RUNNING,0.0,OFF,9.87,54.47
2026-06-01 17:00:00,24.73,RUNNING,0.0,OFF,0.0,OFF,10.05,34.78
2026-06-01 17:05:00,24.83,RUNNING,0.0,OFF,0.0,OFF,10.06,34.88
2026-06-01 17:10:00,25.5,RUNNING,0.0,OFF,0.0,OFF,10.1,35.6
2026-06-01 17:15:00,25.23,RUNNING,0.0,OFF,0.0,OFF,9.95,35.19
2026-06-01 17:20:00,25.72,RUNNING,0.0,OFF,0.0,OFF,9.99,35.71
2026-06-01 17:25:00,24.36,RUNNING,0.0,OFF,0.0,OFF,10.16,34.52
2026-06-01 17:30:00,25.43,RUNNING,0.0,OFF,0.0,OFF,9.78,35.2
2026-06-01 17:35:00,25.49,RUNNING,0.0,OFF,0.0,OFF,9.8,35.29
2026-06-01 17:40:00,24.91,RUNNING,0.0,OFF,0.0,OFF,9.87,34.78
2026-06-01 17:45:00,25.49,RUNNING,0.0,OFF,0.0,OFF,9.98,35.48
2026-06-01 17:50:00,24.94,RUNNING,0.0,OFF,0.0,OFF,9.87,34.81
2026-06-01 17:55:00,25.48,RUNNING,0.0,OFF,0.0,OFF,9.78,35.27
2026-06-01 18:00:00,24.36,RUNNING,0.0,OFF,0.0,OFF,10.21,34.57
2026-06-01 18:05:00,24.64,RUNNING,0.0,OFF,0.0,OFF,10.24,34.88
2026-06-01 18:10:00,24.56,RUNNING,0.0,OFF,0.0,OFF,9.97,34.53
2026-06-01 18:15:00,25.0,RUNNING,0.0,OFF,0.0,OFF,9.84,34.84
2026-06-01 18:20:00,25.69,RUNNING,0.0,OFF,0.0,OFF,10.2,35.89
2026-06-01 18:25:00,24.66,RUNNING,0.0,OFF,0.0,OFF,10.2,34.86
2026-06-01 18:30:00,24.92,RUNNING,0.0,OFF,0.0,OFF,9.7,34.62
2026-06-01 18:35:00,25.08,RUNNING,0.0,OFF,0.0,OFF,10.14,35.21
2026-06-01 18:40:00,24.68,RUNNING,0.0,OFF,0.0,OFF,9.73,34.41
2026-06-01 18:45:00,24.38,RUNNING,0.0,OFF,0.0,OFF,10.24,34.62
2026-06-01 18:50:00,24.59,RUNNING,0.0,OFF,0.0,OFF,9.79,34.37
2026-06-01 18:55:00,24.87,RUNNING,0.0,OFF,0.0,OFF,10.1,34.97
2026-06-01 19:00:00,25.04,RUNNING,0.0,OFF,0.0,OFF,10.0,35.05
2026-06-01 19:05:00,24.95,RUNNING,0.0,OFF,0.0,OFF,10.08,35.03
2026-06-01 19:10:00,25.46,RUNNING,0.0,OFF,0.0,OFF,9.91,35.37
2026-06-01 19:15:00,25.38,RUNNING,0.0,OFF,0.0,OFF,9.9,35.28
2026-06-01 19:20:00,24.48,RUNNING,0.0,OFF,0.0,OFF,10.17,34.65
2026-06-01 19:25:00,25.5,RUNNING,0.0,OFF,0.0,OFF,9.74,35.24
2026-06-01 19:30:00,24.27,RUNNING,0.0,OFF,0.0,OFF,9.82,34.09
2026-06-01 19:35:00,25.78,RUNNING,0.0,OFF,0.0,OFF,10.03,35.81
2026-06-01 19:40:00,24.77,RUNNING,0.0,OFF,0.0,OFF,10.17,34.94
2026-06-01 19:45:00,24.79,RUNNING,0.0,OFF,0.0,OFF,10.23,35.02
2026-06-01 19:50:00,25.76,RUNNING,0.0,OFF,0.0,OFF,10.0,35.76
2026-06-01 19:55:00,25.48,RUNNING,0.0,OFF,0.0,OFF,10.14,35.62
2026-06-01 20:00:00,25.07,RUNNING,0.0,OFF,0.0,OFF,9.89,34.97
2026-06-01 20:05:00,25.16,RUNNING,0.0,OFF,0.0,OFF,9.96,35.12
2026-06-01 20:10:00,25.59,RUNNING,0.0,OFF,0.0,OFF,9.91,35.5
2026-06-01 20:15:00,25.72,RUNNING,0.0,OFF,0.0,OFF,9.75,35.46
2026-06-01 20:20:00,25.29,RUNNING,0.0,OFF,0.0,OFF,10.27,35.56
2026-06-01 20:25:00,24.26,RUNNING,0.0,OFF,0.0,OFF,9.74,34.0
2026-06-01 20:30:00,25.11,RUNNING,0.0,OFF,0.0,OFF,10.06,35.17
2026-06-01 20:35:00,25.42,RUNNING,0.0,OFF,0.0,OFF,10.04,35.47
2026-06-01 20:40:00,24.6,RUNNING,0.0,OFF,0.0,OFF,9.77,34.37
2026-06-01 20:45:00,25.1,RUNNING,0.0,OFF,0.0,OFF,9.86,34.96
2026-06-01 20:50:00,24.66,RUNNING,0.0,OFF,0.0,OFF,10.25,34.91
2026-06-01 20:55:00,24.92,RUNNING,0.0,OFF,0.0,OFF,10.24,35.16
2026-06-01 21:00:00,25.55,RUNNING,0.0,OFF,0.0,OFF,9.89,35.44
2026-06-01 21:05:00,25.63,RUNNING,0.0,OFF,0.0,OFF,10.21,35.84
2026-06-01 21:10:00,25.47,RUNNING,0.0,OFF,0.0,OFF,10.01,35.48
2026-06-01 21:15:00,25.46,RUNNING,0.0,OFF,0.0,OFF,9.72,35.18
2026-06-01 21:20:00,25.08,RUNNING,0.0,OFF,0.0,OFF,10.07,35.15
2026-06-01 21:25:00,25.35,RUNNING,0.0,OFF,0.0,OFF,10.02,35.37
2026-06-01 21:30:00,25.76,RUNNING,0.0,OFF,0.0,OFF,10.09,35.84
2026-06-01 21:35:00,25.6,RUNNING,0.0,OFF,0.0,OFF,10.17,35.77
2026-06-01 21:40:00,24.89,RUNNING,0.0,OFF,0.0,OFF,10.25,35.14
2026-06-01 21:45:00,24.46,RUNNING,0.0,OFF,0.0,OFF,9.89,34.36
2026-06-01 21:50:00,25.63,RUNNING,0.0,OFF,0.0,OFF,10.21,35.84
2026-06-01 21:55:00,24.4,RUNNING,0.0,OFF,0.0,OFF,9.88,34.28
2026-06-01 22:00:00,25.71,RUNNING,0.0,OFF,0.0,OFF,9.79,35.5
2026-06-01 22:05:00,25.55,RUNNING,0.0,OFF,0.0,OFF,10.04,35.59
2026-06-01 22:10:00,25.23,RUNNING,0.0,OFF,0.0,OFF,10.05,35.27
2026-06-01 22:15:00,25.22,RUNNING,0.0,OFF,0.0,OFF,10.0,35.22
2026-06-01 22:20:00,24.97,RUNNING,0.0,OFF,0.0,OFF,10.18,35.16
2026-06-01 22:25:00,24.3,RUNNING,0.0,OFF,0.0,OFF,9.96,34.26
2026-06-01 22:30:00,24.7,RUNNING,0.0,OFF,0.0,OFF,10.13,34.83
2026-06-01 22:35:00,24.41,RUNNING,0.0,OFF,0.0,OFF,9.92,34.33
2026-06-01 22:40:00,24.63,RUNNING,0.0,OFF,0.0,OFF,9.85,34.48
2026-06-01 22:45:00,25.18,RUNNING,0.0,OFF,0.0,OFF,9.85,35.03
2026-06-01 22:50:00,25.12,RUNNING,0.0,OFF,0.0,OFF,9.89,35.01
2026-06-01 22:55:00,25.0,RUNNING,0.0,OFF,0.0,OFF,9.89,34.88
2026-06-01 23:00:00,25.75,RUNNING,0.0,OFF,0.0,OFF,9.83,35.58
2026-06-01 23:05:00,25.61,RUNNING,0.0,OFF,0.0,OFF,10.09,35.7
2026-06-01 23:10:00,24.89,RUNNING,0.0,OFF,0.0,OFF,10.23,35.12
2026-06-01 23:15:00,24.84,RUNNING,0.0,OFF,0.0,OFF,10.04,34.88
2026-06-01 23:20:00,25.01,RUNNING,0.0,OFF,0.0,OFF,10.16,35.17
2026-06-01 23:25:00,24.39,RUNNING,0.0,OFF,0.0,OFF,10.29,34.68
2026-06-01 23:30:00,25.7,RUNNING,0.0,OFF,0.0,OFF,10.15,35.86
2026-06-01 23:35:00,24.27,RUNNING,0.0,OFF,0.0,OFF,9.78,34.05
2026-06-01 23:40:00,25.17,RUNNING,0.0,OFF,0.0,OFF,10.01,35.18
2026-06-01 23:45:00,25.78,RUNNING,0.0,OFF,0.0,OFF,10.14,35.93
2026-06-01 23:50:00,25.05,RUNNING,0.0,OFF,0.0,OFF,10.13,35.18
2026-06-01 23:55:00,25.28,RUNNING,0.0,OFF,0.0,OFF,10.29,35.57
2026-06-02 00:00:00,25.3,RUNNING,0.0,OFF,0.0,OFF,9.72,35.02
2026-06-02 00:05:00,25.44,RUNNING,0.0,OFF,0.0,OFF,10.05,35.49
2026-06-02 00:10:00,25.21,RUNNING,0.0,OFF,0.0,OFF,10.07,35.28
2026-06-02 00:15:00,24.25,RUNNING,0.0,OFF,0.0,OFF,10.27,34.52
2026-06-02 00:20:00,24.44,RUNNING,0.0,OFF,0.0,OFF,10.11,34.56
2026-06-02 00:25:00,25.6,RUNNING,0.0,OFF,0.0,OFF,10.14,35.74
2026-06-02 00:30:00,24.72,RUNNING,0.0,OFF,0.0,OFF,10.1,34.82
2026-06-02 00:35:00,25.66,RUNNING,0.0,OFF,0.0,OFF,9.91,35.56
2026-06-02 00:40:00,25.23,RUNNING,0.0,OFF,0.0,OFF,10.12,35.35
2026-06-02 00:45:00,25.09,RUNNING,0.0,OFF,0.0,OFF,9.83,34.93
2026-06-02 00:50:00,24.53,RUNNING,0.0,OFF,0.0,OFF,10.12,34.65
2026-06-02 00:55:00,25.47,RUNNING,0.0,OFF,0.0,OFF,9.86,35.34
2026-06-02 01:00:00,25.77,RUNNING,0.0,OFF,0.0,OFF,10.19,35.96
2026-06-02 01:05:00,24.66,RUNNING,0.0,OFF,0.0,OFF,10.13,34.79
2026-06-02 01:10:00,24.97,RUNNING,0.0,OFF,0.0,OFF,9.82,34.79
2026-06-02 01:15:00,24.42,RUNNING,0.0,OFF,0.0,OFF,10.07,34.49
2026-06-02 01:20:00,25.05,RUNNING,0.0,OFF,0.0,OFF,10.08,35.13
2026-06-02 01:25:00,24.36,RUNNING,0.0,OFF,0.0,OFF,10.16,34.52
2026-06-02 01:30:00,24.85,RUNNING,0.0,OFF,0.0,OFF,10.26,35.11
2026-06-02 01:35:00,25.74,RUNNING,0.0,OFF,0.0,OFF,9.89,35.63
2026-06-02 01:40:00,25.12,RUNNING,0.0,OFF,0.0,OFF,10.02,35.14
2026-06-02 01:45:00,24.48,RUNNING,0.0,OFF,0.0,OFF,10.23,34.71
2026-06-02 01:50:00,24.84,RUNNING,0.0,OFF,0.0,OFF,10.0,34.83
2026-06-02 01:55:00,25.6,RUNNING,0.0,OFF,0.0,OFF,9.71,35.31
2026-06-02 02:00:00,24.66,RUNNING,0.0,OFF,0.0,OFF,10.29,34.95
2026-06-02 02:05:00,25.56,RUNNING,0.0,OFF,0.0,OFF,9.98,35.54
2026-06-02 02:10:00,24.93,RUNNING,0.0,OFF,0.0,OFF,9.85,34.79
2026-06-02 02:15:00,25.11,RUNNING,0.0,OFF,0.0,OFF,10.15,35.26
2026-06-02 02:20:00,25.52,RUNNING,0.0,OFF,0.0,OFF,10.01,35.53
2026-06-02 02:25:00,24.42,RUNNING,0.0,OFF,0.0,OFF,9.89,34.32
2026-06-02 02:30:00,25.41,RUNNING,0.0,OFF,0.0,OFF,10.27,35.68
2026-06-02 02:35:00,25.25,RUNNING,0.0,OFF,0.0,OFF,10.12,35.36
2026-06-02 02:40:00,24.85,RUNNING,0.0,OFF,0.0,OFF,10.0,34.85
2026-06-02 02:45:00,24.39,RUNNING,0.0,OFF,0.0,OFF,10.25,34.64
2026-06-02 02:50:00,24.41,RUNNING,0.0,OFF,0.0,OFF,9.79,34.21
2026-06-02 02:55:00,25.08,RUNNING,0.0,OFF,0.0,OFF,9.98,35.06
2026-06-02 03:00:00,24.6,RUNNING,0.0,OFF,0.0,OFF,10.15,34.75
2026-06-02 03:05:00,25.33,RUNNING,0.0,OFF,0.0,OFF,9.75,35.07
2026-06-02 03:10:00,25.01,RUNNING,0.0,OFF,0.0,OFF,10.04,35.05
2026-06-02 03:15:00,24.39,RUNNING,0.0,OFF,0.0,OFF,9.82,34.21
2026-06-02 03:20:00,25.49,RUNNING,0.0,OFF,0.0,OFF,9.97,35.47
2026-06-02 03:25:00,24.94,RUNNING,0.0,OFF,0.0,OFF,10.18,35.12
2026-06-02 03:30:00,25.39,RUNNING,0.0,OFF,0.0,OFF,10.05,35.44
2026-06-02 03:35:00,25.79,RUNNING,0.0,OFF,0.0,OFF,10.26,36.05
2026-06-02 03:40:00,24.85,RUNNING,0.0,OFF,0.0,OFF,10.16,35.02
2026-06-02 03:45:00,24.87,RUNNING,0.0,OFF,0.0,OFF,10.3,35.17
2026-06-02 03:50:00,24.8,RUNNING,0.0,OFF,0.0,OFF,10.11,34.91
2026-06-02 03:55:00,24.76,RUNNING,0.0,OFF,0.0,OFF,9.81,34.56
2026-06-02 04:00:00,24.56,RUNNING,0.0,OFF,0.0,OFF,9.7,34.26
2026-06-02 04:05:00,25.07,RUNNING,0.0,OFF,0.0,OFF,10.02,35.09
2026-06-02 04:10:00,24.64,RUNNING,0.0,OFF,0.0,OFF,10.26,34.9
2026-06-02 04:15:00,24.87,RUNNING,0.0,OFF,0.0,OFF,10.16,35.03
2026-06-02 04:20:00,24.36,RUNNING,0.0,OFF,0.0,OFF,9.72,34.08
2026-06-02 04:25:00,25.38,RUNNING,0.0,OFF,0.0,OFF,9.94,35.33
2026-06-02 04:30:00,24.29,RUNNING,0.0,OFF,0.0,OFF,10.0,34.29
2026-06-02 04:35:00,24.71,RUNNING,0.0,OFF,0.0,OFF,10.06,34.77
2026-06-02 04:40:00,24.43,RUNNING,0.0,OFF,0.0,OFF,10.1,34.53
2026-06-02 04:45:00,25.72,RUNNING,0.0,OFF,0.0,OFF,10.23,35.95
2026-06-02 04:50:00,24.99,RUNNING,0.0,OFF,0.0,OFF,10.28,35.28
2026-06-02 04:55:00,24.71,RUNNING,0.0,OFF,0.0,OFF,9.95,34.66
2026-06-02 05:00:00,24.96,RUNNING,0.0,OFF,0.0,OFF,10.21,35.17
2026-06-02 05:05:00,25.66,RUNNING,0.0,OFF,0.0,OFF,10.04,35.7
2026-06-02 05:10:00,24.59,RUNNING,0.0,OFF,0.0,OFF,9.82,34.41
2026-06-02 05:15:00,24.35,RUNNING,0.0,OFF,0.0,OFF,10.13,34.48
2026-06-02 05:20:00,25.16,RUNNING,0.0,OFF,0.0,OFF,10.22,35.39
2026-06-02 05:25:00,25.09,RUNNING,0.0,OFF,0.0,OFF,9.99,35.08
2026-06-02 05:30:00,24.22,RUNNING,0.0,OFF,0.0,OFF,10.26,34.49
2026-06-02 05:35:00,24.97,RUNNING,0.0,OFF,0.0,OFF,9.85,34.81
2026-06-02 05:40:00,25.08,RUNNING,0.0,OFF,0.0,OFF,10.17,35.25
2026-06-02 05:45:00,24.62,RUNNING,0.0,OFF,0.0,OFF,10.01,34.63
2026-06-02 05:50:00,24.95,RUNNING,0.0,OFF,0.0,OFF,10.2,35.16
2026-06-02 05:55:00,25.1,RUNNING,0.0,OFF,0.0,OFF,9.83,34.93
2026-06-02 06:00:00,24.87,RUNNING,0.0,OFF,0.0,OFF,9.79,34.66
2026-06-02 06:05:00,25.25,RUNNING,0.0,OFF,0.0,OFF,10.11,35.36
2026-06-02 06:10:00,24.98,RUNNING,0.0,OFF,0.0,OFF,9.8,34.79
2026-06-02 06:15:00,25.67,RUNNING,0.0,OFF,0.0,OFF,10.03,35.69
2026-06-02 06:20:00,25.71,RUNNING,0.0,OFF,0.0,OFF,10.1,35.81
2026-06-02 06:25:00,25.33,RUNNING,0.0,OFF,0.0,OFF,9.71,35.04
2026-06-02 06:30:00,25.19,RUNNING,0.0,OFF,0.0,OFF,9.99,35.18
2026-06-02 06:35:00,25.05,RUNNING,0.0,OFF,0.0,OFF,9.86,34.91
2026-06-02 06:40:00,25.49,RUNNING,0.0,OFF,0.0,OFF,10.25,35.74
2026-06-02 06:45:00,25.04,RUNNING,0.0,OFF,0.0,OFF,10.19,35.23
2026-06-02 06:50:00,25.1,RUNNING,0.0,OFF,0.0,OFF,10.29,35.4
2026-06-02 06:55:00,25.57,RUNNING,0.0,OFF,0.0,OFF,10.16,35.73
2026-06-02 07:00:00,24.22,RUNNING,0.0,OFF,0.0,OFF,9.8,34.02
2026-06-02 07:05:00,25.57,RUNNING,0.0,OFF,0.0,OFF,9.76,35.33
2026-06-02 07:10:00,25.62,RUNNING,0.0,OFF,0.0,OFF,9.99,35.61
2026-06-02 07:15:00,25.1,RUNNING,0.0,OFF,0.0,OFF,9.72,34.82
2026-06-02 07:20:00,25.4,RUNNING,0.0,OFF,0.0,OFF,10.13,35.53
2026-06-02 07:25:00,25.54,RUNNING,0.0,OFF,0.0,OFF,9.93,35.47
2026-06-02 07:30:00,25.78,RUNNING,0.0,OFF,0.0,OFF,10.13,35.92
2026-06-02 07:35:00,25.54,RUNNING,0.0,OFF,0.0,OFF,9.9,35.45
2026-06-02 07:40:00,24.25,RUNNING,0.0,OFF,0.0,OFF,9.86,34.11
2026-06-02 07:45:00,24.89,RUNNING,0.0,OFF,0.0,OFF,10.11,35.0
2026-06-02 07:50:00,25.34,RUNNING,0.0,OFF,0.0,OFF,9.75,35.09
2026-06-02 07:55:00,24.71,RUNNING,0.0,OFF,0.0,OFF,9.76,34.47
2026-06-02 08:00:00,24.41,RUNNING,19.56,RUNNING,0.0,OFF,9.97,53.94
2026-06-02 08:05:00,24.35,RUNNING,20.14,RUNNING,0.0,OFF,9.89,54.38
2026-06-02 08:10:00,25.64,RUNNING,20.57,RUNNING,0.0,OFF,10.29,56.5
2026-06-02 08:15:00,24.68,RUNNING,19.99,RUNNING,0.0,OFF,9.74,54.41
2026-06-02 08:20:00,24.6,RUNNING,19.65,RUNNING,0.0,OFF,10.08,54.32
2026-06-02 08:25:00,25.72,RUNNING,19.77,RUNNING,0.0,OFF,10.07,55.56
2026-06-02 08:30:00,25.58,RUNNING,20.66,RUNNING,0.0,OFF,9.78,56.02
2026-06-02 08:35:00,25.74,RUNNING,20.66,RUNNING,0.0,OFF,9.87,56.27
2026-06-02 08:40:00,24.8,RUNNING,20.44,RUNNING,0.0,OFF,9.94,55.18
2026-06-02 08:45:00,25.29,RUNNING,20.07,RUNNING,0.0,OFF,10.27,55.63
2026-06-02 08:50:00,25.31,RUNNING,20.45,RUNNING,0.0,OFF,10.18,55.93
2026-06-02 08:55:00,25.25,RUNNING,20.3,RUNNING,0.0,OFF,10.17,55.73
2026-06-02 09:00:00,25.01,RUNNING,20.59,RUNNING,35.38,RUNNING,10.03,91.01
2026-06-02 09:05:00,25.22,RUNNING,19.42,RUNNING,35.54,RUNNING,10.09,90.27
2026-06-02 09:10:00,25.28,RUNNING,19.86,RUNNING,35.51,RUNNING,10.28,90.93
2026-06-02 09:15:00,25.03,RUNNING,20.11,RUNNING,35.15,RUNNING,9.97,90.26
2026-06-02 09:20:00,24.75,RUNNING,19.33,RUNNING,34.21,RUNNING,9.95,88.25
2026-06-02 09:25:00,24.7,RUNNING,19.94,RUNNING,34.41,RUNNING,9.99,89.04
2026-06-02 09:30:00,24.68,RUNNING,20.43,RUNNING,34.23,RUNNING,10.21,89.55
2026-06-02 09:35:00,24.59,RUNNING,19.54,RUNNING,34.32,RUNNING,10.04,88.49
2026-06-02 09:40:00,25.22,RUNNING,19.9,RUNNING,34.06,RUNNING,10.07,89.26
2026-06-02 09:45:00,24.53,RUNNING,20.35,RUNNING,35.62,RUNNING,9.74,90.24
2026-06-02 09:50:00,24.93,RUNNING,19.67,RUNNING,35.73,RUNNING,10.02,90.34
2026-06-02 09:55:00,24.76,RUNNING,20.48,RUNNING,35.23,RUNNING,10.19,90.66
2026-06-02 10:00:00,24.41,RUNNING,19.47,RUNNING,34.61,RUNNING,9.81,88.3
2026-06-02 10:05:00,24.81,RUNNING,19.56,RUNNING,35.27,RUNNING,10.12,89.76
2026-06-02 10:10:00,24.42,RUNNING,19.74,RUNNING,34.9,RUNNING,9.73,88.8
2026-06-02 10:15:00,25.74,RUNNING,20.01,RUNNING,34.99,RUNNING,10.11,90.85
2026-06-02 10:20:00,24.25,RUNNING,20.37,RUNNING,34.58,RUNNING,9.86,89.06
2026-06-02 10:25:00,25.43,RUNNING,20.07,RUNNING,34.23,RUNNING,9.77,89.49
2026-06-02 10:30:00,24.27,RUNNING,20.31,RUNNING,35.09,RUNNING,10.29,89.96
2026-06-02 10:35:00,25.8,RUNNING,19.93,RUNNING,34.7,RUNNING,10.19,90.62
2026-06-02 10:40:00,25.5,RUNNING,20.12,RUNNING,34.7,RUNNING,10.13,90.45
2026-06-02 10:45:00,24.53,RUNNING,19.38,RUNNING,34.7,RUNNING,9.87,88.48
2026-06-02 10:50:00,24.63,RUNNING,20.5,RUNNING,35.97,RUNNING,10.11,91.21
2026-06-02 10:55:00,25.79,RUNNING,20.51,RUNNING,34.25,RUNNING,10.22,90.78
2026-06-02 11:00:00,25.28,RUNNING,19.99,RUNNING,35.15,RUNNING,9.86,90.28
2026-06-02 11:05:00,24.35,RUNNING,20.02,RUNNING,34.56,RUNNING,10.26,89.19
2026-06-02 11:10:00,25.44,RUNNING,20.33,RUNNING,35.46,RUNNING,9.98,91.2
2026-06-02 11:15:00,24.55,RUNNING,19.9,RUNNING,34.42,RUNNING,9.86,88.73
2026-06-02 11:20:00,24.98,RUNNING,19.78,RUNNING,35.37,RUNNING,9.73,89.85
2026-06-02 11:25:00,25.57,RUNNING,19.92,RUNNING,34.0,RUNNING,10.27,89.77
2026-06-02 11:30:00,24.45,RUNNING,20.61,RUNNING,34.55,RUNNING,10.09,89.7
2026-06-02 11:35:00,24.83,RUNNING,19.73,RUNNING,35.4,RUNNING,9.84,89.8
2026-06-02 11:40:00,24.41,RUNNING,19.62,RUNNING,35.36,RUNNING,9.71,89.09
2026-06-02 11:45:00,24.41,RUNNING,19.4,RUNNING,34.77,RUNNING,10.14,88.72
2026-06-02 11:50:00,25.44,RUNNING,20.35,RUNNING,34.27,RUNNING,10.3,90.35
2026-06-02 11:55:00,24.9,RUNNING,20.31,RUNNING,35.26,RUNNING,9.79,90.26
2026-06-02 12:00:00,24.36,RUNNING,3.0,STANDBY,0.0,OFF,10.15,37.51
2026-06-02 12:05:00,24.42,RUNNING,3.0,STANDBY,0.0,OFF,9.87,37.29
2026-06-02 12:10:00,25.45,RUNNING,3.0,STANDBY,0.0,OFF,10.11,38.56
2026-06-02 12:15:00,25.02,RUNNING,3.0,STANDBY,0.0,OFF,10.15,38.16
2026-06-02 12:20:00,24.99,RUNNING,3.0,STANDBY,0.0,OFF,9.77,37.76
2026-06-02 12:25:00,25.78,RUNNING,3.0,STANDBY,0.0,OFF,10.26,39.04
2026-06-02 12:30:00,25.29,RUNNING,3.0,STANDBY,0.0,OFF,10.16,38.45
2026-06-02 12:35:00,24.62,RUNNING,3.0,STANDBY,0.0,OFF,9.72,37.34
2026-06-02 12:40:00,25.0,RUNNING,3.0,STANDBY,0.0,OFF,9.95,37.95
2026-06-02 12:45:00,24.64,RUNNING,3.0,STANDBY,0.0,OFF,9.89,37.53
2026-06-02 12:50:00,24.83,RUNNING,3.0,STANDBY,0.0,OFF,10.08,37.91
2026-06-02 12:55:00,25.37,RUNNING,3.0,STANDBY,0.0,OFF,10.21,38.58
2026-06-02 13:00:00,25.17,RUNNING,19.73,RUNNING,0.0,OFF,10.15,55.05
2026-06-02 13:05:00,24.46,RUNNING,20.63,RUNNING,0.0,OFF,10.01,55.11
2026-06-02 13:10:00,25.45,RUNNING,19.68,RUNNING,0.0,OFF,10.23,55.36
2026-06-02 13:15:00,24.3,RUNNING,20.3,RUNNING,0.0,OFF,10.05,54.65
2026-06-02 13:20:00,25.11,RUNNING,19.81,RUNNING,0.0,OFF,9.85,54.77
2026-06-02 13:25:00,25.01,RUNNING,19.36,RUNNING,0.0,OFF,10.22,54.59
2026-06-02 13:30:00,25.69,RUNNING,20.5,RUNNING,0.0,OFF,10.03,56.22
2026-06-02 13:35:00,24.87,RUNNING,20.31,RUNNING,0.0,OFF,9.86,55.04
2026-06-02 13:40:00,24.49,RUNNING,20.43,RUNNING,0.0,OFF,10.29,55.2
2026-06-02 13:45:00,25.55,RUNNING,19.76,RUNNING,0.0,OFF,10.03,55.34
2026-06-02 13:50:00,25.2,RUNNING,19.95,RUNNING,0.0,OFF,10.06,55.2
2026-06-02 13:55:00,25.42,RUNNING,19.64,RUNNING,0.0,OFF,9.7,54.76
2026-06-02 14:00:00,25.6,RUNNING,20.63,RUNNING,0.0,OFF,9.7,55.94
2026-06-02 14:05:00,25.05,RUNNING,19.63,RUNNING,0.0,OFF,10.0,54.68
2026-06-02 14:10:00,25.67,RUNNING,20.56,RUNNING,0.0,OFF,10.01,56.24
2026-06-02 14:15:00,24.35,RUNNING,19.49,RUNNING,0.0,OFF,10.19,54.03
2026-06-02 14:20:00,24.58,RUNNING,19.67,RUNNING,0.0,OFF,9.89,54.13
2026-06-02 14:25:00,24.64,RUNNING,19.4,RUNNING,0.0,OFF,9.82,53.86
2026-06-02 14:30:00,24.95,RUNNING,19.87,RUNNING,0.0,OFF,10.02,54.84
2026-06-02 14:35:00,24.39,RUNNING,19.52,RUNNING,0.0,OFF,10.11,54.02
2026-06-02 14:40:00,24.72,RUNNING,19.43,RUNNING,0.0,OFF,9.85,54.0
2026-06-02 14:45:00,25.79,RUNNING,19.34,RUNNING,0.0,OFF,9.94,55.07
2026-06-02 14:50:00,25.49,RUNNING,19.5,RUNNING,0.0,OFF,9.71,54.69
2026-06-02 14:55:00,24.8,RUNNING,20.18,RUNNING,0.0,OFF,10.09,55.06
2026-06-02 15:00:00,24.3,RUNNING,20.56,RUNNING,0.0,OFF,9.97,54.83
2026-06-02 15:05:00,24.27,RUNNING,19.95,RUNNING,0.0,OFF,9.8,54.01
2026-06-02 15:10:00,25.29,RUNNING,19.54,RUNNING,0.0,OFF,9.83,54.66
2026-06-02 15:15:00,25.19,RUNNING,19.64,RUNNING,0.0,OFF,9.88,54.71
2026-06-02 15:20:00,24.42,RUNNING,19.58,RUNNING,0.0,OFF,10.23,54.23
2026-06-02 15:25:00,25.78,RUNNING,20.39,RUNNING,0.0,OFF,9.92,56.09
2026-06-02 15:30:00,24.82,RUNNING,19.55,RUNNING,0.0,OFF,9.89,54.26
2026-06-02 15:35:00,25.79,RUNNING,20.04,RUNNING,0.0,OFF,10.16,55.99
2026-06-02 15:40:00,24.63,RUNNING,20.44,RUNNING,0.0,OFF,10.25,55.32
2026-06-02 15:45:00,25.48,RUNNING,19.8,RUNNING,0.0,OFF,10.2,55.48
2026-06-02 15:50:00,25.32,RUNNING,20.58,RUNNING,0.0,OFF,9.72,55.61
2026-06-02 15:55:00,24.5,RUNNING,20.68,RUNNING,0.0,OFF,10.23,55.41
2026-06-02 16:00:00,24.57,RUNNING,19.61,RUNNING,0.0,OFF,10.02,54.19
2026-06-02 16:05:00,25.35,RUNNING,20.59,RUNNING,0.0,OFF,10.21,56.14
2026-06-02 16:10:00,25.44,RUNNING,20.49,RUNNING,0.0,OFF,10.22,56.14
2026-06-02 16:15:00,24.36,RUNNING,19.72,RUNNING,0.0,OFF,9.78,53.87
2026-06-02 16:20:00,25.24,RUNNING,19.54,RUNNING,0.0,OFF,10.28,55.06
2026-06-02 16:25:00,25.14,RUNNING,19.55,RUNNING,0.0,OFF,9.88,54.57
2026-06-02 16:30:00,25.72,RUNNING,19.85,RUNNING,0.0,OFF,10.3,55.86
2026-06-02 16:35:00,25.75,RUNNING,19.61,RUNNING,0.0,OFF,10.04,55.4
2026-06-02 16:40:00,25.77,RUNNING,19.54,RUNNING,0.0,OFF,10.23,55.54
2026-06-02 16:45:00,24.91,RUNNING,19.67,RUNNING,0.0,OFF,9.85,54.44
2026-06-02 16:50:00,24.82,RUNNING,20.33,RUNNING,0.0,OFF,10.28,55.42
2026-06-02 16:55:00,24.36,RUNNING,19.97,RUNNING,0.0,OFF,10.22,54.55
2026-06-02 17:00:00,25.55,RUNNING,0.0,OFF,0.0,OFF,9.88,35.43
2026-06-02 17:05:00,24.8,RUNNING,0.0,OFF,0.0,OFF,10.14,34.94
2026-06-02 17:10:00,25.18,RUNNING,0.0,OFF,0.0,OFF,9.99,35.17
2026-06-02 17:15:00,24.45,RUNNING,0.0,OFF,0.0,OFF,9.76,34.21
2026-06-02 17:20:00,25.37,RUNNING,0.0,OFF,0.0,OFF,9.86,35.23
2026-06-02 17:25:00,25.54,RUNNING,0.0,OFF,0.0,OFF,9.79,35.34
2026-06-02 17:30:00,25.16,RUNNING,0.0,OFF,0.0,OFF,9.82,34.98
2026-06-02 17:35:00,25.55,RUNNING,0.0,OFF,0.0,OFF,9.89,35.44
2026-06-02 17:40:00,25.07,RUNNING,0.0,OFF,0.0,OFF,9.81,34.88
2026-06-02 17:45:00,24.94,RUNNING,0.0,OFF,0.0,OFF,9.84,34.78
2026-06-02 17:50:00,24.34,RUNNING,0.0,OFF,0.0,OFF,9.91,34.24
2026-06-02 17:55:00,25.55,RUNNING,0.0,OFF,0.0,OFF,10.19,35.74
2026-06-02 18:00:00,25.61,RUNNING,0.0,OFF,0.0,OFF,9.99,35.6
2026-06-02 18:05:00,25.0,RUNNING,0.0,OFF,0.0,OFF,10.24,35.24
2026-06-02 18:10:00,24.39,RUNNING,0.0,OFF,0.0,OFF,10.15,34.55
2026-06-02 18:15:00,25.49,RUNNING,0.0,OFF,0.0,OFF,9.78,35.27
2026-06-02 18:20:00,25.8,RUNNING,0.0,OFF,0.0,OFF,10.08,35.87
2026-06-02 18:25:00,25.66,RUNNING,0.0,OFF,0.0,OFF,9.74,35.4
2026-06-02 18:30:00,24.64,RUNNING,0.0,OFF,0.0,OFF,9.97,34.62
2026-06-02 18:35:00,25.04,RUNNING,0.0,OFF,0.0,OFF,9.95,34.99
2026-06-02 18:40:00,25.41,RUNNING,0.0,OFF,0.0,OFF,10.26,35.68
2026-06-02 18:45:00,24.66,RUNNING,0.0,OFF,0.0,OFF,10.02,34.68
2026-06-02 18:50:00,24.98,RUNNING,0.0,OFF,0.0,OFF,10.07,35.04
2026-06-02 18:55:00,25.17,RUNNING,0.0,OFF,0.0,OFF,10.12,35.29
2026-06-02 19:00:00,24.58,RUNNING,0.0,OFF,0.0,OFF,10.15,34.73
2026-06-02 19:05:00,25.51,RUNNING,0.0,OFF,0.0,OFF,9.88,35.39
2026-06-02 19:10:00,24.36,RUNNING,0.0,OFF,0.0,OFF,10.22,34.58
2026-06-02 19:15:00,25.52,RUNNING,0.0,OFF,0.0,OFF,9.86,35.38
2026-06-02 19:20:00,24.54,RUNNING,0.0,OFF,0.0,OFF,10.19,34.73
2026-06-02 19:25:00,25.51,RUNNING,0.0,OFF,0.0,OFF,10.01,35.52
2026-06-02 19:30:00,24.42,RUNNING,0.0,OFF,0.0,OFF,10.21,34.63
2026-06-02 19:35:00,25.53,RUNNING,0.0,OFF,0.0,OFF,10.2,35.73
2026-06-02 19:40:00,25.33,RUNNING,0.0,OFF,0.0,OFF,9.86,35.19
2026-06-02 19:45:00,24.4,RUNNING,0.0,OFF,0.0,OFF,9.72,34.12
2026-06-02 19:50:00,25.59,RUNNING,0.0,OFF,0.0,OFF,10.05,35.64
2026-06-02 19:55:00,25.4,RUNNING,0.0,OFF,0.0,OFF,10.11,35.51
2026-06-02 20:00:00,25.12,RUNNING,0.0,OFF,0.0,OFF,10.28,35.39
2026-06-02 20:05:00,24.63,RUNNING,0.0,OFF,0.0,OFF,9.95,34.58
2026-06-02 20:10:00,24.21,RUNNING,0.0,OFF,0.0,OFF,10.25,34.46
2026-06-02 20:15:00,24.6,RUNNING,0.0,OFF,0.0,OFF,10.18,34.79
2026-06-02 20:20:00,24.88,RUNNING,0.0,OFF,0.0,OFF,9.93,34.8
2026-06-02 20:25:00,25.28,RUNNING,0.0,OFF,0.0,OFF,10.19,35.48
2026-06-02 20:30:00,25.26,RUNNING,0.0,OFF,0.0,OFF,10.21,35.47
2026-06-02 20:35:00,24.68,RUNNING,0.0,OFF,0.0,OFF,9.76,34.44
2026-06-02 20:40:00,25.58,RUNNING,0.0,OFF,0.0,OFF,9.86,35.44
2026-06-02 20:45:00,24.44,RUNNING,0.0,OFF,0.0,OFF,10.16,34.6
2026-06-02 20:50:00,25.16,RUNNING,0.0,OFF,0.0,OFF,10.1,35.26
2026-06-02 20:55:00,25.8,RUNNING,0.0,OFF,0.0,OFF,9.86,35.65
2026-06-02 21:00:00,25.33,RUNNING,0.0,OFF,0.0,OFF,10.04,35.38
2026-06-02 21:05:00,25.06,RUNNING,0.0,OFF,0.0,OFF,10.17,35.23
2026-06-02 21:10:00,25.55,RUNNING,0.0,OFF,0.0,OFF,10.2,35.76
2026-06-02 21:15:00,24.4,RUNNING,0.0,OFF,0.0,OFF,9.86,34.26
2026-06-02 21:20:00,25.29,RUNNING,0.0,OFF,0.0,OFF,9.9,35.19
2026-06-02 21:25:00,24.69,RUNNING,0.0,OFF,0.0,OFF,10.17,34.86
2026-06-02 21:30:00,25.56,RUNNING,0.0,OFF,0.0,OFF,9.98,35.54
2026-06-02 21:35:00,24.31,RUNNING,0.0,OFF,0.0,OFF,10.23,34.55
2026-06-02 21:40:00,24.68,RUNNING,0.0,OFF,0.0,OFF,9.73,34.41
2026-06-02 21:45:00,24.85,RUNNING,0.0,OFF,0.0,OFF,10.04,34.9
2026-06-02 21:50:00,25.35,RUNNING,0.0,OFF,0.0,OFF,10.17,35.51
2026-06-02 21:55:00,25.22,RUNNING,0.0,OFF,0.0,OFF,9.7,34.92
2026-06-02 22:00:00,25.42,RUNNING,0.0,OFF,0.0,OFF,9.99,35.42
2026-06-02 22:05:00,25.21,RUNNING,0.0,OFF,0.0,OFF,9.94,35.16
2026-06-02 22:10:00,24.52,RUNNING,0.0,OFF,0.0,OFF,9.92,34.44
2026-06-02 22:15:00,24.5,RUNNING,0.0,OFF,0.0,OFF,10.11,34.61
2026-06-02 22:20:00,24.75,RUNNING,0.0,OFF,0.0,OFF,9.78,34.53
2026-06-02 22:25:00,25.52,RUNNING,0.0,OFF,0.0,OFF,9.88,35.4
2026-06-02 22:30:00,24.74,RUNNING,0.0,OFF,0.0,OFF,10.23,34.97
2026-06-02 22:35:00,24.77,RUNNING,0.0,OFF,0.0,OFF,9.81,34.59
2026-06-02 22:40:00,24.57,RUNNING,0.0,OFF,0.0,OFF,10.14,34.7
2026-06-02 22:45:00,24.47,RUNNING,0.0,OFF,0.0,OFF,9.92,34.39
2026-06-02 22:50:00,24.61,RUNNING,0.0,OFF,0.0,OFF,10.02,34.63
2026-06-02 22:55:00,25.25,RUNNING,0.0,OFF,0.0,OFF,9.71,34.96
2026-06-02 23:00:00,25.08,RUNNING,0.0,OFF,0.0,OFF,9.98,35.06
2026-06-02 23:05:00,24.68,RUNNING,0.0,OFF,0.0,OFF,10.1,34.78
2026-06-02 23:10:00,24.42,RUNNING,0.0,OFF,0.0,OFF,10.2,34.62
2026-06-02 23:15:00,24.38,RUNNING,0.0,OFF,0.0,OFF,9.76,34.15
2026-06-02 23:20:00,25.04,RUNNING,0.0,OFF,0.0,OFF,9.82,34.86
2026-06-02 23:25:00,24.99,RUNNING,0.0,OFF,0.0,OFF,9.82,34.82
2026-06-02 23:30:00,25.27,RUNNING,0.0,OFF,0.0,OFF,10.24,35.52
2026-06-02 23:35:00,24.34,RUNNING,0.0,OFF,0.0,OFF,10.01,34.35
2026-06-02 23:40:00,24.57,RUNNING,0.0,OFF,0.0,OFF,10.29,34.86
2026-06-02 23:45:00,24.48,RUNNING,0.0,OFF,0.0,OFF,9.72,34.2
2026-06-02 23:50:00,25.38,RUNNING,0.0,OFF,0.0,OFF,9.76,35.14
2026-06-02 23:55:00,25.26,RUNNING,0.0,OFF,0.0,OFF,9.8,35.06
2026-06-03 00:00:00,25.61,RUNNING,0.0,OFF,0.0,OFF,9.76,35.36
2026-06-03 00:05:00,25.74,RUNNING,0.0,OFF,0.0,OFF,9.86,35.6
2026-06-03 00:10:00,25.24,RUNNING,0.0,OFF,0.0,OFF,10.18,35.42
2026-06-03 00:15:00,25.71,RUNNING,0.0,OFF,0.0,OFF,9.8,35.5
2026-06-03 00:20:00,25.29,RUNNING,0.0,OFF,0.0,OFF,9.81,35.09
2026-06-03 00:25:00,25.3,RUNNING,0.0,OFF,0.0,OFF,10.2,35.5
2026-06-03 00:30:00,24.38,RUNNING,0.0,OFF,0.0,OFF,9.95,34.33
2026-06-03 00:35:00,25.33,RUNNING,0.0,OFF,0.0,OFF,10.11,35.43
2026-06-03 00:40:00,25.76,RUNNING,0.0,OFF,0.0,OFF,10.1,35.87
2026-06-03 00:45:00,24.35,RUNNING,0.0,OFF,0.0,OFF,10.1,34.45
2026-06-03 00:50:00,24.82,RUNNING,0.0,OFF,0.0,OFF,10.2,35.02
2026-06-03 00:55:00,25.23,RUNNING,0.0,OFF,0.0,OFF,9.79,35.02
2026-06-03 01:00:00,24.32,RUNNING,0.0,OFF,0.0,OFF,9.99,34.31
2026-06-03 01:05:00,24.56,RUNNING,0.0,OFF,0.0,OFF,10.09,34.64
2026-06-03 01:10:00,25.48,RUNNING,0.0,OFF,0.0,OFF,9.97,35.45
2026-06-03 01:15:00,25.0,RUNNING,0.0,OFF,0.0,OFF,10.09,35.09
2026-06-03 01:20:00,24.2,RUNNING,0.0,OFF,0.0,OFF,9.75,33.95
2026-06-03 01:25:00,25.01,RUNNING,0.0,OFF,0.0,OFF,9.82,34.84
2026-06-03 01:30:00,24.29,RUNNING,0.0,OFF,0.0,OFF,9.83,34.12
2026-06-03 01:35:00,24.96,RUNNING,0.0,OFF,0.0,OFF,10.09,35.05
2026-06-03 01:40:00,24.55,RUNNING,0.0,OFF,0.0,OFF,9.9,34.46
2026-06-03 01:45:00,25.04,RUNNING,0.0,OFF,0.0,OFF,10.12,35.16
2026-06-03 01:50:00,25.35,RUNNING,0.0,OFF,0.0,OFF,10.13,35.48
2026-06-03 01:55:00,25.69,RUNNING,0.0,OFF,0.0,OFF,9.94,35.62
2026-06-03 02:00:00,24.37,RUNNING,0.0,OFF,0.0,OFF,9.95,34.32
2026-06-03 02:05:00,25.44,RUNNING,0.0,OFF,0.0,OFF,9.97,35.41
2026-06-03 02:10:00,25.0,RUNNING,0.0,OFF,0.0,OFF,10.02,35.02
2026-06-03 02:15:00,24.97,RUNNING,0.0,OFF,0.0,OFF,10.0,34.98
2026-06-03 02:20:00,25.37,RUNNING,0.0,OFF,0.0,OFF,9.78,35.15
2026-06-03 02:25:00,25.01,RUNNING,0.0,OFF,0.0,OFF,9.93,34.94
2026-06-03 02:30:00,24.64,RUNNING,0.0,OFF,0.0,OFF,10.28,34.92
2026-06-03 02:35:00,24.86,RUNNING,0.0,OFF,0.0,OFF,10.12,34.98
2026-06-03 02:40:00,25.58,RUNNING,0.0,OFF,0.0,OFF,10.13,35.7
2026-06-03 02:45:00,25.2,RUNNING,0.0,OFF,0.0,OFF,9.87,35.07
2026-06-03 02:50:00,25.24,RUNNING,0.0,OFF,0.0,OFF,10.27,35.52
2026-06-03 02:55:00,24.38,RUNNING,0.0,OFF,0.0,OFF,9.91,34.3
2026-06-03 03:00:00,24.87,RUNNING,0.0,OFF,0.0,OFF,10.15,35.02
2026-06-03 03:05:00,25.49,RUNNING,0.0,OFF,0.0,OFF,10.01,35.51
2026-06-03 03:10:00,24.52,RUNNING,0.0,OFF,0.0,OFF,10.15,34.67
2026-06-03 03:15:00,25.54,RUNNING,0.0,OFF,0.0,OFF,10.11,35.66
2026-06-03 03:20:00,25.5,RUNNING,0.0,OFF,0.0,OFF,9.76,35.26
2026-06-03 03:25:00,25.39,RUNNING,0.0,OFF,0.0,OFF,10.04,35.42
2026-06-03 03:30:00,24.66,RUNNING,0.0,OFF,0.0,OFF,10.1,34.76
2026-06-03 03:35:00,25.76,RUNNING,0.0,OFF,0.0,OFF,9.89,35.65
2026-06-03 03:40:00,25.19,RUNNING,0.0,OFF,0.0,OFF,10.17,35.36
2026-06-03 03:45:00,25.33,RUNNING,0.0,OFF,0.0,OFF,10.09,35.42
2026-06-03 03:50:00,25.44,RUNNING,0.0,OFF,0.0,OFF,10.28,35.72
2026-06-03 03:55:00,24.5,RUNNING,0.0,OFF,0.0,OFF,9.8,34.3
2026-06-03 04:00:00,25.09,RUNNING,0.0,OFF,0.0,OFF,9.78,34.87
2026-06-03 04:05:00,25.34,RUNNING,0.0,OFF,0.0,OFF,9.79,35.13
2026-06-03 04:10:00,25.69,RUNNING,0.0,OFF,0.0,OFF,10.07,35.76
2026-06-03 04:15:00,24.77,RUNNING,0.0,OFF,0.0,OFF,10.17,34.94
2026-06-03 04:20:00,24.31,RUNNING,0.0,OFF,0.0,OFF,10.0,34.31
2026-06-03 04:25:00,24.55,RUNNING,0.0,OFF,0.0,OFF,9.83,34.38
2026-06-03 04:30:00,25.4,RUNNING,0.0,OFF,0.0,OFF,10.02,35.42
2026-06-03 04:35:00,24.21,RUNNING,0.0,OFF,0.0,OFF,10.1,34.32
2026-06-03 04:40:00,25.19,RUNNING,0.0,OFF,0.0,OFF,10.28,35.47
2026-06-03 04:45:00,25.71,RUNNING,0.0,OFF,0.0,OFF,9.93,35.64
2026-06-03 04:50:00,25.52,RUNNING,0.0,OFF,0.0,OFF,9.92,35.44
2026-06-03 04:55:00,25.64,RUNNING,0.0,OFF,0.0,OFF,9.82,35.45
2026-06-03 05:00:00,25.73,RUNNING,0.0,OFF,0.0,OFF,10.02,35.75
2026-06-03 05:05:00,25.44,RUNNING,0.0,OFF,0.0,OFF,10.22,35.66
2026-06-03 05:10:00,25.32,RUNNING,0.0,OFF,0.0,OFF,10.29,35.61
2026-06-03 05:15:00,25.4,RUNNING,0.0,OFF,0.0,OFF,9.79,35.19
2026-06-03 05:20:00,24.29,RUNNING,0.0,OFF,0.0,OFF,10.18,34.46
2026-06-03 05:25:00,24.61,RUNNING,0.0,OFF,0.0,OFF,9.93,34.55
2026-06-03 05:30:00,25.28,RUNNING,0.0,OFF,0.0,OFF,10.02,35.3
2026-06-03 05:35:00,25.14,RUNNING,0.0,OFF,0.0,OFF,10.12,35.26
2026-06-03 05:40:00,25.46,RUNNING,0.0,OFF,0.0,OFF,9.88,35.34
2026-06-03 05:45:00,24.83,RUNNING,0.0,OFF,0.0,OFF,10.1,34.93
2026-06-03 05:50:00,24.83,RUNNING,0.0,OFF,0.0,OFF,10.18,35.0
2026-06-03 05:55:00,25.28,RUNNING,0.0,OFF,0.0,OFF,10.25,35.53
2026-06-03 06:00:00,25.09,RUNNING,0.0,OFF,0.0,OFF,10.03,35.12
2026-06-03 06:05:00,25.72,RUNNING,0.0,OFF,0.0,OFF,9.88,35.6
2026-06-03 06:10:00,25.23,RUNNING,0.0,OFF,0.0,OFF,10.01,35.24
2026-06-03 06:15:00,24.49,RUNNING,0.0,OFF,0.0,OFF,10.18,34.67
2026-06-03 06:20:00,24.94,RUNNING,0.0,OFF,0.0,OFF,10.03,34.97
2026-06-03 06:25:00,24.98,RUNNING,0.0,OFF,0.0,OFF,9.9,34.88
2026-06-03 06:30:00,25.64,RUNNING,0.0,OFF,0.0,OFF,9.89,35.53
2026-06-03 06:35:00,25.1,RUNNING,0.0,OFF,0.0,OFF,9.92,35.02
2026-06-03 06:40:00,24.55,RUNNING,0.0,OFF,0.0,OFF,10.14,34.7
2026-06-03 06:45:00,25.6,RUNNING,0.0,OFF,0.0,OFF,9.98,35.58
2026-06-03 06:50:00,25.17,RUNNING,0.0,OFF,0.0,OFF,10.21,35.38
2026-06-03 06:55:00,25.62,RUNNING,0.0,OFF,0.0,OFF,9.75,35.36
2026-06-03 07:00:00,25.13,RUNNING,0.0,OFF,0.0,OFF,9.94,35.07
2026-06-03 07:05:00,25.8,RUNNING,0.0,OFF,0.0,OFF,9.98,35.78
2026-06-03 07:10:00,25.37,RUNNING,0.0,OFF,0.0,OFF,9.87,35.25
2026-06-03 07:15:00,25.26,RUNNING,0.0,OFF,0.0,OFF,10.21,35.47
2026-06-03 07:20:00,24.91,RUNNING,0.0,OFF,0.0,OFF,9.81,34.72
2026-06-03 07:25:00,24.97,RUNNING,0.0,OFF,0.0,OFF,9.92,34.89
2026-06-03 07:30:00,24.27,RUNNING,0.0,OFF,0.0,OFF,9.82,34.09
2026-06-03 07:35:00,24.27,RUNNING,0.0,OFF,0.0,OFF,10.29,34.56
2026-06-03 07:40:00,25.54,RUNNING,0.0,OFF,0.0,OFF,9.86,35.39
2026-06-03 07:45:00,25.25,RUNNING,0.0,OFF,0.0,OFF,10.2,35.45
2026-06-03 07:50:00,24.76,RUNNING,0.0,OFF,0.0,OFF,10.22,34.99
2026-06-03 07:55:00,24.42,RUNNING,0.0,OFF,0.0,OFF,9.8,34.22
2026-06-03 08:00:00,24.78,RUNNING,20.3,RUNNING,0.0,OFF,9.77,54.85
2026-06-03 08:05:00,24.97,RUNNING,19.59,RUNNING,0.0,OFF,9.8,54.36
2026-06-03 08:10:00,24.46,RUNNING,20.18,RUNNING,0.0,OFF,9.72,54.36
2026-06-03 08:15:00,25.73,RUNNING,20.14,RUNNING,0.0,OFF,10.04,55.91
2026-06-03 08:20:00,24.34,RUNNING,19.93,RUNNING,0.0,OFF,10.3,54.56
2026-06-03 08:25:00,25.47,RUNNING,20.45,RUNNING,0.0,OFF,9.81,55.73
2026-06-03 08:30:00,24.93,RUNNING,20.13,RUNNING,0.0,OFF,9.84,54.89
2026-06-03 08:35:00,25.01,RUNNING,19.89,RUNNING,0.0,OFF,9.79,54.68
2026-06-03 08:40:00,25.45,RUNNING,20.0,RUNNING,0.0,OFF,9.77,55.23
2026-06-03 08:45:00,25.64,RUNNING,20.38,RUNNING,0.0,OFF,10.09,56.11
2026-06-03 08:50:00,24.57,RUNNING,20.42,RUNNING,0.0,OFF,10.17,55.16
2026-06-03 08:55:00,25.31,RUNNING,19.44,RUNNING,0.0,OFF,9.78,54.53
2026-06-03 09:00:00,25.6,RUNNING,19.87,RUNNING,34.38,RUNNING,10.13,89.98
2026-06-03 09:05:00,25.25,RUNNING,20.26,RUNNING,34.63,RUNNING,9.92,90.06
2026-06-03 09:10:00,24.88,RUNNING,19.81,RUNNING,34.55,RUNNING,10.11,89.35
2026-06-03 09:15:00,24.79,RUNNING,20.08,RUNNING,34.51,RUNNING,9.88,89.26
2026-06-03 09:20:00,25.25,RUNNING,20.35,RUNNING,34.89,RUNNING,10.12,90.61
2026-06-03 09:25:00,25.08,RUNNING,20.28,RUNNING,35.41,RUNNING,9.8,90.57
2026-06-03 09:30:00,25.68,RUNNING,19.91,RUNNING,34.13,RUNNING,9.83,89.55
2026-06-03 09:35:00,25.18,RUNNING,20.03,RUNNING,35.42,RUNNING,10.06,90.69
2026-06-03 09:40:00,24.52,RUNNING,20.22,RUNNING,35.61,RUNNING,9.87,90.22
2026-06-03 09:45:00,24.47,RUNNING,19.35,RUNNING,34.48,RUNNING,9.7,88.0
2026-06-03 09:50:00,24.83,RUNNING,20.12,RUNNING,35.04,RUNNING,10.14,90.13
2026-06-03 09:55:00,25.66,RUNNING,19.79,RUNNING,35.93,RUNNING,9.87,91.24
2026-06-03 10:00:00,24.62,RUNNING,19.87,RUNNING,34.21,RUNNING,9.74,88.44
2026-06-03 10:05:00,25.6,RUNNING,20.44,RUNNING,35.15,RUNNING,10.12,91.31
2026-06-03 10:10:00,25.74,RUNNING,19.94,RUNNING,34.92,RUNNING,10.05,90.65
2026-06-03 10:15:00,25.79,RUNNING,20.25,RUNNING,34.46,RUNNING,9.89,90.39
2026-06-03 10:20:00,24.6,RUNNING,19.43,RUNNING,35.35,RUNNING,10.19,89.57
2026-06-03 10:25:00,25.63,RUNNING,19.68,RUNNING,35.89,RUNNING,10.11,91.31
2026-06-03 10:30:00,25.6,RUNNING,19.59,RUNNING,34.41,RUNNING,9.85,89.44
2026-06-03 10:35:00,25.28,RUNNING,20.23,RUNNING,35.23,RUNNING,10.16,90.9
2026-06-03 10:40:00,24.99,RUNNING,20.68,RUNNING,35.79,RUNNING,10.22,91.68
2026-06-03 10:45:00,24.56,RUNNING,20.11,RUNNING,34.11,RUNNING,10.18,88.95
2026-06-03 10:50:00,25.3,RUNNING,19.54,RUNNING,35.95,RUNNING,10.12,90.91
2026-06-03 10:55:00,25.13,RUNNING,19.76,RUNNING,35.23,RUNNING,9.86,89.97
2026-06-03 11:00:00,24.79,RUNNING,20.0,RUNNING,34.42,RUNNING,10.12,89.33
2026-06-03 11:05:00,24.41,RUNNING,20.11,RUNNING,34.46,RUNNING,9.76,88.73
2026-06-03 11:10:00,24.43,RUNNING,20.64,RUNNING,34.3,RUNNING,10.18,89.56
2026-06-03 11:15:00,25.03,RUNNING,20.31,RUNNING,35.57,RUNNING,9.88,90.79
2026-06-03 11:20:00,24.3,RUNNING,20.44,RUNNING,34.95,RUNNING,10.08,89.77
2026-06-03 11:25:00,25.69,RUNNING,19.66,RUNNING,34.04,RUNNING,9.77,89.16
2026-06-03 11:30:00,25.24,RUNNING,19.54,RUNNING,35.56,RUNNING,9.91,90.26
2026-06-03 11:35:00,24.81,RUNNING,19.7,RUNNING,35.26,RUNNING,9.79,89.56
2026-06-03 11:40:00,25.11,RUNNING,20.49,RUNNING,34.14,RUNNING,9.8,89.54
2026-06-03 11:45:00,25.23,RUNNING,19.68,RUNNING,34.89,RUNNING,10.22,90.02
2026-06-03 11:50:00,24.49,RUNNING,19.33,RUNNING,35.46,RUNNING,10.1,89.38
2026-06-03 11:55:00,24.36,RUNNING,19.39,RUNNING,35.76,RUNNING,10.03,89.54
2026-06-03 12:00:00,24.62,RUNNING,3.0,STANDBY,0.0,OFF,9.79,37.41
2026-06-03 12:05:00,24.65,RUNNING,3.0,STANDBY,0.0,OFF,10.08,37.73
2026-06-03 12:10:00,25.58,RUNNING,3.0,STANDBY,0.0,OFF,9.9,38.47
2026-06-03 12:15:00,24.91,RUNNING,3.0,STANDBY,0.0,OFF,10.28,38.19
2026-06-03 12:20:00,25.22,RUNNING,3.0,STANDBY,0.0,OFF,10.04,38.26
2026-06-03 12:25:00,25.06,RUNNING,3.0,STANDBY,0.0,OFF,10.18,38.25
2026-06-03 12:30:00,24.2,RUNNING,3.0,STANDBY,0.0,OFF,10.19,37.39
2026-06-03 12:35:00,25.68,RUNNING,3.0,STANDBY,0.0,OFF,10.27,38.94
2026-06-03 12:40:00,24.57,RUNNING,3.0,STANDBY,0.0,OFF,9.7,37.27
2026-06-03 12:45:00,24.46,RUNNING,3.0,STANDBY,0.0,OFF,10.14,37.6
2026-06-03 12:50:00,24.58,RUNNING,3.0,STANDBY,0.0,OFF,10.16,37.74
2026-06-03 12:55:00,25.39,RUNNING,3.0,STANDBY,0.0,OFF,10.19,38.57
2026-06-03 13:00:00,25.22,RUNNING,20.16,RUNNING,0.0,OFF,9.86,55.25
2026-06-03 13:05:00,25.06,RUNNING,19.56,RUNNING,0.0,OFF,9.76,54.38
2026-06-03 13:10:00,24.44,RUNNING,19.99,RUNNING,0.0,OFF,9.91,54.34
2026-06-03 13:15:00,25.47,RUNNING,19.76,RUNNING,0.0,OFF,10.21,55.43
2026-06-03 13:20:00,24.95,RUNNING,19.57,RUNNING,0.0,OFF,10.2,54.73
2026-06-03 13:25:00,24.6,RUNNING,20.38,RUNNING,0.0,OFF,9.97,54.94
2026-06-03 13:30:00,25.03,RUNNING,20.67,RUNNING,0.0,OFF,9.98,55.69
2026-06-03 13:35:00,24.27,RUNNING,20.61,RUNNING,0.0,OFF,10.01,54.89
2026-06-03 13:40:00,25.58,RUNNING,19.6,RUNNING,0.0,OFF,9.77,54.95
2026-06-03 13:45:00,24.39,RUNNING,20.4,RUNNING,0.0,OFF,9.71,54.5
2026-06-03 13:50:00,24.79,RUNNING,19.43,RUNNING,0.0,OFF,9.79,54.01
2026-06-03 13:55:00,25.2,RUNNING,19.38,RUNNING,0.0,OFF,10.09,54.67
2026-06-03 14:00:00,25.77,RUNNING,20.4,RUNNING,0.0,OFF,10.15,56.33
2026-06-03 14:05:00,24.77,RUNNING,19.49,RUNNING,0.0,OFF,10.24,54.5
2026-06-03 14:10:00,24.5,RUNNING,19.56,RUNNING,0.0,OFF,9.91,53.97
2026-06-03 14:15:00,25.09,RUNNING,19.4,RUNNING,0.0,OFF,9.79,54.28
2026-06-03 14:20:00,25.22,RUNNING,19.83,RUNNING,0.0,OFF,9.81,54.86
2026-06-03 14:25:00,25.35,RUNNING,20.22,RUNNING,0.0,OFF,10.02,55.6
2026-06-03 14:30:00,25.18,RUNNING,19.75,RUNNING,0.0,OFF,10.08,55.02
2026-06-03 14:35:00,24.41,RUNNING,20.52,RUNNING,0.0,OFF,9.82,54.75
2026-06-03 14:40:00,25.25,RUNNING,20.04,RUNNING,0.0,OFF,10.12,55.41
2026-06-03 14:45:00,25.69,RUNNING,19.59,RUNNING,0.0,OFF,9.99,55.28
2026-06-03 14:50:00,25.09,RUNNING,20.61,RUNNING,0.0,OFF,9.95,55.66
2026-06-03 14:55:00,24.27,RUNNING,19.4,RUNNING,0.0,OFF,9.88,53.55
2026-06-03 15:00:00,25.05,RUNNING,19.57,RUNNING,0.0,OFF,10.02,54.63
2026-06-03 15:05:00,24.86,RUNNING,19.45,RUNNING,0.0,OFF,10.08,54.4
2026-06-03 15:10:00,24.47,RUNNING,19.55,RUNNING,0.0,OFF,9.94,53.96
2026-06-03 15:15:00,24.76,RUNNING,19.74,RUNNING,0.0,OFF,10.29,54.8
2026-06-03 15:20:00,25.36,RUNNING,20.15,RUNNING,0.0,OFF,10.04,55.55
2026-06-03 15:25:00,25.74,RUNNING,19.93,RUNNING,0.0,OFF,9.94,55.6
2026-06-03 15:30:00,25.79,RUNNING,19.72,RUNNING,0.0,OFF,9.88,55.39
2026-06-03 15:35:00,25.3,RUNNING,19.69,RUNNING,0.0,OFF,10.03,55.02
2026-06-03 15:40:00,24.77,RUNNING,19.49,RUNNING,0.0,OFF,9.92,54.18
2026-06-03 15:45:00,24.84,RUNNING,20.59,RUNNING,0.0,OFF,10.14,55.57
2026-06-03 15:50:00,25.3,RUNNING,20.11,RUNNING,0.0,OFF,10.24,55.65
2026-06-03 15:55:00,24.33,RUNNING,19.38,RUNNING,0.0,OFF,10.16,53.87
2026-06-03 16:00:00,25.59,RUNNING,19.62,RUNNING,0.0,OFF,10.09,55.3
2026-06-03 16:05:00,24.69,RUNNING,19.36,RUNNING,0.0,OFF,10.02,54.07
2026-06-03 16:10:00,25.37,RUNNING,19.85,RUNNING,0.0,OFF,9.97,55.19
2026-06-03 16:15:00,24.83,RUNNING,19.49,RUNNING,0.0,OFF,9.75,54.07
2026-06-03 16:20:00,25.0,RUNNING,20.38,RUNNING,0.0,OFF,9.78,55.16
2026-06-03 16:25:00,24.51,RUNNING,20.16,RUNNING,0.0,OFF,10.14,54.82
2026-06-03 16:30:00,25.68,RUNNING,19.43,RUNNING,0.0,OFF,10.1,55.21
2026-06-03 16:35:00,24.24,RUNNING,19.73,RUNNING,0.0,OFF,10.29,54.26
2026-06-03 16:40:00,24.27,RUNNING,20.45,RUNNING,0.0,OFF,9.82,54.54
2026-06-03 16:45:00,24.29,RUNNING,20.63,RUNNING,0.0,OFF,10.26,55.17
2026-06-03 16:50:00,24.38,RUNNING,19.93,RUNNING,0.0,OFF,9.71,54.02
2026-06-03 16:55:00,24.61,RUNNING,19.98,RUNNING,0.0,OFF,10.14,54.73
2026-06-03 17:00:00,25.26,RUNNING,0.0,OFF,0.0,OFF,9.73,34.99
2026-06-03 17:05:00,24.28,RUNNING,0.0,OFF,0.0,OFF,10.09,34.38
2026-06-03 17:10:00,25.26,RUNNING,0.0,OFF,0.0,OFF,10.22,35.47
2026-06-03 17:15:00,24.81,RUNNING,0.0,OFF,0.0,OFF,10.29,35.1
2026-06-03 17:20:00,24.5,RUNNING,0.0,OFF,0.0,OFF,10.0,34.5
2026-06-03 17:25:00,25.05,RUNNING,0.0,OFF,0.0,OFF,9.9,34.95
2026-06-03 17:30:00,25.2,RUNNING,0.0,OFF,0.0,OFF,9.84,35.04
2026-06-03 17:35:00,25.61,RUNNING,0.0,OFF,0.0,OFF,10.23,35.84
2026-06-03 17:40:00,24.44,RUNNING,0.0,OFF,0.0,OFF,10.24,34.68
2026-06-03 17:45:00,25.18,RUNNING,0.0,OFF,0.0,OFF,10.08,35.26
2026-06-03 17:50:00,25.66,RUNNING,0.0,OFF,0.0,OFF,9.9,35.55
2026-06-03 17:55:00,25.48,RUNNING,0.0,OFF,0.0,OFF,10.22,35.7
2026-06-03 18:00:00,25.79,RUNNING,0.0,OFF,0.0,OFF,10.29,36.08
2026-06-03 18:05:00,24.71,RUNNING,0.0,OFF,0.0,OFF,10.03,34.74
2026-06-03 18:10:00,25.61,RUNNING,0.0,OFF,0.0,OFF,10.14,35.74
2026-06-03 18:15:00,24.86,RUNNING,0.0,OFF,0.0,OFF,9.97,34.82
2026-06-03 18:20:00,24.64,RUNNING,0.0,OFF,0.0,OFF,10.17,34.81
2026-06-03 18:25:00,25.18,RUNNING,0.0,OFF,0.0,OFF,9.86,35.04
2026-06-03 18:30:00,25.3,RUNNING,0.0,OFF,0.0,OFF,9.92,35.22
2026-06-03 18:35:00,25.17,RUNNING,0.0,OFF,0.0,OFF,10.13,35.29
2026-06-03 18:40:00,24.42,RUNNING,0.0,OFF,0.0,OFF,9.82,34.24
2026-06-03 18:45:00,24.63,RUNNING,0.0,OFF,0.0,OFF,9.95,34.58
2026-06-03 18:50:00,24.31,RUNNING,0.0,OFF,0.0,OFF,10.26,34.56
2026-06-03 18:55:00,24.72,RUNNING,0.0,OFF,0.0,OFF,9.97,34.69
2026-06-03 19:00:00,25.38,RUNNING,0.0,OFF,0.0,OFF,9.93,35.3
2026-06-03 19:05:00,25.15,RUNNING,0.0,OFF,0.0,OFF,10.02,35.17
2026-06-03 19:10:00,24.92,RUNNING,0.0,OFF,0.0,OFF,10.2,35.12
2026-06-03 19:15:00,24.83,RUNNING,0.0,OFF,0.0,OFF,10.14,34.97
2026-06-03 19:20:00,24.28,RUNNING,0.0,OFF,0.0,OFF,9.87,34.15
2026-06-03 19:25:00,24.94,RUNNING,0.0,OFF,0.0,OFF,9.95,34.89
2026-06-03 19:30:00,24.43,RUNNING,0.0,OFF,0.0,OFF,10.2,34.63
2026-06-03 19:35:00,25.45,RUNNING,0.0,OFF,0.0,OFF,10.26,35.71
2026-06-03 19:40:00,24.92,RUNNING,0.0,OFF,0.0,OFF,9.81,34.73
2026-06-03 19:45:00,24.93,RUNNING,0.0,OFF,0.0,OFF,9.85,34.78
2026-06-03 19:50:00,25.35,RUNNING,0.0,OFF,0.0,OFF,9.77,35.12
2026-06-03 19:55:00,25.04,RUNNING,0.0,OFF,0.0,OFF,9.93,34.97
2026-06-03 20:00:00,24.81,RUNNING,0.0,OFF,0.0,OFF,9.93,34.73
2026-06-03 20:05:00,25.26,RUNNING,0.0,OFF,0.0,OFF,9.79,35.05
2026-06-03 20:10:00,24.87,RUNNING,0.0,OFF,0.0,OFF,9.89,34.76
2026-06-03 20:15:00,24.39,RUNNING,0.0,OFF,0.0,OFF,9.78,34.17
2026-06-03 20:20:00,24.93,RUNNING,0.0,OFF,0.0,OFF,10.21,35.15
2026-06-03 20:25:00,24.58,RUNNING,0.0,OFF,0.0,OFF,10.05,34.63
2026-06-03 20:30:00,25.16,RUNNING,0.0,OFF,0.0,OFF,9.85,35.01
2026-06-03 20:35:00,25.52,RUNNING,0.0,OFF,0.0,OFF,9.73,35.25
2026-06-03 20:40:00,25.57,RUNNING,0.0,OFF,0.0,OFF,10.1,35.67
2026-06-03 20:45:00,24.28,RUNNING,0.0,OFF,0.0,OFF,9.95,34.23
2026-06-03 20:50:00,25.31,RUNNING,0.0,OFF,0.0,OFF,10.06,35.36
2026-06-03 20:55:00,25.13,RUNNING,0.0,OFF,0.0,OFF,10.26,35.39
2026-06-03 21:00:00,24.81,RUNNING,0.0,OFF,0.0,OFF,9.74,34.55
2026-06-03 21:05:00,24.42,RUNNING,0.0,OFF,0.0,OFF,10.12,34.53
2026-06-03 21:10:00,25.31,RUNNING,0.0,OFF,0.0,OFF,10.07,35.38
2026-06-03 21:15:00,25.78,RUNNING,0.0,OFF,0.0,OFF,9.99,35.77
2026-06-03 21:20:00,24.66,RUNNING,0.0,OFF,0.0,OFF,10.07,34.72
2026-06-03 21:25:00,24.77,RUNNING,0.0,OFF,0.0,OFF,9.78,34.54
2026-06-03 21:30:00,24.99,RUNNING,0.0,OFF,0.0,OFF,9.81,34.8
2026-06-03 21:35:00,24.2,RUNNING,0.0,OFF,0.0,OFF,9.71,33.92
2026-06-03 21:40:00,25.48,RUNNING,0.0,OFF,0.0,OFF,10.3,35.78
2026-06-03 21:45:00,25.22,RUNNING,0.0,OFF,0.0,OFF,9.71,34.93
2026-06-03 21:50:00,24.69,RUNNING,0.0,OFF,0.0,OFF,10.0,34.7
2026-06-03 21:55:00,24.75,RUNNING,0.0,OFF,0.0,OFF,10.13,34.88
2026-06-03 22:00:00,24.73,RUNNING,0.0,OFF,0.0,OFF,9.9,34.63
2026-06-03 22:05:00,25.23,RUNNING,0.0,OFF,0.0,OFF,9.99,35.22
2026-06-03 22:10:00,24.74,RUNNING,0.0,OFF,0.0,OFF,10.17,34.91
2026-06-03 22:15:00,24.68,RUNNING,0.0,OFF,0.0,OFF,10.13,34.81
2026-06-03 22:20:00,25.3,RUNNING,0.0,OFF,0.0,OFF,10.18,35.48
2026-06-03 22:25:00,24.65,RUNNING,0.0,OFF,0.0,OFF,9.72,34.37
2026-06-03 22:30:00,25.11,RUNNING,0.0,OFF,0.0,OFF,9.93,35.05
2026-06-03 22:35:00,25.33,RUNNING,0.0,OFF,0.0,OFF,9.89,35.22
2026-06-03 22:40:00,24.58,RUNNING,0.0,OFF,0.0,OFF,9.97,34.55
2026-06-03 22:45:00,24.38,RUNNING,0.0,OFF,0.0,OFF,10.17,34.55
2026-06-03 22:50:00,24.24,RUNNING,0.0,OFF,0.0,OFF,9.99,34.23
2026-06-03 22:55:00,25.37,RUNNING,0.0,OFF,0.0,OFF,10.01,35.39
2026-06-03 23:00:00,25.52,RUNNING,0.0,OFF,0.0,OFF,10.26,35.78
2026-06-03 23:05:00,24.93,RUNNING,0.0,OFF,0.0,OFF,10.13,35.06
2026-06-03 23:10:00,25.3,RUNNING,0.0,OFF,0.0,OFF,10.06,35.36
2026-06-03 23:15:00,25.03,RUNNING,0.0,OFF,0.0,OFF,10.1,35.13
2026-06-03 23:20:00,25.63,RUNNING,0.0,OFF,0.0,OFF,9.89,35.52
2026-06-03 23:25:00,24.91,RUNNING,0.0,OFF,0.0,OFF,9.77,34.68
2026-06-03 23:30:00,25.2,RUNNING,0.0,OFF,0.0,OFF,10.01,35.21
2026-06-03 23:35:00,24.43,RUNNING,0.0,OFF,0.0,OFF,10.12,34.55
2026-06-03 23:40:00,25.18,RUNNING,0.0,OFF,0.0,OFF,9.9,35.08
2026-06-03 23:45:00,25.28,RUNNING,0.0,OFF,0.0,OFF,9.76,35.04
2026-06-03 23:50:00,25.15,RUNNING,0.0,OFF,0.0,OFF,10.06,35.21
2026-06-03 23:55:00,24.7,RUNNING,0.0,OFF,0.0,OFF,10.19,34.89
2026-06-04 00:00:00,25.76,RUNNING,0.0,OFF,0.0,OFF,10.15,35.91
2026-06-04 00:05:00,25.67,RUNNING,0.0,OFF,0.0,OFF,9.98,35.65
2026-06-04 00:10:00,24.94,RUNNING,0.0,OFF,0.0,OFF,9.84,34.78
2026-06-04 00:15:00,25.66,RUNNING,0.0,OFF,0.0,OFF,9.94,35.6
2026-06-04 00:20:00,25.61,RUNNING,0.0,OFF,0.0,OFF,9.97,35.58
2026-06-04 00:25:00,24.94,RUNNING,0.0,OFF,0.0,OFF,9.8,34.74
2026-06-04 00:30:00,24.36,RUNNING,0.0,OFF,0.0,OFF,10.19,34.56
2026-06-04 00:35:00,25.47,RUNNING,0.0,OFF,0.0,OFF,10.02,35.49
2026-06-04 00:40:00,25.08,RUNNING,0.0,OFF,0.0,OFF,10.28,35.36
2026-06-04 00:45:00,25.15,RUNNING,0.0,OFF,0.0,OFF,10.17,35.32
2026-06-04 00:50:00,24.58,RUNNING,0.0,OFF,0.0,OFF,10.1,34.68
2026-06-04 00:55:00,24.98,RUNNING,0.0,OFF,0.0,OFF,10.06,35.03
2026-06-04 01:00:00,24.48,RUNNING,0.0,OFF,0.0,OFF,10.27,34.76
2026-06-04 01:05:00,25.43,RUNNING,0.0,OFF,0.0,OFF,9.93,35.36
2026-06-04 01:10:00,25.51,RUNNING,0.0,OFF,0.0,OFF,10.23,35.74
2026-06-04 01:15:00,24.43,RUNNING,0.0,OFF,0.0,OFF,9.79,34.22
2026-06-04 01:20:00,24.51,RUNNING,0.0,OFF,0.0,OFF,10.11,34.62
2026-06-04 01:25:00,24.69,RUNNING,0.0,OFF,0.0,OFF,10.27,34.95
2026-06-04 01:30:00,24.34,RUNNING,0.0,OFF,0.0,OFF,9.7,34.05
2026-06-04 01:35:00,24.67,RUNNING,0.0,OFF,0.0,OFF,9.92,34.59
2026-06-04 01:40:00,25.51,RUNNING,0.0,OFF,0.0,OFF,9.92,35.43
2026-06-04 01:45:00,25.32,RUNNING,0.0,OFF,0.0,OFF,9.94,35.26
2026-06-04 01:50:00,25.07,RUNNING,0.0,OFF,0.0,OFF,10.1,35.17
2026-06-04 01:55:00,25.68,RUNNING,0.0,OFF,0.0,OFF,10.2,35.88
2026-06-04 02:00:00,24.41,RUNNING,0.0,OFF,0.0,OFF,9.74,34.16
2026-06-04 02:05:00,24.9,RUNNING,0.0,OFF,0.0,OFF,10.29,35.19
2026-06-04 02:10:00,24.93,RUNNING,0.0,OFF,0.0,OFF,10.17,35.1
2026-06-04 02:15:00,25.02,RUNNING,0.0,OFF,0.0,OFF,10.03,35.05
2026-06-04 02:20:00,25.17,RUNNING,0.0,OFF,0.0,OFF,10.05,35.21
2026-06-04 02:25:00,24.86,RUNNING,0.0,OFF,0.0,OFF,10.03,34.89
2026-06-04 02:30:00,25.33,RUNNING,0.0,OFF,0.0,OFF,9.77,35.1
2026-06-04 02:35:00,25.37,RUNNING,0.0,OFF,0.0,OFF,10.29,35.66
2026-06-04 02:40:00,24.33,RUNNING,0.0,OFF,0.0,OFF,10.23,34.56
2026-06-04 02:45:00,25.74,RUNNING,0.0,OFF,0.0,OFF,9.75,35.48
2026-06-04 02:50:00,24.28,RUNNING,0.0,OFF,0.0,OFF,9.91,34.19
2026-06-04 02:55:00,24.95,RUNNING,0.0,OFF,0.0,OFF,10.14,35.09
2026-06-04 03:00:00,24.66,RUNNING,0.0,OFF,0.0,OFF,9.72,34.38
2026-06-04 03:05:00,25.1,RUNNING,0.0,OFF,0.0,OFF,9.74,34.84
2026-06-04 03:10:00,25.78,RUNNING,0.0,OFF,0.0,OFF,10.19,35.97
2026-06-04 03:15:00,25.01,RUNNING,0.0,OFF,0.0,OFF,10.21,35.22
2026-06-04 03:20:00,25.57,RUNNING,0.0,OFF,0.0,OFF,9.71,35.28
2026-06-04 03:25:00,24.44,RUNNING,0.0,OFF,0.0,OFF,9.97,34.41
2026-06-04 03:30:00,24.98,RUNNING,0.0,OFF,0.0,OFF,10.18,35.16
2026-06-04 03:35:00,24.43,RUNNING,0.0,OFF,0.0,OFF,10.26,34.69
2026-06-04 03:40:00,25.43,RUNNING,0.0,OFF,0.0,OFF,9.84,35.28
2026-06-04 03:45:00,25.37,RUNNING,0.0,OFF,0.0,OFF,9.91,35.28
2026-06-04 03:50:00,24.47,RUNNING,0.0,OFF,0.0,OFF,9.94,34.41
2026-06-04 03:55:00,25.05,RUNNING,0.0,OFF,0.0,OFF,9.93,34.98
2026-06-04 04:00:00,25.59,RUNNING,0.0,OFF,0.0,OFF,9.71,35.3
2026-06-04 04:05:00,25.74,RUNNING,0.0,OFF,0.0,OFF,10.11,35.85
2026-06-04 04:10:00,25.73,RUNNING,0.0,OFF,0.0,OFF,9.96,35.69
2026-06-04 04:15:00,24.63,RUNNING,0.0,OFF,0.0,OFF,9.76,34.39
2026-06-04 04:20:00,25.4,RUNNING,0.0,OFF,0.0,OFF,10.14,35.54
2026-06-04 04:25:00,25.3,RUNNING,0.0,OFF,0.0,OFF,9.81,35.11
2026-06-04 04:30:00,24.22,RUNNING,0.0,OFF,0.0,OFF,9.76,33.98
2026-06-04 04:35:00,24.65,RUNNING,0.0,OFF,0.0,OFF,9.82,34.47
2026-06-04 04:40:00,25.25,RUNNING,0.0,OFF,0.0,OFF,10.2,35.45
2026-06-04 04:45:00,24.39,RUNNING,0.0,OFF,0.0,OFF,10.21,34.61
2026-06-04 04:50:00,25.11,RUNNING,0.0,OFF,0.0,OFF,10.28,35.39
2026-06-04 04:55:00,24.95,RUNNING,0.0,OFF,0.0,OFF,10.26,35.21
2026-06-04 05:00:00,24.88,RUNNING,0.0,OFF,0.0,OFF,10.24,35.13
2026-06-04 05:05:00,24.32,RUNNING,0.0,OFF,0.0,OFF,10.17,34.48
2026-06-04 05:10:00,25.73,RUNNING,0.0,OFF,0.0,OFF,9.86,35.59
2026-06-04 05:15:00,25.18,RUNNING,0.0,OFF,0.0,OFF,9.81,34.98
2026-06-04 05:20:00,24.55,RUNNING,0.0,OFF,0.0,OFF,10.09,34.64
2026-06-04 05:25:00,24.32,RUNNING,0.0,OFF,0.0,OFF,10.04,34.36
2026-06-04 05:30:00,24.44,RUNNING,0.0,OFF,0.0,OFF,10.08,34.52
2026-06-04 05:35:00,25.32,RUNNING,0.0,OFF,0.0,OFF,10.24,35.56
2026-06-04 05:40:00,24.99,RUNNING,0.0,OFF,0.0,OFF,9.96,34.95
2026-06-04 05:45:00,25.06,RUNNING,0.0,OFF,0.0,OFF,9.7,34.77
2026-06-04 05:50:00,25.11,RUNNING,0.0,OFF,0.0,OFF,10.26,35.37
2026-06-04 05:55:00,25.21,RUNNING,0.0,OFF,0.0,OFF,10.28,35.49
2026-06-04 06:00:00,24.94,RUNNING,0.0,OFF,0.0,OFF,10.16,35.1
2026-06-04 06:05:00,24.51,RUNNING,0.0,OFF,0.0,OFF,10.12,34.62
2026-06-04 06:10:00,25.21,RUNNING,0.0,OFF,0.0,OFF,10.14,35.35
2026-06-04 06:15:00,24.98,RUNNING,0.0,OFF,0.0,OFF,9.74,34.72
2026-06-04 06:20:00,24.92,RUNNING,0.0,OFF,0.0,OFF,10.3,35.22
2026-06-04 06:25:00,24.39,RUNNING,0.0,OFF,0.0,OFF,10.18,34.57
2026-06-04 06:30:00,24.44,RUNNING,0.0,OFF,0.0,OFF,10.05,34.49
2026-06-04 06:35:00,24.95,RUNNING,0.0,OFF,0.0,OFF,10.25,35.2
2026-06-04 06:40:00,24.28,RUNNING,0.0,OFF,0.0,OFF,9.88,34.16
2026-06-04 06:45:00,25.51,RUNNING,0.0,OFF,0.0,OFF,9.76,35.27
2026-06-04 06:50:00,24.88,RUNNING,0.0,OFF,0.0,OFF,10.19,35.07
2026-06-04 06:55:00,25.12,RUNNING,0.0,OFF,0.0,OFF,9.78,34.9
2026-06-04 07:00:00,24.74,RUNNING,0.0,OFF,0.0,OFF,9.77,34.51
2026-06-04 07:05:00,24.9,RUNNING,0.0,OFF,0.0,OFF,10.26,35.16
2026-06-04 07:10:00,25.44,RUNNING,0.0,OFF,0.0,OFF,9.71,35.15
2026-06-04 07:15:00,25.24,RUNNING,0.0,OFF,0.0,OFF,10.23,35.47
2026-06-04 07:20:00,24.53,RUNNING,0.0,OFF,0.0,OFF,10.08,34.61
2026-06-04 07:25:00,24.26,RUNNING,0.0,OFF,0.0,OFF,9.81,34.07
2026-06-04 07:30:00,24.76,RUNNING,0.0,OFF,0.0,OFF,9.7,34.46
2026-06-04 07:35:00,24.78,RUNNING,0.0,OFF,0.0,OFF,10.16,34.94
2026-06-04 07:40:00,24.64,RUNNING,0.0,OFF,0.0,OFF,9.82,34.46
2026-06-04 07:45:00,24.48,RUNNING,0.0,OFF,0.0,OFF,10.1,34.58
2026-06-04 07:50:00,24.73,RUNNING,0.0,OFF,0.0,OFF,10.18,34.92
2026-06-04 07:55:00,24.48,RUNNING,0.0,OFF,0.0,OFF,10.17,34.65
2026-06-04 08:00:00,25.15,RUNNING,19.76,RUNNING,0.0,OFF,9.82,54.72
2026-06-04 08:05:00,24.36,RUNNING,20.33,RUNNING,0.0,OFF,10.22,54.91
2026-06-04 08:10:00,25.62,RUNNING,19.5,RUNNING,0.0,OFF,10.26,55.38
2026-06-04 08:15:00,25.21,RUNNING,20.67,RUNNING,0.0,OFF,9.82,55.7
2026-06-04 08:20:00,25.56,RUNNING,19.94,RUNNING,0.0,OFF,9.8,55.31
2026-06-04 08:25:00,25.22,RUNNING,20.16,RUNNING,0.0,OFF,9.8,55.18
2026-06-04 08:30:00,24.98,RUNNING,20.69,RUNNING,0.0,OFF,10.05,55.73
2026-06-04 08:35:00,24.59,RUNNING,19.76,RUNNING,0.0,OFF,10.05,54.4
2026-06-04 08:40:00,24.21,RUNNING,20.67,RUNNING,0.0,OFF,9.72,54.6
2026-06-04 08:45:00,24.97,RUNNING,20.42,RUNNING,0.0,OFF,10.19,55.58
2026-06-04 08:50:00,25.37,RUNNING,20.63,RUNNING,0.0,OFF,9.78,55.78
2026-06-04 08:55:00,24.69,RUNNING,20.28,RUNNING,0.0,OFF,10.21,55.19
2026-06-04 09:00:00,25.6,RUNNING,19.87,RUNNING,35.58,RUNNING,9.92,90.97
2026-06-04 09:05:00,25.63,RUNNING,19.77,RUNNING,34.07,RUNNING,9.96,89.42
2026-06-04 09:10:00,25.46,RUNNING,19.41,RUNNING,35.76,RUNNING,10.14,90.78
2026-06-04 09:15:00,24.38,RUNNING,19.81,RUNNING,35.24,RUNNING,9.92,89.35
2026-06-04 09:20:00,24.53,RUNNING,20.67,RUNNING,34.48,RUNNING,9.77,89.45
2026-06-04 09:25:00,24.54,RUNNING,20.34,RUNNING,34.45,RUNNING,9.91,89.24
2026-06-04 09:30:00,24.75,RUNNING,19.98,RUNNING,35.05,RUNNING,9.77,89.56
2026-06-04 09:35:00,25.19,RUNNING,20.42,RUNNING,35.89,RUNNING,10.19,91.69
2026-06-04 09:40:00,24.33,RUNNING,20.56,RUNNING,34.58,RUNNING,10.27,89.74
2026-06-04 09:45:00,25.6,RUNNING,20.03,RUNNING,35.25,RUNNING,9.88,90.76
2026-06-04 09:50:00,24.91,RUNNING,20.2,RUNNING,34.58,RUNNING,9.74,89.43
2026-06-04 09:55:00,24.86,RUNNING,19.78,RUNNING,35.29,RUNNING,9.9,89.83
2026-06-04 10:00:00,24.69,RUNNING,19.48,RUNNING,35.58,RUNNING,9.8,89.55
2026-06-04 10:05:00,24.28,RUNNING,19.79,RUNNING,34.91,RUNNING,9.8,88.78
2026-06-04 10:10:00,25.54,RUNNING,20.27,RUNNING,35.33,RUNNING,9.79,90.94
2026-06-04 10:15:00,24.62,RUNNING,19.56,RUNNING,35.12,RUNNING,9.72,89.02
2026-06-04 10:20:00,24.46,RUNNING,19.72,RUNNING,35.84,RUNNING,9.94,89.97
2026-06-04 10:25:00,24.21,RUNNING,20.33,RUNNING,35.95,RUNNING,9.9,90.39
2026-06-04 10:30:00,25.77,RUNNING,20.1,RUNNING,34.29,RUNNING,10.04,90.21
2026-06-04 10:35:00,25.64,RUNNING,19.5,RUNNING,35.1,RUNNING,9.88,90.12
2026-06-04 10:40:00,24.29,RUNNING,20.2,RUNNING,35.17,RUNNING,9.83,89.49
2026-06-04 10:45:00,24.91,RUNNING,20.24,RUNNING,34.17,RUNNING,10.01,89.33
2026-06-04 10:50:00,25.65,RUNNING,19.81,RUNNING,34.3,RUNNING,10.21,89.97
2026-06-04 10:55:00,25.76,RUNNING,20.52,RUNNING,34.18,RUNNING,10.14,90.6
2026-06-04 11:00:00,25.49,RUNNING,20.66,RUNNING,34.85,RUNNING,10.24,91.23
2026-06-04 11:05:00,24.96,RUNNING,20.51,RUNNING,35.97,RUNNING,9.74,91.19
2026-06-04 11:10:00,25.66,RUNNING,19.88,RUNNING,35.11,RUNNING,10.13,90.78
2026-06-04 11:15:00,25.09,RUNNING,19.36,RUNNING,35.65,RUNNING,10.2,90.3
2026-06-04 11:20:00,24.2,RUNNING,19.67,RUNNING,35.91,RUNNING,10.2,89.98
2026-06-04 11:25:00,24.99,RUNNING,20.26,RUNNING,34.49,RUNNING,9.77,89.51
2026-06-04 11:30:00,25.13,RUNNING,20.09,RUNNING,35.74,RUNNING,10.08,91.03
2026-06-04 11:35:00,25.12,RUNNING,20.48,RUNNING,34.33,RUNNING,9.74,89.66
2026-06-04 11:40:00,24.64,RUNNING,19.89,RUNNING,35.82,RUNNING,9.91,90.26
2026-06-04 11:45:00,25.43,RUNNING,19.56,RUNNING,34.19,RUNNING,10.15,89.32
2026-06-04 11:50:00,24.68,RUNNING,20.26,RUNNING,35.38,RUNNING,9.76,90.08
2026-06-04 11:55:00,24.8,RUNNING,19.98,RUNNING,34.68,RUNNING,10.25,89.7
2026-06-04 12:00:00,25.64,RUNNING,3.0,STANDBY,0.0,OFF,10.07,38.7
2026-06-04 12:05:00,25.41,RUNNING,3.0,STANDBY,0.0,OFF,9.77,38.18
2026-06-04 12:10:00,24.97,RUNNING,3.0,STANDBY,0.0,OFF,9.89,37.85
2026-06-04 12:15:00,25.42,RUNNING,3.0,STANDBY,0.0,OFF,9.91,38.33
2026-06-04 12:20:00,25.57,RUNNING,3.0,STANDBY,0.0,OFF,9.79,38.36
2026-06-04 12:25:00,25.31,RUNNING,3.0,STANDBY,0.0,OFF,10.17,38.48
2026-06-04 12:30:00,24.37,RUNNING,3.0,STANDBY,0.0,OFF,10.18,37.55
2026-06-04 12:35:00,24.31,RUNNING,3.0,STANDBY,0.0,OFF,10.1,37.41
2026-06-04 12:40:00,25.64,RUNNING,3.0,STANDBY,0.0,OFF,9.81,38.45
2026-06-04 12:45:00,25.72,RUNNING,3.0,STANDBY,0.0,OFF,9.91,38.63
2026-06-04 12:50:00,25.11,RUNNING,3.0,STANDBY,0.0,OFF,9.76,37.87
2026-06-04 12:55:00,24.65,RUNNING,3.0,STANDBY,0.0,OFF,10.24,37.89
2026-06-04 13:00:00,25.01,RUNNING,20.29,RUNNING,0.0,OFF,9.92,55.22
2026-06-04 13:05:00,24.77,RUNNING,19.83,RUNNING,0.0,OFF,9.83,54.43
2026-06-04 13:10:00,24.38,RUNNING,19.49,RUNNING,0.0,OFF,10.16,54.02
2026-06-04 13:15:00,24.39,RUNNING,19.7,RUNNING,0.0,OFF,10.06,54.14
2026-06-04 13:20:00,24.66,RUNNING,20.5,RUNNING,0.0,OFF,9.81,54.98
2026-06-04 13:25:00,24.49,RUNNING,20.7,RUNNING,0.0,OFF,9.99,55.18
2026-06-04 13:30:00,24.43,RUNNING,19.86,RUNNING,0.0,OFF,10.05,54.34
2026-06-04 13:35:00,25.76,RUNNING,19.77,RUNNING,0.0,OFF,10.06,55.59
2026-06-04 13:40:00,24.65,RUNNING,20.3,RUNNING,0.0,OFF,10.05,54.99
2026-06-04 13:45:00,24.96,RUNNING,20.14,RUNNING,0.0,OFF,9.94,55.05
2026-06-04 13:50:00,24.6,RUNNING,20.0,RUNNING,0.0,OFF,10.08,54.67
2026-06-04 13:55:00,25.28,RUNNING,20.66,RUNNING,0.0,OFF,9.93,55.88
2026-06-04 14:00:00,24.32,RUNNING,20.35,RUNNING,0.0,OFF,10.16,54.84
2026-06-04 14:05:00,24.62,RUNNING,19.78,RUNNING,0.0,OFF,10.22,54.62
2026-06-04 14:10:00,25.66,RUNNING,19.84,RUNNING,0.0,OFF,9.89,55.39
2026-06-04 14:15:00,25.58,RUNNING,19.72,RUNNING,0.0,OFF,10.12,55.42
2026-06-04 14:20:00,24.38,RUNNING,20.25,RUNNING,0.0,OFF,10.1,54.72
2026-06-04 14:25:00,25.01,RUNNING,19.85,RUNNING,0.0,OFF,10.0,54.86
2026-06-04 14:30:00,24.71,RUNNING,19.34,RUNNING,0.0,OFF,9.73,53.78
2026-06-04 14:35:00,25.63,RUNNING,19.78,RUNNING,0.0,OFF,9.76,55.16
2026-06-04 14:40:00,24.6,RUNNING,20.21,RUNNING,0.0,OFF,10.06,54.86
2026-06-04 14:45:00,24.23,RUNNING,19.76,RUNNING,0.0,OFF,9.98,53.96
2026-06-04 14:50:00,25.31,RUNNING,20.12,RUNNING,0.0,OFF,10.29,55.73
2026-06-04 14:55:00,24.36,RUNNING,20.25,RUNNING,0.0,OFF,9.9,54.51
2026-06-04 15:00:00,24.78,RUNNING,19.91,RUNNING,0.0,OFF,10.0,54.69
2026-06-04 15:05:00,24.66,RUNNING,19.37,RUNNING,0.0,OFF,10.3,54.32
2026-06-04 15:10:00,25.55,RUNNING,19.43,RUNNING,0.0,OFF,9.9,54.89
2026-06-04 15:15:00,25.47,RUNNING,20.21,RUNNING,0.0,OFF,9.88,55.57
2026-06-04 15:20:00,24.84,RUNNING,20.17,RUNNING,0.0,OFF,9.97,54.99
2026-06-04 15:25:00,25.58,RUNNING,20.11,RUNNING,0.0,OFF,9.83,55.52
2026-06-04 15:30:00,25.05,RUNNING,20.16,RUNNING,0.0,OFF,10.16,55.37
2026-06-04 15:35:00,24.78,RUNNING,19.51,RUNNING,0.0,OFF,9.79,54.08
2026-06-04 15:40:00,25.53,RUNNING,19.39,RUNNING,0.0,OFF,9.82,54.74
2026-06-04 15:45:00,25.16,RUNNING,19.87,RUNNING,0.0,OFF,9.77,54.8
2026-06-04 15:50:00,25.1,RUNNING,19.91,RUNNING,0.0,OFF,10.09,55.09
2026-06-04 15:55:00,25.49,RUNNING,20.22,RUNNING,0.0,OFF,9.81,55.51
2026-06-04 16:00:00,25.58,RUNNING,19.42,RUNNING,0.0,OFF,10.06,55.05
2026-06-04 16:05:00,25.25,RUNNING,19.43,RUNNING,0.0,OFF,10.27,54.94
2026-06-04 16:10:00,25.69,RUNNING,20.03,RUNNING,0.0,OFF,10.2,55.92
2026-06-04 16:15:00,24.58,RUNNING,19.47,RUNNING,0.0,OFF,10.18,54.24
2026-06-04 16:20:00,24.58,RUNNING,19.89,RUNNING,0.0,OFF,9.79,54.26
2026-06-04 16:25:00,25.14,RUNNING,19.99,RUNNING,0.0,OFF,9.92,55.05
2026-06-04 16:30:00,25.74,RUNNING,20.53,RUNNING,0.0,OFF,10.26,56.53
2026-06-04 16:35:00,25.75,RUNNING,20.15,RUNNING,0.0,OFF,10.2,56.1
2026-06-04 16:40:00,24.58,RUNNING,20.07,RUNNING,0.0,OFF,9.89,54.54
2026-06-04 16:45:00,25.59,RUNNING,20.5,RUNNING,0.0,OFF,9.93,56.02
2026-06-04 16:50:00,24.34,RUNNING,20.45,RUNNING,0.0,OFF,9.84,54.64
2026-06-04 16:55:00,25.61,RUNNING,20.37,RUNNING,0.0,OFF,9.94,55.92
2026-06-04 17:00:00,24.95,RUNNING,0.0,OFF,0.0,OFF,9.95,34.9
2026-06-04 17:05:00,25.52,RUNNING,0.0,OFF,0.0,OFF,10.12,35.64
2026-06-04 17:10:00,25.38,RUNNING,0.0,OFF,0.0,OFF,9.97,35.35
2026-06-04 17:15:00,25.47,RUNNING,0.0,OFF,0.0,OFF,9.78,35.25
2026-06-04 17:20:00,24.45,RUNNING,0.0,OFF,0.0,OFF,10.01,34.46
2026-06-04 17:25:00,25.3,RUNNING,0.0,OFF,0.0,OFF,10.18,35.47
2026-06-04 17:30:00,25.3,RUNNING,0.0,OFF,0.0,OFF,10.2,35.5
2026-06-04 17:35:00,25.6,RUNNING,0.0,OFF,0.0,OFF,10.27,35.87
2026-06-04 17:40:00,25.24,RUNNING,0.0,OFF,0.0,OFF,10.08,35.31
2026-06-04 17:45:00,24.47,RUNNING,0.0,OFF,0.0,OFF,9.94,34.41
2026-06-04 17:50:00,25.72,RUNNING,0.0,OFF,0.0,OFF,9.77,35.49
2026-06-04 17:55:00,25.28,RUNNING,0.0,OFF,0.0,OFF,9.77,35.05
2026-06-04 18:00:00,24.66,RUNNING,0.0,OFF,0.0,OFF,10.0,34.66
2026-06-04 18:05:00,25.79,RUNNING,0.0,OFF,0.0,OFF,9.87,35.66
2026-06-04 18:10:00,24.43,RUNNING,0.0,OFF,0.0,OFF,9.87,34.31
2026-06-04 18:15:00,24.79,RUNNING,0.0,OFF,0.0,OFF,10.11,34.9
2026-06-04 18:20:00,24.72,RUNNING,0.0,OFF,0.0,OFF,10.12,34.83
2026-06-04 18:25:00,25.38,RUNNING,0.0,OFF,0.0,OFF,9.85,35.23
2026-06-04 18:30:00,24.58,RUNNING,0.0,OFF,0.0,OFF,10.24,34.82
2026-06-04 18:35:00,25.16,RUNNING,0.0,OFF,0.0,OFF,10.15,35.31
2026-06-04 18:40:00,24.68,RUNNING,0.0,OFF,0.0,OFF,9.94,34.62
2026-06-04 18:45:00,25.13,RUNNING,0.0,OFF,0.0,OFF,9.86,34.98
2026-06-04 18:50:00,24.41,RUNNING,0.0,OFF,0.0,OFF,9.89,34.3
2026-06-04 18:55:00,24.27,RUNNING,0.0,OFF,0.0,OFF,9.78,34.05
2026-06-04 19:00:00,25.68,RUNNING,0.0,OFF,0.0,OFF,9.87,35.55
2026-06-04 19:05:00,24.62,RUNNING,0.0,OFF,0.0,OFF,9.89,34.51
2026-06-04 19:10:00,25.42,RUNNING,0.0,OFF,0.0,OFF,9.79,35.21
2026-06-04 19:15:00,24.29,RUNNING,0.0,OFF,0.0,OFF,9.79,34.07
2026-06-04 19:20:00,25.33,RUNNING,0.0,OFF,0.0,OFF,9.96,35.29
2026-06-04 19:25:00,24.77,RUNNING,0.0,OFF,0.0,OFF,10.13,34.9
2026-06-04 19:30:00,25.59,RUNNING,0.0,OFF,0.0,OFF,9.77,35.36
2026-06-04 19:35:00,24.47,RUNNING,0.0,OFF,0.0,OFF,10.01,34.47
2026-06-04 19:40:00,25.13,RUNNING,0.0,OFF,0.0,OFF,10.28,35.42
2026-06-04 19:45:00,24.32,RUNNING,0.0,OFF,0.0,OFF,10.16,34.48
2026-06-04 19:50:00,25.29,RUNNING,0.0,OFF,0.0,OFF,10.11,35.4
2026-06-04 19:55:00,25.54,RUNNING,0.0,OFF,0.0,OFF,9.79,35.33
2026-06-04 20:00:00,24.93,RUNNING,0.0,OFF,0.0,OFF,10.27,35.2
2026-06-04 20:05:00,25.25,RUNNING,0.0,OFF,0.0,OFF,10.27,35.52
2026-06-04 20:10:00,25.73,RUNNING,0.0,OFF,0.0,OFF,10.04,35.77
2026-06-04 20:15:00,24.72,RUNNING,0.0,OFF,0.0,OFF,9.73,34.45
2026-06-04 20:20:00,24.84,RUNNING,0.0,OFF,0.0,OFF,9.81,34.64
2026-06-04 20:25:00,25.56,RUNNING,0.0,OFF,0.0,OFF,9.8,35.36
2026-06-04 20:30:00,25.25,RUNNING,0.0,OFF,0.0,OFF,9.77,35.02
2026-06-04 20:35:00,24.7,RUNNING,0.0,OFF,0.0,OFF,10.11,34.81
2026-06-04 20:40:00,25.02,RUNNING,0.0,OFF,0.0,OFF,9.99,35.01
2026-06-04 20:45:00,24.88,RUNNING,0.0,OFF,0.0,OFF,10.15,35.03
2026-06-04 20:50:00,24.88,RUNNING,0.0,OFF,0.0,OFF,9.72,34.61
2026-06-04 20:55:00,25.3,RUNNING,0.0,OFF,0.0,OFF,9.79,35.09
2026-06-04 21:00:00,24.67,RUNNING,0.0,OFF,0.0,OFF,9.96,34.63
2026-06-04 21:05:00,24.4,RUNNING,0.0,OFF,0.0,OFF,10.24,34.65
2026-06-04 21:10:00,24.28,RUNNING,0.0,OFF,0.0,OFF,9.75,34.02
2026-06-04 21:15:00,24.35,RUNNING,0.0,OFF,0.0,OFF,10.1,34.45
2026-06-04 21:20:00,24.33,RUNNING,0.0,OFF,0.0,OFF,10.0,34.33
2026-06-04 21:25:00,24.49,RUNNING,0.0,OFF,0.0,OFF,9.94,34.43
2026-06-04 21:30:00,25.14,RUNNING,0.0,OFF,0.0,OFF,9.97,35.11
2026-06-04 21:35:00,25.75,RUNNING,0.0,OFF,0.0,OFF,10.22,35.97
2026-06-04 21:40:00,25.17,RUNNING,0.0,OFF,0.0,OFF,10.22,35.39
2026-06-04 21:45:00,24.39,RUNNING,0.0,OFF,0.0,OFF,9.8,34.19
2026-06-04 21:50:00,25.75,RUNNING,0.0,OFF,0.0,OFF,10.06,35.81
2026-06-04 21:55:00,24.78,RUNNING,0.0,OFF,0.0,OFF,10.1,34.88
2026-06-04 22:00:00,24.4,RUNNING,0.0,OFF,0.0,OFF,9.71,34.11
2026-06-04 22:05:00,25.57,RUNNING,0.0,OFF,0.0,OFF,9.83,35.4
2026-06-04 22:10:00,25.2,RUNNING,0.0,OFF,0.0,OFF,10.17,35.38
2026-06-04 22:15:00,24.96,RUNNING,0.0,OFF,0.0,OFF,9.71,34.67
2026-06-04 22:20:00,25.74,RUNNING,0.0,OFF,0.0,OFF,9.98,35.73
2026-06-04 22:25:00,25.11,RUNNING,0.0,OFF,0.0,OFF,10.2,35.31
2026-06-04 22:30:00,25.34,RUNNING,0.0,OFF,0.0,OFF,10.29,35.63
2026-06-04 22:35:00,25.09,RUNNING,0.0,OFF,0.0,OFF,9.87,34.96
2026-06-04 22:40:00,25.18,RUNNING,0.0,OFF,0.0,OFF,10.11,35.29
2026-06-04 22:45:00,25.05,RUNNING,0.0,OFF,0.0,OFF,9.95,35.0
2026-06-04 22:50:00,24.87,RUNNING,0.0,OFF,0.0,OFF,9.98,34.85
2026-06-04 22:55:00,25.32,RUNNING,0.0,OFF,0.0,OFF,9.71,35.03
2026-06-04 23:00:00,24.57,RUNNING,0.0,OFF,0.0,OFF,9.83,34.4
2026-06-04 23:05:00,25.55,RUNNING,0.0,OFF,0.0,OFF,10.09,35.64
2026-06-04 23:10:00,25.74,RUNNING,0.0,OFF,0.0,OFF,10.2,35.94
2026-06-04 23:15:00,25.48,RUNNING,0.0,OFF,0.0,OFF,10.21,35.69
2026-06-04 23:20:00,25.27,RUNNING,0.0,OFF,0.0,OFF,9.78,35.04
2026-06-04 23:25:00,24.87,RUNNING,0.0,OFF,0.0,OFF,10.3,35.16
2026-06-04 23:30:00,24.23,RUNNING,0.0,OFF,0.0,OFF,10.23,34.46
2026-06-04 23:35:00,25.63,RUNNING,0.0,OFF,0.0,OFF,9.72,35.35
2026-06-04 23:40:00,24.39,RUNNING,0.0,OFF,0.0,OFF,9.83,34.23
2026-06-04 23:45:00,24.27,RUNNING,0.0,OFF,0.0,OFF,10.23,34.5
2026-06-04 23:50:00,25.02,RUNNING,0.0,OFF,0.0,OFF,10.1,35.13
2026-06-04 23:55:00,24.93,RUNNING,0.0,OFF,0.0,OFF,10.2,35.14
2026-06-05 00:00:00,25.45,RUNNING,0.0,OFF,0.0,OFF,10.27,35.72
2026-06-05 00:05:00,25.21,RUNNING,0.0,OFF,0.0,OFF,10.22,35.43
2026-06-05 00:10:00,24.91,RUNNING,0.0,OFF,0.0,OFF,10.0,34.91
2026-06-05 00:15:00,24.74,RUNNING,0.0,OFF,0.0,OFF,9.78,34.52
2026-06-05 00:20:00,25.43,RUNNING,0.0,OFF,0.0,OFF,9.85,35.28
2026-06-05 00:25:00,24.34,RUNNING,0.0,OFF,0.0,OFF,9.92,34.26
2026-06-05 00:30:00,24.44,RUNNING,0.0,OFF,0.0,OFF,10.15,34.59
2026-06-05 00:35:00,24.86,RUNNING,0.0,OFF,0.0,OFF,9.95,34.81
2026-06-05 00:40:00,24.78,RUNNING,0.0,OFF,0.0,OFF,9.72,34.5
2026-06-05 00:45:00,25.71,RUNNING,0.0,OFF,0.0,OFF,9.75,35.46
2026-06-05 00:50:00,24.3,RUNNING,0.0,OFF,0.0,OFF,10.16,34.45
2026-06-05 00:55:00,24.29,RUNNING,0.0,OFF,0.0,OFF,10.08,34.37
2026-06-05 01:00:00,24.67,RUNNING,0.0,OFF,0.0,OFF,9.94,34.61
2026-06-05 01:05:00,25.39,RUNNING,0.0,OFF,0.0,OFF,10.25,35.63
2026-06-05 01:10:00,25.67,RUNNING,0.0,OFF,0.0,OFF,10.12,35.79
2026-06-05 01:15:00,25.46,RUNNING,0.0,OFF,0.0,OFF,10.09,35.55
2026-06-05 01:20:00,24.85,RUNNING,0.0,OFF,0.0,OFF,9.82,34.67
2026-06-05 01:25:00,25.36,RUNNING,0.0,OFF,0.0,OFF,10.14,35.5
2026-06-05 01:30:00,24.35,RUNNING,0.0,OFF,0.0,OFF,10.03,34.38
2026-06-05 01:35:00,24.24,RUNNING,0.0,OFF,0.0,OFF,10.18,34.42
2026-06-05 01:40:00,25.36,RUNNING,0.0,OFF,0.0,OFF,10.29,35.65
2026-06-05 01:45:00,25.2,RUNNING,0.0,OFF,0.0,OFF,9.91,35.12
2026-06-05 01:50:00,24.68,RUNNING,0.0,OFF,0.0,OFF,10.14,34.82
2026-06-05 01:55:00,25.78,RUNNING,0.0,OFF,0.0,OFF,10.04,35.82
2026-06-05 02:00:00,25.15,RUNNING,0.0,OFF,0.0,OFF,9.91,35.06
2026-06-05 02:05:00,25.28,RUNNING,0.0,OFF,0.0,OFF,10.13,35.4
2026-06-05 02:10:00,25.13,RUNNING,0.0,OFF,0.0,OFF,10.19,35.33
2026-06-05 02:15:00,25.53,RUNNING,0.0,OFF,0.0,OFF,9.75,35.27
2026-06-05 02:20:00,24.91,RUNNING,0.0,OFF,0.0,OFF,9.92,34.84
2026-06-05 02:25:00,24.83,RUNNING,0.0,OFF,0.0,OFF,9.86,34.69
2026-06-05 02:30:00,25.69,RUNNING,0.0,OFF,0.0,OFF,9.99,35.68
2026-06-05 02:35:00,24.4,RUNNING,0.0,OFF,0.0,OFF,10.13,34.53
2026-06-05 02:40:00,24.39,RUNNING,0.0,OFF,0.0,OFF,9.83,34.22
2026-06-05 02:45:00,24.79,RUNNING,0.0,OFF,0.0,OFF,10.27,35.06
2026-06-05 02:50:00,25.11,RUNNING,0.0,OFF,0.0,OFF,9.72,34.84
2026-06-05 02:55:00,24.69,RUNNING,0.0,OFF,0.0,OFF,9.99,34.68
2026-06-05 03:00:00,24.28,RUNNING,0.0,OFF,0.0,OFF,10.24,34.51
2026-06-05 03:05:00,24.98,RUNNING,0.0,OFF,0.0,OFF,9.77,34.76
2026-06-05 03:10:00,25.12,RUNNING,0.0,OFF,0.0,OFF,10.04,35.16
2026-06-05 03:15:00,25.35,RUNNING,0.0,OFF,0.0,OFF,10.06,35.42
2026-06-05 03:20:00,24.92,RUNNING,0.0,OFF,0.0,OFF,9.97,34.89
2026-06-05 03:25:00,25.26,RUNNING,0.0,OFF,0.0,OFF,9.95,35.21
2026-06-05 03:30:00,25.73,RUNNING,0.0,OFF,0.0,OFF,10.23,35.97
2026-06-05 03:35:00,25.33,RUNNING,0.0,OFF,0.0,OFF,10.04,35.37
2026-06-05 03:40:00,24.4,RUNNING,0.0,OFF,0.0,OFF,10.04,34.43
2026-06-05 03:45:00,24.28,RUNNING,0.0,OFF,0.0,OFF,10.04,34.33
2026-06-05 03:50:00,24.39,RUNNING,0.0,OFF,0.0,OFF,10.26,34.65
2026-06-05 03:55:00,24.59,RUNNING,0.0,OFF,0.0,OFF,10.12,34.72
2026-06-05 04:00:00,25.17,RUNNING,0.0,OFF,0.0,OFF,9.94,35.11
2026-06-05 04:05:00,24.9,RUNNING,0.0,OFF,0.0,OFF,9.95,34.85
2026-06-05 04:10:00,24.38,RUNNING,0.0,OFF,0.0,OFF,9.76,34.14
2026-06-05 04:15:00,24.34,RUNNING,0.0,OFF,0.0,OFF,9.88,34.23
2026-06-05 04:20:00,24.72,RUNNING,0.0,OFF,0.0,OFF,9.72,34.44
2026-06-05 04:25:00,24.86,RUNNING,0.0,OFF,0.0,OFF,9.89,34.76
2026-06-05 04:30:00,24.52,RUNNING,0.0,OFF,0.0,OFF,10.15,34.68
2026-06-05 04:35:00,24.82,RUNNING,0.0,OFF,0.0,OFF,9.77,34.59
2026-06-05 04:40:00,24.97,RUNNING,0.0,OFF,0.0,OFF,9.94,34.92
2026-06-05 04:45:00,25.74,RUNNING,0.0,OFF,0.0,OFF,10.11,35.85
2026-06-05 04:50:00,24.69,RUNNING,0.0,OFF,0.0,OFF,9.94,34.63
2026-06-05 04:55:00,25.75,RUNNING,0.0,OFF,0.0,OFF,9.92,35.67
2026-06-05 05:00:00,24.88,RUNNING,0.0,OFF,0.0,OFF,10.25,35.12
2026-06-05 05:05:00,25.53,RUNNING,0.0,OFF,0.0,OFF,9.87,35.4
2026-06-05 05:10:00,24.97,RUNNING,0.0,OFF,0.0,OFF,10.06,35.03
2026-06-05 05:15:00,25.21,RUNNING,0.0,OFF,0.0,OFF,10.05,35.26
2026-06-05 05:20:00,25.1,RUNNING,0.0,OFF,0.0,OFF,9.88,34.98
2026-06-05 05:25:00,25.09,RUNNING,0.0,OFF,0.0,OFF,9.87,34.96
2026-06-05 05:30:00,24.71,RUNNING,0.0,OFF,0.0,OFF,10.11,34.82
2026-06-05 05:35:00,24.92,RUNNING,0.0,OFF,0.0,OFF,9.85,34.77
2026-06-05 05:40:00,25.16,RUNNING,0.0,OFF,0.0,OFF,9.71,34.87
2026-06-05 05:45:00,24.96,RUNNING,0.0,OFF,0.0,OFF,10.24,35.2
2026-06-05 05:50:00,25.33,RUNNING,0.0,OFF,0.0,OFF,10.16,35.48
2026-06-05 05:55:00,24.32,RUNNING,0.0,OFF,0.0,OFF,9.72,34.04
2026-06-05 06:00:00,25.5,RUNNING,0.0,OFF,0.0,OFF,10.2,35.7
2026-06-05 06:05:00,24.21,RUNNING,0.0,OFF,0.0,OFF,9.98,34.19
2026-06-05 06:10:00,24.65,RUNNING,0.0,OFF,0.0,OFF,10.25,34.9
2026-06-05 06:15:00,25.35,RUNNING,0.0,OFF,0.0,OFF,9.84,35.19
2026-06-05 06:20:00,25.33,RUNNING,0.0,OFF,0.0,OFF,9.83,35.16
2026-06-05 06:25:00,25.11,RUNNING,0.0,OFF,0.0,OFF,10.0,35.11
2026-06-05 06:30:00,25.1,RUNNING,0.0,OFF,0.0,OFF,9.74,34.84
2026-06-05 06:35:00,24.56,RUNNING,0.0,OFF,0.0,OFF,10.01,34.58
2026-06-05 06:40:00,25.31,RUNNING,0.0,OFF,0.0,OFF,10.02,35.33
2026-06-05 06:45:00,25.23,RUNNING,0.0,OFF,0.0,OFF,10.27,35.49
2026-06-05 06:50:00,24.64,RUNNING,0.0,OFF,0.0,OFF,10.11,34.75
2026-06-05 06:55:00,24.64,RUNNING,0.0,OFF,0.0,OFF,9.95,34.6
2026-06-05 07:00:00,25.11,RUNNING,0.0,OFF,0.0,OFF,9.72,34.83
2026-06-05 07:05:00,24.6,RUNNING,0.0,OFF,0.0,OFF,9.8,34.4
2026-06-05 07:10:00,25.49,RUNNING,0.0,OFF,0.0,OFF,10.06,35.55
2026-06-05 07:15:00,24.58,RUNNING,0.0,OFF,0.0,OFF,9.9,34.49
2026-06-05 07:20:00,25.19,RUNNING,0.0,OFF,0.0,OFF,10.16,35.35
2026-06-05 07:25:00,24.25,RUNNING,0.0,OFF,0.0,OFF,9.89,34.14
2026-06-05 07:30:00,24.91,RUNNING,0.0,OFF,0.0,OFF,9.88,34.79
2026-06-05 07:35:00,24.81,RUNNING,0.0,OFF,0.0,OFF,9.76,34.57
2026-06-05 07:40:00,24.81,RUNNING,0.0,OFF,0.0,OFF,10.18,34.99
2026-06-05 07:45:00,25.45,RUNNING,0.0,OFF,0.0,OFF,9.97,35.43
2026-06-05 07:50:00,24.31,RUNNING,0.0,OFF,0.0,OFF,10.17,34.48
2026-06-05 07:55:00,25.36,RUNNING,0.0,OFF,0.0,OFF,9.97,35.33
2026-06-05 08:00:00,24.9,RUNNING,20.64,RUNNING,0.0,OFF,10.15,55.69
2026-06-05 08:05:00,24.75,RUNNING,19.82,RUNNING,0.0,OFF,9.7,54.27
2026-06-05 08:10:00,25.54,RUNNING,20.5,RUNNING,0.0,OFF,9.95,55.99
2026-06-05 08:15:00,25.27,RUNNING,20.27,RUNNING,0.0,OFF,10.29,55.83
2026-06-05 08:20:00,24.87,RUNNING,19.53,RUNNING,0.0,OFF,9.97,54.37
2026-06-05 08:25:00,24.56,RUNNING,19.62,RUNNING,0.0,OFF,10.07,54.25
2026-06-05 08:30:00,24.53,RUNNING,19.56,RUNNING,0.0,OFF,10.29,54.38
2026-06-05 08:35:00,24.66,RUNNING,19.57,RUNNING,0.0,OFF,10.05,54.29
2026-06-05 08:40:00,24.48,RUNNING,20.54,RUNNING,0.0,OFF,10.13,55.15
2026-06-05 08:45:00,25.55,RUNNING,20.57,RUNNING,0.0,OFF,9.71,55.84
2026-06-05 08:50:00,24.69,RUNNING,19.64,RUNNING,0.0,OFF,10.19,54.51
2026-06-05 08:55:00,25.61,RUNNING,19.39,RUNNING,0.0,OFF,9.79,54.78
2026-06-05 09:00:00,24.8,RUNNING,20.14,RUNNING,35.95,RUNNING,9.85,90.74
2026-06-05 09:05:00,25.46,RUNNING,19.76,RUNNING,34.11,RUNNING,10.18,89.51
2026-06-05 09:10:00,24.33,RUNNING,19.96,RUNNING,35.33,RUNNING,9.74,89.36
2026-06-05 09:15:00,24.94,RUNNING,19.75,RUNNING,34.75,RUNNING,10.12,89.56
2026-06-05 09:20:00,25.13,RUNNING,19.35,RUNNING,34.44,RUNNING,9.82,88.75
2026-06-05 09:25:00,25.7,RUNNING,19.82,RUNNING,35.1,RUNNING,9.78,90.4
2026-06-05 09:30:00,25.19,RUNNING,19.9,RUNNING,34.94,RUNNING,9.95,89.97
2026-06-05 09:35:00,25.23,RUNNING,19.8,RUNNING,34.16,RUNNING,10.21,89.41
2026-06-05 09:40:00,24.31,RUNNING,19.35,RUNNING,34.4,RUNNING,9.82,87.89
2026-06-05 09:45:00,25.33,RUNNING,20.7,RUNNING,36.0,RUNNING,10.15,92.17
2026-06-05 09:50:00,25.52,RUNNING,20.4,RUNNING,34.81,RUNNING,9.94,90.66
2026-06-05 09:55:00,24.44,RUNNING,19.86,RUNNING,34.45,RUNNING,10.15,88.9
2026-06-05 10:00:00,24.94,RUNNING,20.41,RUNNING,34.63,RUNNING,9.81,89.79
2026-06-05 10:05:00,24.8,RUNNING,20.11,RUNNING,34.26,RUNNING,10.27,89.43
2026-06-05 10:10:00,25.3,RUNNING,19.86,RUNNING,35.56,RUNNING,10.02,90.74
2026-06-05 10:15:00,25.72,RUNNING,19.76,RUNNING,35.26,RUNNING,10.06,90.81
2026-06-05 10:20:00,25.06,RUNNING,19.56,RUNNING,34.22,RUNNING,10.04,88.88
2026-06-05 10:25:00,25.08,RUNNING,19.34,RUNNING,35.38,RUNNING,9.99,89.8
2026-06-05 10:30:00,25.26,RUNNING,19.4,RUNNING,34.11,RUNNING,10.01,88.78
2026-06-05 10:35:00,25.06,RUNNING,19.97,RUNNING,34.14,RUNNING,10.27,89.44
2026-06-05 10:40:00,25.34,RUNNING,19.96,RUNNING,35.21,RUNNING,10.26,90.77
2026-06-05 10:45:00,24.43,RUNNING,19.39,RUNNING,34.8,RUNNING,10.18,88.8
2026-06-05 10:50:00,25.38,RUNNING,19.7,RUNNING,35.76,RUNNING,9.97,90.82
2026-06-05 10:55:00,24.48,RUNNING,19.65,RUNNING,35.8,RUNNING,10.14,90.07
2026-06-05 11:00:00,24.83,RUNNING,20.62,RUNNING,34.48,RUNNING,10.22,90.16
2026-06-05 11:05:00,25.36,RUNNING,19.6,RUNNING,34.99,RUNNING,10.3,90.24
2026-06-05 11:10:00,25.43,RUNNING,19.76,RUNNING,34.9,RUNNING,9.85,89.94
2026-06-05 11:15:00,25.4,RUNNING,19.83,RUNNING,35.49,RUNNING,10.21,90.94
2026-06-05 11:20:00,24.72,RUNNING,20.35,RUNNING,34.97,RUNNING,9.74,89.78
2026-06-05 11:25:00,25.55,RUNNING,19.54,RUNNING,34.04,RUNNING,9.76,88.88
2026-06-05 11:30:00,25.28,RUNNING,19.51,RUNNING,34.72,RUNNING,9.83,89.34
2026-06-05 11:35:00,25.54,RUNNING,20.44,RUNNING,35.28,RUNNING,10.13,91.39
2026-06-05 11:40:00,24.21,RUNNING,20.38,RUNNING,35.53,RUNNING,10.26,90.38
2026-06-05 11:45:00,25.78,RUNNING,19.77,RUNNING,34.38,RUNNING,10.1,90.04
2026-06-05 11:50:00,24.47,RUNNING,19.88,RUNNING,34.22,RUNNING,9.9,88.46
2026-06-05 11:55:00,25.7,RUNNING,19.47,RUNNING,34.43,RUNNING,9.91,89.51
2026-06-05 12:00:00,24.93,RUNNING,3.0,STANDBY,0.0,OFF,9.74,37.67
2026-06-05 12:05:00,24.55,RUNNING,3.0,STANDBY,0.0,OFF,9.88,37.43
2026-06-05 12:10:00,25.78,RUNNING,3.0,STANDBY,0.0,OFF,10.21,39.0
2026-06-05 12:15:00,25.28,RUNNING,3.0,STANDBY,0.0,OFF,10.28,38.57
2026-06-05 12:20:00,25.56,RUNNING,3.0,STANDBY,0.0,OFF,9.99,38.55
2026-06-05 12:25:00,24.57,RUNNING,3.0,STANDBY,0.0,OFF,10.05,37.62
2026-06-05 12:30:00,25.38,RUNNING,3.0,STANDBY,0.0,OFF,10.15,38.54
2026-06-05 12:35:00,24.44,RUNNING,3.0,STANDBY,0.0,OFF,9.82,37.27
2026-06-05 12:40:00,24.73,RUNNING,3.0,STANDBY,0.0,OFF,9.87,37.59
2026-06-05 12:45:00,25.24,RUNNING,3.0,STANDBY,0.0,OFF,9.87,38.11
2026-06-05 12:50:00,25.06,RUNNING,3.0,STANDBY,0.0,OFF,10.24,38.31
2026-06-05 12:55:00,24.81,RUNNING,3.0,STANDBY,0.0,OFF,9.89,37.7
2026-06-05 13:00:00,25.21,RUNNING,19.5,RUNNING,0.0,OFF,9.82,54.54
2026-06-05 13:05:00,24.33,RUNNING,20.31,RUNNING,0.0,OFF,9.89,54.53
2026-06-05 13:10:00,24.66,RUNNING,19.93,RUNNING,0.0,OFF,10.08,54.67
2026-06-05 13:15:00,24.84,RUNNING,19.53,RUNNING,0.0,OFF,9.96,54.34
2026-06-05 13:20:00,24.23,RUNNING,19.83,RUNNING,0.0,OFF,10.21,54.28
2026-06-05 13:25:00,25.36,RUNNING,19.66,RUNNING,0.0,OFF,9.98,55.0
2026-06-05 13:30:00,24.42,RUNNING,19.96,RUNNING,0.0,OFF,9.79,54.17
2026-06-05 13:35:00,24.99,RUNNING,20.6,RUNNING,0.0,OFF,10.26,55.85
2026-06-05 13:40:00,25.14,RUNNING,19.87,RUNNING,0.0,OFF,9.72,54.74
2026-06-05 13:45:00,24.9,RUNNING,19.66,RUNNING,0.0,OFF,10.25,54.8
2026-06-05 13:50:00,25.31,RUNNING,20.21,RUNNING,0.0,OFF,10.26,55.78
2026-06-05 13:55:00,25.21,RUNNING,20.25,RUNNING,0.0,OFF,10.12,55.58
2026-06-05 14:00:00,24.61,RUNNING,20.14,RUNNING,0.0,OFF,10.27,55.02
2026-06-05 14:05:00,25.67,RUNNING,19.86,RUNNING,0.0,OFF,10.05,55.58
2026-06-05 14:10:00,25.53,RUNNING,19.65,RUNNING,0.0,OFF,9.88,55.06
2026-06-05 14:15:00,24.86,RUNNING,20.53,RUNNING,0.0,OFF,10.14,55.52
2026-06-05 14:20:00,24.43,RUNNING,20.35,RUNNING,0.0,OFF,10.26,55.03
2026-06-05 14:25:00,24.2,RUNNING,19.4,RUNNING,0.0,OFF,10.12,53.72
2026-06-05 14:30:00,24.8,RUNNING,20.29,RUNNING,0.0,OFF,9.82,54.9
2026-06-05 14:35:00,24.5,RUNNING,19.38,RUNNING,0.0,OFF,9.81,53.69
2026-06-05 14:40:00,25.2,RUNNING,20.17,RUNNING,0.0,OFF,10.22,55.6
2026-06-05 14:45:00,24.75,RUNNING,20.12,RUNNING,0.0,OFF,9.99,54.85
2026-06-05 14:50:00,24.21,RUNNING,20.12,RUNNING,0.0,OFF,10.29,54.62
2026-06-05 14:55:00,25.78,RUNNING,20.37,RUNNING,0.0,OFF,10.26,56.4
2026-06-05 15:00:00,25.62,RUNNING,20.7,RUNNING,0.0,OFF,10.19,56.51
2026-06-05 15:05:00,24.77,RUNNING,19.76,RUNNING,0.0,OFF,9.76,54.29
2026-06-05 15:10:00,24.42,RUNNING,20.14,RUNNING,0.0,OFF,10.22,54.79
2026-06-05 15:15:00,25.19,RUNNING,20.22,RUNNING,0.0,OFF,9.99,55.4
2026-06-05 15:20:00,25.5,RUNNING,19.32,RUNNING,0.0,OFF,9.92,54.74
2026-06-05 15:25:00,25.17,RUNNING,19.86,RUNNING,0.0,OFF,10.07,55.1
2026-06-05 15:30:00,25.78,RUNNING,20.5,RUNNING,0.0,OFF,10.24,56.52
2026-06-05 15:35:00,25.03,RUNNING,20.1,RUNNING,0.0,OFF,10.21,55.35
2026-06-05 15:40:00,25.28,RUNNING,20.07,RUNNING,0.0,OFF,10.22,55.57
2026-06-05 15:45:00,24.59,RUNNING,19.6,RUNNING,0.0,OFF,10.15,54.33
2026-06-05 15:50:00,24.46,RUNNING,20.6,RUNNING,0.0,OFF,10.24,55.3
2026-06-05 15:55:00,25.64,RUNNING,19.47,RUNNING,0.0,OFF,9.78,54.89
2026-06-05 16:00:00,25.6,RUNNING,20.6,RUNNING,0.0,OFF,10.16,56.36
2026-06-05 16:05:00,25.38,RUNNING,19.83,RUNNING,0.0,OFF,10.09,55.3
2026-06-05 16:10:00,24.39,RUNNING,19.42,RUNNING,0.0,OFF,9.75,53.56
2026-06-05 16:15:00,24.79,RUNNING,20.49,RUNNING,0.0,OFF,10.27,55.56
2026-06-05 16:20:00,25.56,RUNNING,20.67,RUNNING,0.0,OFF,9.89,56.12
2026-06-05 16:25:00,25.16,RUNNING,19.61,RUNNING,0.0,OFF,9.94,54.71
2026-06-05 16:30:00,25.54,RUNNING,20.0,RUNNING,0.0,OFF,9.97,55.51
2026-06-05 16:35:00,25.32,RUNNING,20.14,RUNNING,0.0,OFF,9.89,55.35
2026-06-05 16:40:00,24.97,RUNNING,20.46,RUNNING,0.0,OFF,10.0,55.42
2026-06-05 16:45:00,25.52,RUNNING,19.59,RUNNING,0.0,OFF,10.14,55.26
2026-06-05 16:50:00,24.49,RUNNING,19.98,RUNNING,0.0,OFF,9.94,54.4
2026-06-05 16:55:00,25.08,RUNNING,19.77,RUNNING,0.0,OFF,10.11,54.96
2026-06-05 17:00:00,24.65,RUNNING,0.0,OFF,0.0,OFF,10.12,34.77
2026-06-05 17:05:00,25.4,RUNNING,0.0,OFF,0.0,OFF,10.05,35.45
2026-06-05 17:10:00,24.46,RUNNING,0.0,OFF,0.0,OFF,9.78,34.24
2026-06-05 17:15:00,25.4,RUNNING,0.0,OFF,0.0,OFF,10.14,35.54
2026-06-05 17:20:00,25.78,RUNNING,0.0,OFF,0.0,OFF,9.79,35.57
2026-06-05 17:25:00,24.35,RUNNING,0.0,OFF,0.0,OFF,10.28,34.64
2026-06-05 17:30:00,25.15,RUNNING,0.0,OFF,0.0,OFF,10.28,35.43
2026-06-05 17:35:00,24.98,RUNNING,0.0,OFF,0.0,OFF,10.11,35.09
2026-06-05 17:40:00,25.47,RUNNING,0.0,OFF,0.0,OFF,10.1,35.57
2026-06-05 17:45:00,25.25,RUNNING,0.0,OFF,0.0,OFF,9.92,35.17
2026-06-05 17:50:00,25.02,RUNNING,0.0,OFF,0.0,OFF,9.71,34.73
2026-06-05 17:55:00,25.47,RUNNING,0.0,OFF,0.0,OFF,9.81,35.28
2026-06-05 18:00:00,24.36,RUNNING,0.0,OFF,0.0,OFF,9.74,34.1
2026-06-05 18:05:00,25.5,RUNNING,0.0,OFF,0.0,OFF,9.71,35.21
2026-06-05 18:10:00,24.98,RUNNING,0.0,OFF,0.0,OFF,10.01,34.99
2026-06-05 18:15:00,24.4,RUNNING,0.0,OFF,0.0,OFF,10.15,34.55
2026-06-05 18:20:00,25.16,RUNNING,0.0,OFF,0.0,OFF,9.81,34.97
2026-06-05 18:25:00,24.41,RUNNING,0.0,OFF,0.0,OFF,9.82,34.23
2026-06-05 18:30:00,24.26,RUNNING,0.0,OFF,0.0,OFF,10.29,34.54
2026-06-05 18:35:00,24.88,RUNNING,0.0,OFF,0.0,OFF,10.27,35.14
2026-06-05 18:40:00,25.03,RUNNING,0.0,OFF,0.0,OFF,10.17,35.2
2026-06-05 18:45:00,25.31,RUNNING,0.0,OFF,0.0,OFF,10.01,35.33
2026-06-05 18:50:00,24.54,RUNNING,0.0,OFF,0.0,OFF,9.76,34.3
2026-06-05 18:55:00,24.68,RUNNING,0.0,OFF,0.0,OFF,10.2,34.88
2026-06-05 19:00:00,24.77,RUNNING,0.0,OFF,0.0,OFF,9.78,34.55
2026-06-05 19:05:00,24.81,RUNNING,0.0,OFF,0.0,OFF,10.24,35.05
2026-06-05 19:10:00,24.88,RUNNING,0.0,OFF,0.0,OFF,10.12,35.0
2026-06-05 19:15:00,25.79,RUNNING,0.0,OFF,0.0,OFF,10.12,35.91
2026-06-05 19:20:00,25.51,RUNNING,0.0,OFF,0.0,OFF,10.06,35.58
2026-06-05 19:25:00,24.89,RUNNING,0.0,OFF,0.0,OFF,9.72,34.61
2026-06-05 19:30:00,24.38,RUNNING,0.0,OFF,0.0,OFF,10.03,34.41
2026-06-05 19:35:00,24.73,RUNNING,0.0,OFF,0.0,OFF,9.86,34.6
2026-06-05 19:40:00,24.8,RUNNING,0.0,OFF,0.0,OFF,10.28,35.08
2026-06-05 19:45:00,24.48,RUNNING,0.0,OFF,0.0,OFF,10.14,34.62
2026-06-05 19:50:00,25.05,RUNNING,0.0,OFF,0.0,OFF,10.12,35.17
2026-06-05 19:55:00,25.63,RUNNING,0.0,OFF,0.0,OFF,9.8,35.44
2026-06-05 20:00:00,25.39,RUNNING,0.0,OFF,0.0,OFF,10.28,35.67
2026-06-05 20:05:00,24.96,RUNNING,0.0,OFF,0.0,OFF,9.78,34.74
2026-06-05 20:10:00,24.4,RUNNING,0.0,OFF,0.0,OFF,9.93,34.33
2026-06-05 20:15:00,25.76,RUNNING,0.0,OFF,0.0,OFF,10.12,35.88
2026-06-05 20:20:00,24.49,RUNNING,0.0,OFF,0.0,OFF,10.29,34.78
2026-06-05 20:25:00,24.88,RUNNING,0.0,OFF,0.0,OFF,10.27,35.15
2026-06-05 20:30:00,25.57,RUNNING,0.0,OFF,0.0,OFF,10.27,35.84
2026-06-05 20:35:00,24.33,RUNNING,0.0,OFF,0.0,OFF,10.14,34.47
2026-06-05 20:40:00,25.39,RUNNING,0.0,OFF,0.0,OFF,10.03,35.42
2026-06-05 20:45:00,24.88,RUNNING,0.0,OFF,0.0,OFF,10.01,34.88
2026-06-05 20:50:00,25.8,RUNNING,0.0,OFF,0.0,OFF,10.23,36.03
2026-06-05 20:55:00,25.66,RUNNING,0.0,OFF,0.0,OFF,10.15,35.8
2026-06-05 21:00:00,24.59,RUNNING,0.0,OFF,0.0,OFF,10.14,34.73
2026-06-05 21:05:00,25.04,RUNNING,0.0,OFF,0.0,OFF,10.07,35.11
2026-06-05 21:10:00,25.61,RUNNING,0.0,OFF,0.0,OFF,10.01,35.63
2026-06-05 21:15:00,25.02,RUNNING,0.0,OFF,0.0,OFF,10.27,35.29
2026-06-05 21:20:00,24.38,RUNNING,0.0,OFF,0.0,OFF,10.25,34.63
2026-06-05 21:25:00,24.39,RUNNING,0.0,OFF,0.0,OFF,9.88,34.27
2026-06-05 21:30:00,25.11,RUNNING,0.0,OFF,0.0,OFF,9.83,34.94
2026-06-05 21:35:00,25.52,RUNNING,0.0,OFF,0.0,OFF,9.72,35.24
2026-06-05 21:40:00,24.77,RUNNING,0.0,OFF,0.0,OFF,10.07,34.84
2026-06-05 21:45:00,25.62,RUNNING,0.0,OFF,0.0,OFF,9.81,35.44
2026-06-05 21:50:00,24.34,RUNNING,0.0,OFF,0.0,OFF,10.01,34.34
2026-06-05 21:55:00,24.45,RUNNING,0.0,OFF,0.0,OFF,10.09,34.54
2026-06-05 22:00:00,24.89,RUNNING,0.0,OFF,0.0,OFF,9.81,34.69
2026-06-05 22:05:00,25.54,RUNNING,0.0,OFF,0.0,OFF,9.8,35.34
2026-06-05 22:10:00,25.59,RUNNING,0.0,OFF,0.0,OFF,9.82,35.41
2026-06-05 22:15:00,25.39,RUNNING,0.0,OFF,0.0,OFF,10.24,35.63
2026-06-05 22:20:00,25.26,RUNNING,0.0,OFF,0.0,OFF,9.86,35.12
2026-06-05 22:25:00,25.34,RUNNING,0.0,OFF,0.0,OFF,9.89,35.24
2026-06-05 22:30:00,25.68,RUNNING,0.0,OFF,0.0,OFF,10.21,35.88
2026-06-05 22:35:00,24.23,RUNNING,0.0,OFF,0.0,OFF,9.79,34.03
2026-06-05 22:40:00,25.29,RUNNING,0.0,OFF,0.0,OFF,9.91,35.19
2026-06-05 22:45:00,24.66,RUNNING,0.0,OFF,0.0,OFF,9.99,34.65
2026-06-05 22:50:00,25.02,RUNNING,0.0,OFF,0.0,OFF,9.85,34.87
2026-06-05 22:55:00,24.6,RUNNING,0.0,OFF,0.0,OFF,10.19,34.79
2026-06-05 23:00:00,25.32,RUNNING,0.0,OFF,0.0,OFF,10.0,35.32
2026-06-05 23:05:00,25.22,RUNNING,0.0,OFF,0.0,OFF,9.84,35.05
2026-06-05 23:10:00,25.69,RUNNING,0.0,OFF,0.0,OFF,9.96,35.64
2026-06-05 23:15:00,24.85,RUNNING,0.0,OFF,0.0,OFF,9.88,34.74
2026-06-05 23:20:00,24.97,RUNNING,0.0,OFF,0.0,OFF,10.01,34.97
2026-06-05 23:25:00,24.65,RUNNING,0.0,OFF,0.0,OFF,9.91,34.56
2026-06-05 23:30:00,24.27,RUNNING,0.0,OFF,0.0,OFF,9.73,34.0
2026-06-05 23:35:00,25.65,RUNNING,0.0,OFF,0.0,OFF,9.76,35.41
2026-06-05 23:40:00,24.69,RUNNING,0.0,OFF,0.0,OFF,9.76,34.45
2026-06-05 23:45:00,24.73,RUNNING,0.0,OFF,0.0,OFF,10.14,34.87
2026-06-05 23:50:00,24.79,RUNNING,0.0,OFF,0.0,OFF,10.09,34.88
2026-06-05 23:55:00,24.41,RUNNING,0.0,OFF,0.0,OFF,10.15,34.55
2026-06-06 00:00:00,10.15,IDLE,0.0,OFF,0.0,OFF,9.81,19.97
2026-06-06 00:05:00,10.05,IDLE,0.0,OFF,0.0,OFF,9.91,19.95
2026-06-06 00:10:00,10.22,IDLE,0.0,OFF,0.0,OFF,9.73,19.95
2026-06-06 00:15:00,10.38,IDLE,0.0,OFF,0.0,OFF,10.21,20.59
2026-06-06 00:20:00,9.95,IDLE,0.0,OFF,0.0,OFF,10.13,20.08
2026-06-06 00:25:00,10.43,IDLE,0.0,OFF,0.0,OFF,10.0,20.43
2026-06-06 00:30:00,9.63,IDLE,0.0,OFF,0.0,OFF,9.73,19.36
2026-06-06 00:35:00,10.24,IDLE,0.0,OFF,0.0,OFF,9.94,20.18
2026-06-06 00:40:00,9.67,IDLE,0.0,OFF,0.0,OFF,10.15,19.82
2026-06-06 00:45:00,9.77,IDLE,0.0,OFF,0.0,OFF,9.81,19.58
2026-06-06 00:50:00,10.38,IDLE,0.0,OFF,0.0,OFF,10.17,20.55
2026-06-06 00:55:00,9.8,IDLE,0.0,OFF,0.0,OFF,9.83,19.64
2026-06-06 01:00:00,9.55,IDLE,0.0,OFF,0.0,OFF,9.84,19.39
2026-06-06 01:05:00,10.43,IDLE,0.0,OFF,0.0,OFF,9.86,20.29
2026-06-06 01:10:00,10.32,IDLE,0.0,OFF,0.0,OFF,10.02,20.34
2026-06-06 01:15:00,9.87,IDLE,0.0,OFF,0.0,OFF,9.75,19.62
2026-06-06 01:20:00,9.91,IDLE,0.0,OFF,0.0,OFF,10.07,19.98
2026-06-06 01:25:00,10.32,IDLE,0.0,OFF,0.0,OFF,9.83,20.16
2026-06-06 01:30:00,10.04,IDLE,0.0,OFF,0.0,OFF,10.29,20.32
2026-06-06 01:35:00,10.25,IDLE,0.0,OFF,0.0,OFF,9.93,20.17
2026-06-06 01:40:00,10.05,IDLE,0.0,OFF,0.0,OFF,10.19,20.24
2026-06-06 01:45:00,10.31,IDLE,0.0,OFF,0.0,OFF,10.15,20.46
2026-06-06 01:50:00,9.87,IDLE,0.0,OFF,0.0,OFF,10.24,20.11
2026-06-06 01:55:00,10.36,IDLE,0.0,OFF,0.0,OFF,9.81,20.18
2026-06-06 02:00:00,9.52,IDLE,0.0,OFF,0.0,OFF,9.8,19.32
2026-06-06 02:05:00,9.57,IDLE,0.0,OFF,0.0,OFF,9.74,19.31
2026-06-06 02:10:00,9.6,IDLE,0.0,OFF,0.0,OFF,10.02,19.62
2026-06-06 02:15:00,9.88,IDLE,0.0,OFF,0.0,OFF,9.71,19.59
2026-06-06 02:20:00,9.54,IDLE,0.0,OFF,0.0,OFF,9.85,19.39
2026-06-06 02:25:00,9.51,IDLE,0.0,OFF,0.0,OFF,10.28,19.79
2026-06-06 02:30:00,9.84,IDLE,0.0,OFF,0.0,OFF,10.12,19.96
2026-06-06 02:35:00,9.94,IDLE,0.0,OFF,0.0,OFF,9.8,19.74
2026-06-06 02:40:00,10.19,IDLE,0.0,OFF,0.0,OFF,10.08,20.27
2026-06-06 02:45:00,9.8,IDLE,0.0,OFF,0.0,OFF,10.01,19.8
2026-06-06 02:50:00,9.52,IDLE,0.0,OFF,0.0,OFF,9.96,19.48
2026-06-06 02:55:00,10.38,IDLE,0.0,OFF,0.0,OFF,9.93,20.31
2026-06-06 03:00:00,9.67,IDLE,0.0,OFF,0.0,OFF,9.77,19.44
2026-06-06 03:05:00,10.12,IDLE,0.0,OFF,0.0,OFF,9.77,19.89
2026-06-06 03:10:00,10.1,IDLE,0.0,OFF,0.0,OFF,9.81,19.91
2026-06-06 03:15:00,9.65,IDLE,0.0,OFF,0.0,OFF,10.1,19.75
2026-06-06 03:20:00,9.6,IDLE,0.0,OFF,0.0,OFF,10.25,19.85
2026-06-06 03:25:00,10.21,IDLE,0.0,OFF,0.0,OFF,9.75,19.96
2026-06-06 03:30:00,10.16,IDLE,0.0,OFF,0.0,OFF,9.89,20.05
2026-06-06 03:35:00,9.98,IDLE,0.0,OFF,0.0,OFF,9.74,19.72
2026-06-06 03:40:00,9.59,IDLE,0.0,OFF,0.0,OFF,10.3,19.89
2026-06-06 03:45:00,9.92,IDLE,0.0,OFF,0.0,OFF,10.12,20.04
2026-06-06 03:50:00,10.3,IDLE,0.0,OFF,0.0,OFF,10.09,20.39
2026-06-06 03:55:00,10.03,IDLE,0.0,OFF,0.0,OFF,10.02,20.05
2026-06-06 04:00:00,9.92,IDLE,0.0,OFF,0.0,OFF,10.05,19.97
2026-06-06 04:05:00,9.74,IDLE,0.0,OFF,0.0,OFF,9.7,19.44
2026-06-06 04:10:00,10.46,IDLE,0.0,OFF,0.0,OFF,10.25,20.71
2026-06-06 04:15:00,10.37,IDLE,0.0,OFF,0.0,OFF,10.19,20.56
2026-06-06 04:20:00,10.47,IDLE,0.0,OFF,0.0,OFF,10.25,20.72
2026-06-06 04:25:00,9.64,IDLE,0.0,OFF,0.0,OFF,10.28,19.92
2026-06-06 04:30:00,10.46,IDLE,0.0,OFF,0.0,OFF,9.92,20.39
2026-06-06 04:35:00,10.34,IDLE,0.0,OFF,0.0,OFF,10.22,20.56
2026-06-06 04:40:00,9.58,IDLE,0.0,OFF,0.0,OFF,10.04,19.62
2026-06-06 04:45:00,10.24,IDLE,0.0,OFF,0.0,OFF,10.15,20.39
2026-06-06 04:50:00,9.84,IDLE,0.0,OFF,0.0,OFF,10.17,20.01
2026-06-06 04:55:00,10.38,IDLE,0.0,OFF,0.0,OFF,9.72,20.1
2026-06-06 05:00:00,10.33,IDLE,0.0,OFF,0.0,OFF,10.11,20.44
2026-06-06 05:05:00,10.42,IDLE,0.0,OFF,0.0,OFF,10.0,20.42
2026-06-06 05:10:00,10.47,IDLE,0.0,OFF,0.0,OFF,10.01,20.49
2026-06-06 05:15:00,10.12,IDLE,0.0,OFF,0.0,OFF,9.83,19.95
2026-06-06 05:20:00,10.34,IDLE,0.0,OFF,0.0,OFF,10.19,20.53
2026-06-06 05:25:00,10.33,IDLE,0.0,OFF,0.0,OFF,9.8,20.13
2026-06-06 05:30:00,9.61,IDLE,0.0,OFF,0.0,OFF,9.75,19.36
2026-06-06 05:35:00,9.78,IDLE,0.0,OFF,0.0,OFF,10.02,19.81
2026-06-06 05:40:00,9.81,IDLE,0.0,OFF,0.0,OFF,10.03,19.84
2026-06-06 05:45:00,10.48,IDLE,0.0,OFF,0.0,OFF,10.04,20.52
2026-06-06 05:50:00,9.81,IDLE,0.0,OFF,0.0,OFF,10.27,20.08
2026-06-06 05:55:00,9.9,IDLE,0.0,OFF,0.0,OFF,9.82,19.72
2026-06-06 06:00:00,9.6,IDLE,0.0,OFF,0.0,OFF,9.94,19.54
2026-06-06 06:05:00,10.09,IDLE,0.0,OFF,0.0,OFF,9.93,20.02
2026-06-06 06:10:00,9.96,IDLE,0.0,OFF,0.0,OFF,10.23,20.19
2026-06-06 06:15:00,10.15,IDLE,0.0,OFF,0.0,OFF,10.16,20.32
2026-06-06 06:20:00,10.15,IDLE,0.0,OFF,0.0,OFF,10.26,20.41
2026-06-06 06:25:00,10.36,IDLE,0.0,OFF,0.0,OFF,9.96,20.31
2026-06-06 06:30:00,10.11,IDLE,0.0,OFF,0.0,OFF,9.74,19.86
2026-06-06 06:35:00,9.64,IDLE,0.0,OFF,0.0,OFF,10.22,19.86
2026-06-06 06:40:00,9.59,IDLE,0.0,OFF,0.0,OFF,9.89,19.48
2026-06-06 06:45:00,9.59,IDLE,0.0,OFF,0.0,OFF,9.81,19.4
2026-06-06 06:50:00,10.38,IDLE,0.0,OFF,0.0,OFF,10.09,20.47
2026-06-06 06:55:00,10.36,IDLE,0.0,OFF,0.0,OFF,9.94,20.3
2026-06-06 07:00:00,10.34,IDLE,0.0,OFF,0.0,OFF,10.27,20.62
2026-06-06 07:05:00,10.38,IDLE,0.0,OFF,0.0,OFF,10.11,20.49
2026-06-06 07:10:00,10.32,IDLE,0.0,OFF,0.0,OFF,9.7,20.03
2026-06-06 07:15:00,9.57,IDLE,0.0,OFF,0.0,OFF,9.93,19.51
2026-06-06 07:20:00,10.4,IDLE,0.0,OFF,0.0,OFF,9.98,20.38
2026-06-06 07:25:00,10.27,IDLE,0.0,OFF,0.0,OFF,9.82,20.09
2026-06-06 07:30:00,10.2,IDLE,0.0,OFF,0.0,OFF,9.99,20.19
2026-06-06 07:35:00,10.14,IDLE,0.0,OFF,0.0,OFF,9.89,20.03
2026-06-06 07:40:00,9.86,IDLE,0.0,OFF,0.0,OFF,9.96,19.82
2026-06-06 07:45:00,10.18,IDLE,0.0,OFF,0.0,OFF,9.86,20.05
2026-06-06 07:50:00,9.8,IDLE,0.0,OFF,0.0,OFF,10.13,19.93
2026-06-06 07:55:00,10.33,IDLE,0.0,OFF,0.0,OFF,9.76,20.09
2026-06-06 08:00:00,9.85,IDLE,0.0,OFF,0.0,OFF,9.95,19.8
2026-06-06 08:05:00,9.85,IDLE,0.0,OFF,0.0,OFF,10.12,19.97
2026-06-06 08:10:00,9.58,IDLE,0.0,OFF,0.0,OFF,10.1,19.68
2026-06-06 08:15:00,10.24,IDLE,0.0,OFF,0.0,OFF,10.14,20.38
2026-06-06 08:20:00,10.36,IDLE,0.0,OFF,0.0,OFF,9.77,20.13
2026-06-06 08:25:00,9.95,IDLE,0.0,OFF,0.0,OFF,10.2,20.15
2026-06-06 08:30:00,9.72,IDLE,0.0,OFF,0.0,OFF,10.29,20.01
2026-06-06 08:35:00,9.85,IDLE,0.0,OFF,0.0,OFF,10.27,20.12
2026-06-06 08:40:00,9.52,IDLE,0.0,OFF,0.0,OFF,10.24,19.75
2026-06-06 08:45:00,9.96,IDLE,0.0,OFF,0.0,OFF,9.95,19.9
2026-06-06 08:50:00,9.61,IDLE,0.0,OFF,0.0,OFF,9.81,19.42
2026-06-06 08:55:00,9.88,IDLE,0.0,OFF,0.0,OFF,10.21,20.09
2026-06-06 09:00:00,10.43,IDLE,0.0,OFF,0.0,OFF,10.21,20.64
2026-06-06 09:05:00,10.12,IDLE,0.0,OFF,0.0,OFF,9.95,20.06
2026-06-06 09:10:00,9.94,IDLE,0.0,OFF,0.0,OFF,10.05,19.99
2026-06-06 09:15:00,9.95,IDLE,0.0,OFF,0.0,OFF,9.93,19.88
2026-06-06 09:20:00,10.41,IDLE,0.0,OFF,0.0,OFF,9.95,20.36
2026-06-06 09:25:00,9.87,IDLE,0.0,OFF,0.0,OFF,9.83,19.71
2026-06-06 09:30:00,10.3,IDLE,0.0,OFF,0.0,OFF,9.95,20.24
2026-06-06 09:35:00,9.65,IDLE,0.0,OFF,0.0,OFF,9.92,19.58
2026-06-06 09:40:00,10.46,IDLE,0.0,OFF,0.0,OFF,10.3,20.75
2026-06-06 09:45:00,10.33,IDLE,0.0,OFF,0.0,OFF,10.18,20.51
2026-06-06 09:50:00,9.67,IDLE,0.0,OFF,0.0,OFF,10.24,19.92
2026-06-06 09:55:00,10.0,IDLE,0.0,OFF,0.0,OFF,10.08,20.08
2026-06-06 10:00:00,10.05,IDLE,0.0,OFF,0.0,OFF,10.27,20.32
2026-06-06 10:05:00,10.09,IDLE,0.0,OFF,0.0,OFF,9.72,19.81
2026-06-06 10:10:00,10.24,IDLE,0.0,OFF,0.0,OFF,9.78,20.02
2026-06-06 10:15:00,10.4,IDLE,0.0,OFF,0.0,OFF,9.88,20.28
2026-06-06 10:20:00,10.27,IDLE,0.0,OFF,0.0,OFF,10.1,20.37
2026-06-06 10:25:00,10.08,IDLE,0.0,OFF,0.0,OFF,9.76,19.84
2026-06-06 10:30:00,10.39,IDLE,0.0,OFF,0.0,OFF,9.76,20.15
2026-06-06 10:35:00,9.99,IDLE,0.0,OFF,0.0,OFF,9.71,19.7
2026-06-06 10:40:00,9.88,IDLE,0.0,OFF,0.0,OFF,9.89,19.76
2026-06-06 10:45:00,9.68,IDLE,0.0,OFF,0.0,OFF,10.04,19.72
2026-06-06 10:50:00,9.98,IDLE,0.0,OFF,0.0,OFF,10.07,20.05
2026-06-06 10:55:00,9.69,IDLE,0.0,OFF,0.0,OFF,9.72,19.41
2026-06-06 11:00:00,9.61,IDLE,0.0,OFF,0.0,OFF,9.83,19.44
2026-06-06 11:05:00,9.77,IDLE,0.0,OFF,0.0,OFF,9.99,19.76
2026-06-06 11:10:00,10.25,IDLE,0.0,OFF,0.0,OFF,10.0,20.24
2026-06-06 11:15:00,10.19,IDLE,0.0,OFF,0.0,OFF,10.23,20.42
2026-06-06 11:20:00,9.81,IDLE,0.0,OFF,0.0,OFF,10.18,19.99
2026-06-06 11:25:00,10.25,IDLE,0.0,OFF,0.0,OFF,10.19,20.44
2026-06-06 11:30:00,9.87,IDLE,0.0,OFF,0.0,OFF,10.08,19.95
2026-06-06 11:35:00,10.09,IDLE,0.0,OFF,0.0,OFF,9.88,19.96
2026-06-06 11:40:00,9.53,IDLE,0.0,OFF,0.0,OFF,9.81,19.34
2026-06-06 11:45:00,10.16,IDLE,0.0,OFF,0.0,OFF,9.92,20.08
2026-06-06 11:50:00,9.83,IDLE,0.0,OFF,0.0,OFF,9.98,19.81
2026-06-06 11:55:00,10.1,IDLE,0.0,OFF,0.0,OFF,10.02,20.12
2026-06-06 12:00:00,10.36,IDLE,0.0,OFF,0.0,OFF,9.74,20.1
2026-06-06 12:05:00,9.82,IDLE,0.0,OFF,0.0,OFF,9.82,19.64
2026-06-06 12:10:00,9.62,IDLE,0.0,OFF,0.0,OFF,9.8,19.43
2026-06-06 12:15:00,10.14,IDLE,0.0,OFF,0.0,OFF,10.21,20.36
2026-06-06 12:20:00,9.9,IDLE,0.0,OFF,0.0,OFF,10.24,20.14
2026-06-06 12:25:00,9.6,IDLE,0.0,OFF,0.0,OFF,10.18,19.78
2026-06-06 12:30:00,10.06,IDLE,0.0,OFF,0.0,OFF,9.89,19.94
2026-06-06 12:35:00,10.35,IDLE,0.0,OFF,0.0,OFF,10.28,20.63
2026-06-06 12:40:00,9.55,IDLE,0.0,OFF,0.0,OFF,9.71,19.25
2026-06-06 12:45:00,9.67,IDLE,0.0,OFF,0.0,OFF,9.81,19.48
2026-06-06 12:50:00,10.43,IDLE,0.0,OFF,0.0,OFF,10.22,20.65
2026-06-06 12:55:00,9.58,IDLE,0.0,OFF,0.0,OFF,9.9,19.47
2026-06-06 13:00:00,9.64,IDLE,0.0,OFF,0.0,OFF,9.98,19.61
2026-06-06 13:05:00,10.47,IDLE,0.0,OFF,0.0,OFF,9.95,20.41
2026-06-06 13:10:00,10.16,IDLE,0.0,OFF,0.0,OFF,10.29,20.45
2026-06-06 13:15:00,9.8,IDLE,0.0,OFF,0.0,OFF,9.75,19.55
2026-06-06 13:20:00,9.71,IDLE,0.0,OFF,0.0,OFF,9.75,19.45
2026-06-06 13:25:00,10.32,IDLE,0.0,OFF,0.0,OFF,9.81,20.13
2026-06-06 13:30:00,10.36,IDLE,0.0,OFF,0.0,OFF,10.16,20.51
2026-06-06 13:35:00,10.41,IDLE,0.0,OFF,0.0,OFF,9.83,20.25
2026-06-06 13:40:00,10.28,IDLE,0.0,OFF,0.0,OFF,9.81,20.09
2026-06-06 13:45:00,10.15,IDLE,0.0,OFF,0.0,OFF,9.79,19.94
2026-06-06 13:50:00,9.69,IDLE,0.0,OFF,0.0,OFF,9.72,19.4
2026-06-06 13:55:00,9.58,IDLE,0.0,OFF,0.0,OFF,9.96,19.54
2026-06-06 14:00:00,9.77,IDLE,0.0,OFF,0.0,OFF,9.76,19.53
2026-06-06 14:05:00,9.9,IDLE,0.0,OFF,0.0,OFF,10.06,19.96
2026-06-06 14:10:00,10.15,IDLE,0.0,OFF,0.0,OFF,10.28,20.42
2026-06-06 14:15:00,9.57,IDLE,0.0,OFF,0.0,OFF,9.76,19.33
2026-06-06 14:20:00,9.6,IDLE,0.0,OFF,0.0,OFF,10.14,19.74
2026-06-06 14:25:00,9.85,IDLE,0.0,OFF,0.0,OFF,9.87,19.72
2026-06-06 14:30:00,10.2,IDLE,0.0,OFF,0.0,OFF,9.99,20.19
2026-06-06 14:35:00,9.57,IDLE,0.0,OFF,0.0,OFF,9.81,19.38
2026-06-06 14:40:00,9.83,IDLE,0.0,OFF,0.0,OFF,9.81,19.64
2026-06-06 14:45:00,10.09,IDLE,0.0,OFF,0.0,OFF,10.28,20.38
2026-06-06 14:50:00,10.32,IDLE,0.0,OFF,0.0,OFF,10.04,20.36
2026-06-06 14:55:00,9.65,IDLE,0.0,OFF,0.0,OFF,9.76,19.4
2026-06-06 15:00:00,10.49,IDLE,0.0,OFF,0.0,OFF,9.85,20.34
2026-06-06 15:05:00,10.21,IDLE,0.0,OFF,0.0,OFF,10.23,20.44
2026-06-06 15:10:00,9.61,IDLE,0.0,OFF,0.0,OFF,10.11,19.72
2026-06-06 15:15:00,10.16,IDLE,0.0,OFF,0.0,OFF,9.78,19.94
2026-06-06 15:20:00,9.86,IDLE,0.0,OFF,0.0,OFF,10.15,20.01
2026-06-06 15:25:00,10.38,IDLE,0.0,OFF,0.0,OFF,10.11,20.48
2026-06-06 15:30:00,9.77,IDLE,0.0,OFF,0.0,OFF,10.11,19.87
2026-06-06 15:35:00,9.81,IDLE,0.0,OFF,0.0,OFF,9.72,19.53
2026-06-06 15:40:00,9.96,IDLE,0.0,OFF,0.0,OFF,10.28,20.24
2026-06-06 15:45:00,10.19,IDLE,0.0,OFF,0.0,OFF,9.98,20.17
2026-06-06 15:50:00,9.8,IDLE,0.0,OFF,0.0,OFF,9.87,19.68
2026-06-06 15:55:00,10.09,IDLE,0.0,OFF,0.0,OFF,9.73,19.82
2026-06-06 16:00:00,9.75,IDLE,0.0,OFF,0.0,OFF,9.91,19.66
2026-06-06 16:05:00,9.66,IDLE,0.0,OFF,0.0,OFF,9.75,19.41
2026-06-06 16:10:00,9.58,IDLE,0.0,OFF,0.0,OFF,9.83,19.41
2026-06-06 16:15:00,9.92,IDLE,0.0,OFF,0.0,OFF,10.28,20.2
2026-06-06 16:20:00,10.06,IDLE,0.0,OFF,0.0,OFF,10.11,20.17
2026-06-06 16:25:00,9.64,IDLE,0.0,OFF,0.0,OFF,10.03,19.67
2026-06-06 16:30:00,10.05,IDLE,0.0,OFF,0.0,OFF,9.93,19.97
2026-06-06 16:35:00,9.81,IDLE,0.0,OFF,0.0,OFF,10.26,20.07
2026-06-06 16:40:00,9.91,IDLE,0.0,OFF,0.0,OFF,9.72,19.63
2026-06-06 16:45:00,10.12,IDLE,0.0,OFF,0.0,OFF,9.88,20.0
2026-06-06 16:50:00,10.07,IDLE,0.0,OFF,0.0,OFF,9.88,19.94
2026-06-06 16:55:00,10.31,IDLE,0.0,OFF,0.0,OFF,10.22,20.53
2026-06-06 17:00:00,10.15,IDLE,0.0,OFF,0.0,OFF,9.9,20.05
2026-06-06 17:05:00,9.56,IDLE,0.0,OFF,0.0,OFF,10.14,19.71
2026-06-06 17:10:00,9.64,IDLE,0.0,OFF,0.0,OFF,10.14,19.79
2026-06-06 17:15:00,9.8,IDLE,0.0,OFF,0.0,OFF,9.89,19.69
2026-06-06 17:20:00,9.61,IDLE,0.0,OFF,0.0,OFF,9.7,19.31
2026-06-06 17:25:00,9.97,IDLE,0.0,OFF,0.0,OFF,10.2,20.17
2026-06-06 17:30:00,10.48,IDLE,0.0,OFF,0.0,OFF,10.19,20.67
2026-06-06 17:35:00,10.36,IDLE,0.0,OFF,0.0,OFF,10.07,20.43
2026-06-06 17:40:00,10.16,IDLE,0.0,OFF,0.0,OFF,9.8,19.96
2026-06-06 17:45:00,10.17,IDLE,0.0,OFF,0.0,OFF,10.28,20.44
2026-06-06 17:50:00,9.61,IDLE,0.0,OFF,0.0,OFF,9.95,19.56
2026-06-06 17:55:00,9.51,IDLE,0.0,OFF,0.0,OFF,9.88,19.39
2026-06-06 18:00:00,10.41,IDLE,0.0,OFF,0.0,OFF,10.28,20.68
2026-06-06 18:05:00,10.48,IDLE,0.0,OFF,0.0,OFF,9.91,20.4
2026-06-06 18:10:00,10.21,IDLE,0.0,OFF,0.0,OFF,9.93,20.14
2026-06-06 18:15:00,10.22,IDLE,0.0,OFF,0.0,OFF,9.9,20.12
2026-06-06 18:20:00,10.26,IDLE,0.0,OFF,0.0,OFF,9.88,20.14
2026-06-06 18:25:00,9.88,IDLE,0.0,OFF,0.0,OFF,9.98,19.86
2026-06-06 18:30:00,10.28,IDLE,0.0,OFF,0.0,OFF,10.02,20.29
2026-06-06 18:35:00,9.85,IDLE,0.0,OFF,0.0,OFF,10.07,19.92
2026-06-06 18:40:00,9.66,IDLE,0.0,OFF,0.0,OFF,9.76,19.42
2026-06-06 18:45:00,10.26,IDLE,0.0,OFF,0.0,OFF,10.29,20.55
2026-06-06 18:50:00,10.4,IDLE,0.0,OFF,0.0,OFF,9.8,20.2
2026-06-06 18:55:00,9.56,IDLE,0.0,OFF,0.0,OFF,10.07,19.63
2026-06-06 19:00:00,10.26,IDLE,0.0,OFF,0.0,OFF,10.06,20.33
2026-06-06 19:05:00,10.2,IDLE,0.0,OFF,0.0,OFF,9.93,20.13
2026-06-06 19:10:00,9.75,IDLE,0.0,OFF,0.0,OFF,9.96,19.72
2026-06-06 19:15:00,10.31,IDLE,0.0,OFF,0.0,OFF,10.19,20.5
2026-06-06 19:20:00,10.17,IDLE,0.0,OFF,0.0,OFF,9.82,19.99
2026-06-06 19:25:00,9.91,IDLE,0.0,OFF,0.0,OFF,10.03,19.94
2026-06-06 19:30:00,10.41,IDLE,0.0,OFF,0.0,OFF,10.09,20.5
2026-06-06 19:35:00,9.97,IDLE,0.0,OFF,0.0,OFF,9.91,19.88
2026-06-06 19:40:00,9.57,IDLE,0.0,OFF,0.0,OFF,9.96,19.52
2026-06-06 19:45:00,10.28,IDLE,0.0,OFF,0.0,OFF,9.88,20.16
2026-06-06 19:50:00,9.83,IDLE,0.0,OFF,0.0,OFF,9.83,19.67
2026-06-06 19:55:00,10.2,IDLE,0.0,OFF,0.0,OFF,9.74,19.94
2026-06-06 20:00:00,10.08,IDLE,0.0,OFF,0.0,OFF,10.21,20.29
2026-06-06 20:05:00,9.56,IDLE,0.0,OFF,0.0,OFF,10.12,19.68
2026-06-06 20:10:00,9.76,IDLE,0.0,OFF,0.0,OFF,9.72,19.48
2026-06-06 20:15:00,10.26,IDLE,0.0,OFF,0.0,OFF,9.78,20.05
2026-06-06 20:20:00,10.16,IDLE,0.0,OFF,0.0,OFF,10.23,20.39
2026-06-06 20:25:00,10.4,IDLE,0.0,OFF,0.0,OFF,10.12,20.53
2026-06-06 20:30:00,10.45,IDLE,0.0,OFF,0.0,OFF,10.06,20.51
2026-06-06 20:35:00,10.45,IDLE,0.0,OFF,0.0,OFF,9.86,20.31
2026-06-06 20:40:00,10.15,IDLE,0.0,OFF,0.0,OFF,9.96,20.11
2026-06-06 20:45:00,9.52,IDLE,0.0,OFF,0.0,OFF,9.73,19.25
2026-06-06 20:50:00,10.36,IDLE,0.0,OFF,0.0,OFF,10.11,20.47
2026-06-06 20:55:00,10.27,IDLE,0.0,OFF,0.0,OFF,10.12,20.38
2026-06-06 21:00:00,9.94,IDLE,0.0,OFF,0.0,OFF,10.24,20.18
2026-06-06 21:05:00,9.94,IDLE,0.0,OFF,0.0,OFF,9.73,19.67
2026-06-06 21:10:00,10.25,IDLE,0.0,OFF,0.0,OFF,10.23,20.48
2026-06-06 21:15:00,9.51,IDLE,0.0,OFF,0.0,OFF,10.13,19.65
2026-06-06 21:20:00,9.68,IDLE,0.0,OFF,0.0,OFF,9.73,19.41
2026-06-06 21:25:00,9.79,IDLE,0.0,OFF,0.0,OFF,10.06,19.86
2026-06-06 21:30:00,9.75,IDLE,0.0,OFF,0.0,OFF,10.03,19.78
2026-06-06 21:35:00,10.42,IDLE,0.0,OFF,0.0,OFF,9.83,20.25
2026-06-06 21:40:00,9.79,IDLE,0.0,OFF,0.0,OFF,10.09,19.88
2026-06-06 21:45:00,10.0,IDLE,0.0,OFF,0.0,OFF,9.73,19.74
2026-06-06 21:50:00,9.78,IDLE,0.0,OFF,0.0,OFF,9.82,19.6
2026-06-06 21:55:00,10.24,IDLE,0.0,OFF,0.0,OFF,9.83,20.07
2026-06-06 22:00:00,10.48,IDLE,0.0,OFF,0.0,OFF,10.12,20.6
2026-06-06 22:05:00,10.0,IDLE,0.0,OFF,0.0,OFF,9.72,19.72
2026-06-06 22:10:00,9.58,IDLE,0.0,OFF,0.0,OFF,9.87,19.45
2026-06-06 22:15:00,9.88,IDLE,0.0,OFF,0.0,OFF,9.73,19.61
2026-06-06 22:20:00,9.55,IDLE,0.0,OFF,0.0,OFF,9.88,19.44
2026-06-06 22:25:00,10.11,IDLE,0.0,OFF,0.0,OFF,10.24,20.34
2026-06-06 22:30:00,10.09,IDLE,0.0,OFF,0.0,OFF,10.15,20.25
2026-06-06 22:35:00,9.93,IDLE,0.0,OFF,0.0,OFF,10.14,20.07
2026-06-06 22:40:00,9.89,IDLE,0.0,OFF,0.0,OFF,10.13,20.02
2026-06-06 22:45:00,9.96,IDLE,0.0,OFF,0.0,OFF,10.04,20.01
2026-06-06 22:50:00,9.88,IDLE,0.0,OFF,0.0,OFF,10.15,20.03
2026-06-06 22:55:00,10.3,IDLE,0.0,OFF,0.0,OFF,10.27,20.57
2026-06-06 23:00:00,9.84,IDLE,0.0,OFF,0.0,OFF,9.94,19.77
2026-06-06 23:05:00,10.28,IDLE,0.0,OFF,0.0,OFF,10.19,20.47
2026-06-06 23:10:00,9.82,IDLE,0.0,OFF,0.0,OFF,9.86,19.68
2026-06-06 23:15:00,9.97,IDLE,0.0,OFF,0.0,OFF,10.28,20.25
2026-06-06 23:20:00,9.56,IDLE,0.0,OFF,0.0,OFF,10.26,19.82
2026-06-06 23:25:00,9.56,IDLE,0.0,OFF,0.0,OFF,9.81,19.37
2026-06-06 23:30:00,9.63,IDLE,0.0,OFF,0.0,OFF,10.08,19.71
2026-06-06 23:35:00,9.61,IDLE,0.0,OFF,0.0,OFF,9.72,19.34
2026-06-06 23:40:00,9.54,IDLE,0.0,OFF,0.0,OFF,10.13,19.67
2026-06-06 23:45:00,9.76,IDLE,0.0,OFF,0.0,OFF,10.11,19.86
2026-06-06 23:50:00,10.1,IDLE,0.0,OFF,0.0,OFF,9.91,20.01
2026-06-06 23:55:00,9.74,IDLE,0.0,OFF,0.0,OFF,9.9,19.63
2026-06-07 00:00:00,10.14,IDLE,0.0,OFF,0.0,OFF,10.23,20.37
2026-06-07 00:05:00,9.83,IDLE,0.0,OFF,0.0,OFF,9.94,19.78
2026-06-07 00:10:00,10.12,IDLE,0.0,OFF,0.0,OFF,9.8,19.92
2026-06-07 00:15:00,9.53,IDLE,0.0,OFF,0.0,OFF,10.07,19.59
2026-06-07 00:20:00,10.01,IDLE,0.0,OFF,0.0,OFF,10.05,20.06
2026-06-07 00:25:00,9.53,IDLE,0.0,OFF,0.0,OFF,10.14,19.67
2026-06-07 00:30:00,9.58,IDLE,0.0,OFF,0.0,OFF,10.26,19.84
2026-06-07 00:35:00,10.05,IDLE,0.0,OFF,0.0,OFF,9.95,20.0
2026-06-07 00:40:00,9.55,IDLE,0.0,OFF,0.0,OFF,9.98,19.53
2026-06-07 00:45:00,10.34,IDLE,0.0,OFF,0.0,OFF,9.88,20.21
2026-06-07 00:50:00,9.86,IDLE,0.0,OFF,0.0,OFF,9.97,19.84
2026-06-07 00:55:00,10.23,IDLE,0.0,OFF,0.0,OFF,10.23,20.46
2026-06-07 01:00:00,10.41,IDLE,0.0,OFF,0.0,OFF,10.09,20.51
2026-06-07 01:05:00,10.07,IDLE,0.0,OFF,0.0,OFF,10.2,20.27
2026-06-07 01:10:00,9.91,IDLE,0.0,OFF,0.0,OFF,10.05,19.96
2026-06-07 01:15:00,9.81,IDLE,0.0,OFF,0.0,OFF,9.75,19.56
2026-06-07 01:20:00,10.13,IDLE,0.0,OFF,0.0,OFF,10.16,20.3
2026-06-07 01:25:00,9.62,IDLE,0.0,OFF,0.0,OFF,9.86,19.48
2026-06-07 01:30:00,9.63,IDLE,0.0,OFF,0.0,OFF,9.72,19.35
2026-06-07 01:35:00,9.63,IDLE,0.0,OFF,0.0,OFF,10.22,19.85
2026-06-07 01:40:00,9.9,IDLE,0.0,OFF,0.0,OFF,10.03,19.94
2026-06-07 01:45:00,10.4,IDLE,0.0,OFF,0.0,OFF,10.05,20.45
2026-06-07 01:50:00,10.24,IDLE,0.0,OFF,0.0,OFF,9.91,20.15
2026-06-07 01:55:00,10.33,IDLE,0.0,OFF,0.0,OFF,9.87,20.21
2026-06-07 02:00:00,10.27,IDLE,0.0,OFF,0.0,OFF,10.25,20.52
2026-06-07 02:05:00,10.09,IDLE,0.0,OFF,0.0,OFF,9.92,20.02
2026-06-07 02:10:00,10.01,IDLE,0.0,OFF,0.0,OFF,10.05,20.06
2026-06-07 02:15:00,9.84,IDLE,0.0,OFF,0.0,OFF,10.04,19.88
2026-06-07 02:20:00,9.93,IDLE,0.0,OFF,0.0,OFF,9.89,19.82
2026-06-07 02:25:00,10.31,IDLE,0.0,OFF,0.0,OFF,10.14,20.45
2026-06-07 02:30:00,10.08,IDLE,0.0,OFF,0.0,OFF,10.07,20.14
2026-06-07 02:35:00,9.77,IDLE,0.0,OFF,0.0,OFF,9.96,19.74
2026-06-07 02:40:00,10.49,IDLE,0.0,OFF,0.0,OFF,10.15,20.64
2026-06-07 02:45:00,9.71,IDLE,0.0,OFF,0.0,OFF,10.2,19.91
2026-06-07 02:50:00,10.46,IDLE,0.0,OFF,0.0,OFF,10.02,20.48
2026-06-07 02:55:00,9.53,IDLE,0.0,OFF,0.0,OFF,9.82,19.35
2026-06-07 03:00:00,10.02,IDLE,0.0,OFF,0.0,OFF,10.2,20.22
2026-06-07 03:05:00,10.34,IDLE,0.0,OFF,0.0,OFF,9.97,20.31
2026-06-07 03:10:00,10.49,IDLE,0.0,OFF,0.0,OFF,10.14,20.63
2026-06-07 03:15:00,10.29,IDLE,0.0,OFF,0.0,OFF,10.14,20.43
2026-06-07 03:20:00,10.13,IDLE,0.0,OFF,0.0,OFF,10.01,20.14
2026-06-07 03:25:00,10.42,IDLE,0.0,OFF,0.0,OFF,9.96,20.38
2026-06-07 03:30:00,10.34,IDLE,0.0,OFF,0.0,OFF,10.1,20.44
2026-06-07 03:35:00,9.51,IDLE,0.0,OFF,0.0,OFF,9.78,19.29
2026-06-07 03:40:00,9.77,IDLE,0.0,OFF,0.0,OFF,9.79,19.56
2026-06-07 03:45:00,9.7,IDLE,0.0,OFF,0.0,OFF,10.23,19.92
2026-06-07 03:50:00,9.5,IDLE,0.0,OFF,0.0,OFF,9.74,19.24
2026-06-07 03:55:00,9.92,IDLE,0.0,OFF,0.0,OFF,9.86,19.78
2026-06-07 04:00:00,9.98,IDLE,0.0,OFF,0.0,OFF,10.09,20.08
2026-06-07 04:05:00,9.79,IDLE,0.0,OFF,0.0,OFF,9.99,19.78
2026-06-07 04:10:00,9.98,IDLE,0.0,OFF,0.0,OFF,9.76,19.74
2026-06-07 04:15:00,9.79,IDLE,0.0,OFF,0.0,OFF,10.28,20.07
2026-06-07 04:20:00,9.96,IDLE,0.0,OFF,0.0,OFF,9.89,19.86
2026-06-07 04:25:00,10.27,IDLE,0.0,OFF,0.0,OFF,9.99,20.26
2026-06-07 04:30:00,9.73,IDLE,0.0,OFF,0.0,OFF,9.87,19.61
2026-06-07 04:35:00,9.56,IDLE,0.0,OFF,0.0,OFF,10.16,19.72
2026-06-07 04:40:00,9.94,IDLE,0.0,OFF,0.0,OFF,9.94,19.88
2026-06-07 04:45:00,9.84,IDLE,0.0,OFF,0.0,OFF,10.19,20.03
2026-06-07 04:50:00,9.67,IDLE,0.0,OFF,0.0,OFF,9.82,19.49
2026-06-07 04:55:00,9.83,IDLE,0.0,OFF,0.0,OFF,10.06,19.89
2026-06-07 05:00:00,9.59,IDLE,0.0,OFF,0.0,OFF,10.12,19.71
2026-06-07 05:05:00,10.15,IDLE,0.0,OFF,0.0,OFF,10.01,20.17
2026-06-07 05:10:00,10.04,IDLE,0.0,OFF,0.0,OFF,10.22,20.25
2026-06-07 05:15:00,9.83,IDLE,0.0,OFF,0.0,OFF,9.83,19.66
2026-06-07 05:20:00,9.52,IDLE,0.0,OFF,0.0,OFF,10.26,19.78
2026-06-07 05:25:00,9.66,IDLE,0.0,OFF,0.0,OFF,9.88,19.54
2026-06-07 05:30:00,9.77,IDLE,0.0,OFF,0.0,OFF,9.77,19.55
2026-06-07 05:35:00,10.24,IDLE,0.0,OFF,0.0,OFF,9.86,20.1
2026-06-07 05:40:00,10.26,IDLE,0.0,OFF,0.0,OFF,9.95,20.21
2026-06-07 05:45:00,9.65,IDLE,0.0,OFF,0.0,OFF,10.14,19.79
2026-06-07 05:50:00,9.81,IDLE,0.0,OFF,0.0,OFF,9.89,19.71
2026-06-07 05:55:00,9.7,IDLE,0.0,OFF,0.0,OFF,9.86,19.56
2026-06-07 06:00:00,10.47,IDLE,0.0,OFF,0.0,OFF,10.04,20.5
2026-06-07 06:05:00,9.52,IDLE,0.0,OFF,0.0,OFF,10.0,19.52
2026-06-07 06:10:00,9.72,IDLE,0.0,OFF,0.0,OFF,10.29,20.01
2026-06-07 06:15:00,10.14,IDLE,0.0,OFF,0.0,OFF,9.9,20.04
2026-06-07 06:20:00,10.36,IDLE,0.0,OFF,0.0,OFF,9.99,20.36
2026-06-07 06:25:00,10.22,IDLE,0.0,OFF,0.0,OFF,10.04,20.26
2026-06-07 06:30:00,9.84,IDLE,0.0,OFF,0.0,OFF,9.79,19.63
2026-06-07 06:35:00,10.19,IDLE,0.0,OFF,0.0,OFF,10.15,20.34
2026-06-07 06:40:00,9.82,IDLE,0.0,OFF,0.0,OFF,10.13,19.95
2026-06-07 06:45:00,9.61,IDLE,0.0,OFF,0.0,OFF,10.12,19.72
2026-06-07 06:50:00,9.67,IDLE,0.0,OFF,0.0,OFF,9.96,19.63
2026-06-07 06:55:00,10.3,IDLE,0.0,OFF,0.0,OFF,9.99,20.3
2026-06-07 07:00:00,9.94,IDLE,0.0,OFF,0.0,OFF,9.88,19.81
2026-06-07 07:05:00,9.87,IDLE,0.0,OFF,0.0,OFF,10.09,19.96
2026-06-07 07:10:00,10.21,IDLE,0.0,OFF,0.0,OFF,10.01,20.23
2026-06-07 07:15:00,10.22,IDLE,0.0,OFF,0.0,OFF,10.21,20.43
2026-06-07 07:20:00,9.92,IDLE,0.0,OFF,0.0,OFF,9.79,19.71
2026-06-07 07:25:00,10.19,IDLE,0.0,OFF,0.0,OFF,10.02,20.22
2026-06-07 07:30:00,9.85,IDLE,0.0,OFF,0.0,OFF,10.04,19.89
2026-06-07 07:35:00,10.32,IDLE,0.0,OFF,0.0,OFF,10.22,20.54
2026-06-07 07:40:00,9.75,IDLE,0.0,OFF,0.0,OFF,10.02,19.78
2026-06-07 07:45:00,9.78,IDLE,0.0,OFF,0.0,OFF,9.86,19.64
2026-06-07 07:50:00,9.83,IDLE,0.0,OFF,0.0,OFF,10.16,19.99
2026-06-07 07:55:00,10.17,IDLE,0.0,OFF,0.0,OFF,9.98,20.15
2026-06-07 08:00:00,10.3,IDLE,0.0,OFF,0.0,OFF,9.79,20.09
2026-06-07 08:05:00,9.55,IDLE,0.0,OFF,0.0,OFF,10.01,19.56
2026-06-07 08:10:00,9.62,IDLE,0.0,OFF,0.0,OFF,10.04,19.65
2026-06-07 08:15:00,10.02,IDLE,0.0,OFF,0.0,OFF,10.02,20.04
2026-06-07 08:20:00,10.33,IDLE,0.0,OFF,0.0,OFF,10.13,20.46
2026-06-07 08:25:00,10.19,IDLE,0.0,OFF,0.0,OFF,10.03,20.22
2026-06-07 08:30:00,9.97,IDLE,0.0,OFF,0.0,OFF,10.1,20.07
2026-06-07 08:35:00,10.44,IDLE,0.0,OFF,0.0,OFF,9.93,20.37
2026-06-07 08:40:00,10.03,IDLE,0.0,OFF,0.0,OFF,9.7,19.73
2026-06-07 08:45:00,10.42,IDLE,0.0,OFF,0.0,OFF,10.06,20.49
2026-06-07 08:50:00,10.2,IDLE,0.0,OFF,0.0,OFF,9.85,20.05
2026-06-07 08:55:00,10.43,IDLE,0.0,OFF,0.0,OFF,10.3,20.73
2026-06-07 09:00:00,10.25,IDLE,0.0,OFF,0.0,OFF,10.18,20.44
2026-06-07 09:05:00,10.24,IDLE,0.0,OFF,0.0,OFF,10.22,20.46
2026-06-07 09:10:00,10.14,IDLE,0.0,OFF,0.0,OFF,9.74,19.87
2026-06-07 09:15:00,10.11,IDLE,0.0,OFF,0.0,OFF,9.71,19.82
2026-06-07 09:20:00,10.41,IDLE,0.0,OFF,0.0,OFF,10.05,20.46
2026-06-07 09:25:00,10.34,IDLE,0.0,OFF,0.0,OFF,10.1,20.44
2026-06-07 09:30:00,9.58,IDLE,0.0,OFF,0.0,OFF,9.97,19.55
2026-06-07 09:35:00,10.25,IDLE,0.0,OFF,0.0,OFF,10.2,20.45
2026-06-07 09:40:00,10.07,IDLE,0.0,OFF,0.0,OFF,10.12,20.19
2026-06-07 09:45:00,10.23,IDLE,0.0,OFF,0.0,OFF,9.81,20.04
2026-06-07 09:50:00,9.72,IDLE,0.0,OFF,0.0,OFF,9.92,19.64
2026-06-07 09:55:00,10.14,IDLE,0.0,OFF,0.0,OFF,10.24,20.38
2026-06-07 10:00:00,10.21,IDLE,0.0,OFF,0.0,OFF,9.81,20.01
2026-06-07 10:05:00,10.38,IDLE,0.0,OFF,0.0,OFF,9.81,20.19
2026-06-07 10:10:00,10.08,IDLE,0.0,OFF,0.0,OFF,9.91,19.99
2026-06-07 10:15:00,9.54,IDLE,0.0,OFF,0.0,OFF,10.2,19.74
2026-06-07 10:20:00,9.85,IDLE,0.0,OFF,0.0,OFF,10.19,20.03
2026-06-07 10:25:00,10.33,IDLE,0.0,OFF,0.0,OFF,10.18,20.51
2026-06-07 10:30:00,9.53,IDLE,0.0,OFF,0.0,OFF,9.77,19.3
2026-06-07 10:35:00,9.87,IDLE,0.0,OFF,0.0,OFF,9.93,19.8
2026-06-07 10:40:00,10.37,IDLE,0.0,OFF,0.0,OFF,9.7,20.07
2026-06-07 10:45:00,10.41,IDLE,0.0,OFF,0.0,OFF,9.88,20.3
2026-06-07 10:50:00,9.96,IDLE,0.0,OFF,0.0,OFF,10.05,20.0
2026-06-07 10:55:00,9.87,IDLE,0.0,OFF,0.0,OFF,9.9,19.78
2026-06-07 11:00:00,10.26,IDLE,0.0,OFF,0.0,OFF,10.24,20.5
2026-06-07 11:05:00,9.9,IDLE,0.0,OFF,0.0,OFF,9.72,19.62
2026-06-07 11:10:00,10.44,IDLE,0.0,OFF,0.0,OFF,9.82,20.26
2026-06-07 11:15:00,10.46,IDLE,0.0,OFF,0.0,OFF,10.28,20.74
2026-06-07 11:20:00,9.67,IDLE,0.0,OFF,0.0,OFF,9.7,19.37
2026-06-07 11:25:00,9.74,IDLE,0.0,OFF,0.0,OFF,9.82,19.56
2026-06-07 11:30:00,9.87,IDLE,0.0,OFF,0.0,OFF,9.99,19.86
2026-06-07 11:35:00,10.41,IDLE,0.0,OFF,0.0,OFF,10.1,20.51
2026-06-07 11:40:00,9.63,IDLE,0.0,OFF,0.0,OFF,10.16,19.79
2026-06-07 11:45:00,10.23,IDLE,0.0,OFF,0.0,OFF,9.95,20.19
2026-06-07 11:50:00,10.09,IDLE,0.0,OFF,0.0,OFF,9.83,19.92
2026-06-07 11:55:00,10.32,IDLE,0.0,OFF,0.0,OFF,10.07,20.39
2026-06-07 12:00:00,9.69,IDLE,0.0,OFF,0.0,OFF,9.83,19.51
2026-06-07 12:05:00,9.78,IDLE,0.0,OFF,0.0,OFF,9.93,19.72
2026-06-07 12:10:00,9.66,IDLE,0.0,OFF,0.0,OFF,10.11,19.77
2026-06-07 12:15:00,9.6,IDLE,0.0,OFF,0.0,OFF,10.22,19.82
2026-06-07 12:20:00,9.88,IDLE,0.0,OFF,0.0,OFF,9.97,19.86
2026-06-07 12:25:00,9.8,IDLE,0.0,OFF,0.0,OFF,9.86,19.66
2026-06-07 12:30:00,9.87,IDLE,0.0,OFF,0.0,OFF,9.98,19.86
2026-06-07 12:35:00,10.48,IDLE,0.0,OFF,0.0,OFF,10.02,20.5
2026-06-07 12:40:00,10.43,IDLE,0.0,OFF,0.0,OFF,10.05,20.49
2026-06-07 12:45:00,9.55,IDLE,0.0,OFF,0.0,OFF,9.87,19.42
2026-06-07 12:50:00,10.19,IDLE,0.0,OFF,0.0,OFF,9.85,20.04
2026-06-07 12:55:00,9.68,IDLE,0.0,OFF,0.0,OFF,9.91,19.59
2026-06-07 13:00:00,9.86,IDLE,0.0,OFF,0.0,OFF,9.72,19.58
2026-06-07 13:05:00,10.23,IDLE,0.0,OFF,0.0,OFF,10.08,20.31
2026-06-07 13:10:00,9.74,IDLE,0.0,OFF,0.0,OFF,10.2,19.94
2026-06-07 13:15:00,9.58,IDLE,0.0,OFF,0.0,OFF,9.92,19.5
2026-06-07 13:20:00,9.88,IDLE,0.0,OFF,0.0,OFF,10.29,20.17
2026-06-07 13:25:00,9.52,IDLE,0.0,OFF,0.0,OFF,10.27,19.79
2026-06-07 13:30:00,9.93,IDLE,0.0,OFF,0.0,OFF,9.77,19.7
2026-06-07 13:35:00,10.35,IDLE,0.0,OFF,0.0,OFF,9.85,20.2
2026-06-07 13:40:00,9.94,IDLE,0.0,OFF,0.0,OFF,10.15,20.09
2026-06-07 13:45:00,10.41,IDLE,0.0,OFF,0.0,OFF,10.11,20.52
2026-06-07 13:50:00,9.63,IDLE,0.0,OFF,0.0,OFF,9.86,19.49
2026-06-07 13:55:00,9.52,IDLE,0.0,OFF,0.0,OFF,9.89,19.41
2026-06-07 14:00:00,10.09,IDLE,0.0,OFF,0.0,OFF,10.08,20.17
2026-06-07 14:05:00,9.84,IDLE,0.0,OFF,0.0,OFF,9.91,19.75
2026-06-07 14:10:00,10.2,IDLE,0.0,OFF,0.0,OFF,10.1,20.3
2026-06-07 14:15:00,10.13,IDLE,0.0,OFF,0.0,OFF,10.04,20.17
2026-06-07 14:20:00,9.79,IDLE,0.0,OFF,0.0,OFF,9.89,19.68
2026-06-07 14:25:00,9.85,IDLE,0.0,OFF,0.0,OFF,9.96,19.81
2026-06-07 14:30:00,9.99,IDLE,0.0,OFF,0.0,OFF,9.84,19.83
2026-06-07 14:35:00,9.6,IDLE,0.0,OFF,0.0,OFF,9.83,19.43
2026-06-07 14:40:00,10.28,IDLE,0.0,OFF,0.0,OFF,10.14,20.42
2026-06-07 14:45:00,10.1,IDLE,0.0,OFF,0.0,OFF,9.89,19.99
2026-06-07 14:50:00,10.26,IDLE,0.0,OFF,0.0,OFF,9.89,20.15
2026-06-07 14:55:00,9.96,IDLE,0.0,OFF,0.0,OFF,10.2,20.16
2026-06-07 15:00:00,10.03,IDLE,0.0,OFF,0.0,OFF,9.9,19.93
2026-06-07 15:05:00,10.15,IDLE,0.0,OFF,0.0,OFF,10.28,20.44
2026-06-07 15:10:00,10.12,IDLE,0.0,OFF,0.0,OFF,10.3,20.42
2026-06-07 15:15:00,9.75,IDLE,0.0,OFF,0.0,OFF,10.04,19.79
2026-06-07 15:20:00,10.38,IDLE,0.0,OFF,0.0,OFF,10.09,20.48
2026-06-07 15:25:00,9.87,IDLE,0.0,OFF,0.0,OFF,10.22,20.09
2026-06-07 15:30:00,9.79,IDLE,0.0,OFF,0.0,OFF,10.24,20.03
2026-06-07 15:35:00,10.49,IDLE,0.0,OFF,0.0,OFF,10.18,20.67
2026-06-07 15:40:00,9.83,IDLE,0.0,OFF,0.0,OFF,10.25,20.08
2026-06-07 15:45:00,9.53,IDLE,0.0,OFF,0.0,OFF,10.11,19.64
2026-06-07 15:50:00,9.92,IDLE,0.0,OFF,0.0,OFF,9.86,19.77
2026-06-07 15:55:00,10.03,IDLE,0.0,OFF,0.0,OFF,9.71,19.75
2026-06-07 16:00:00,10.32,IDLE,0.0,OFF,0.0,OFF,10.16,20.48
2026-06-07 16:05:00,9.93,IDLE,0.0,OFF,0.0,OFF,9.77,19.7
2026-06-07 16:10:00,9.61,IDLE,0.0,OFF,0.0,OFF,9.8,19.41
2026-06-07 16:15:00,9.71,IDLE,0.0,OFF,0.0,OFF,9.76,19.47
2026-06-07 16:20:00,9.74,IDLE,0.0,OFF,0.0,OFF,9.86,19.6
2026-06-07 16:25:00,10.07,IDLE,0.0,OFF,0.0,OFF,10.06,20.12
2026-06-07 16:30:00,9.87,IDLE,0.0,OFF,0.0,OFF,9.92,19.79
2026-06-07 16:35:00,9.98,IDLE,0.0,OFF,0.0,OFF,9.96,19.94
2026-06-07 16:40:00,9.79,IDLE,0.0,OFF,0.0,OFF,9.93,19.72
2026-06-07 16:45:00,10.08,IDLE,0.0,OFF,0.0,OFF,9.86,19.94
2026-06-07 16:50:00,10.12,IDLE,0.0,OFF,0.0,OFF,9.8,19.92
2026-06-07 16:55:00,9.87,IDLE,0.0,OFF,0.0,OFF,10.22,20.09
2026-06-07 17:00:00,10.4,IDLE,0.0,OFF,0.0,OFF,9.71,20.11
2026-06-07 17:05:00,9.78,IDLE,0.0,OFF,0.0,OFF,10.17,19.95
2026-06-07 17:10:00,10.41,IDLE,0.0,OFF,0.0,OFF,10.24,20.66
2026-06-07 17:15:00,9.73,IDLE,0.0,OFF,0.0,OFF,9.82,19.55
2026-06-07 17:20:00,9.57,IDLE,0.0,OFF,0.0,OFF,10.03,19.6
2026-06-07 17:25:00,9.56,IDLE,0.0,OFF,0.0,OFF,10.04,19.6
2026-06-07 17:30:00,10.15,IDLE,0.0,OFF,0.0,OFF,9.85,20.0
2026-06-07 17:35:00,10.05,IDLE,0.0,OFF,0.0,OFF,9.75,19.81
2026-06-07 17:40:00,10.02,IDLE,0.0,OFF,0.0,OFF,9.74,19.76
2026-06-07 17:45:00,10.04,IDLE,0.0,OFF,0.0,OFF,10.17,20.21
2026-06-07 17:50:00,9.58,IDLE,0.0,OFF,0.0,OFF,9.82,19.4
2026-06-07 17:55:00,10.08,IDLE,0.0,OFF,0.0,OFF,10.22,20.3
2026-06-07 18:00:00,10.31,IDLE,0.0,OFF,0.0,OFF,10.07,20.37
2026-06-07 18:05:00,10.1,IDLE,0.0,OFF,0.0,OFF,10.0,20.1
2026-06-07 18:10:00,10.45,IDLE,0.0,OFF,0.0,OFF,9.88,20.33
2026-06-07 18:15:00,10.06,IDLE,0.0,OFF,0.0,OFF,9.89,19.95
2026-06-07 18:20:00,9.99,IDLE,0.0,OFF,0.0,OFF,9.89,19.88
2026-06-07 18:25:00,9.57,IDLE,0.0,OFF,0.0,OFF,9.96,19.52
2026-06-07 18:30:00,10.14,IDLE,0.0,OFF,0.0,OFF,10.02,20.16
2026-06-07 18:35:00,9.71,IDLE,0.0,OFF,0.0,OFF,10.0,19.71
2026-06-07 18:40:00,9.8,IDLE,0.0,OFF,0.0,OFF,10.07,19.87
2026-06-07 18:45:00,10.27,IDLE,0.0,OFF,0.0,OFF,10.17,20.44
2026-06-07 18:50:00,10.46,IDLE,0.0,OFF,0.0,OFF,10.29,20.75
2026-06-07 18:55:00,9.77,IDLE,0.0,OFF,0.0,OFF,10.26,20.03
2026-06-07 19:00:00,9.64,IDLE,0.0,OFF,0.0,OFF,9.9,19.55
2026-06-07 19:05:00,9.93,IDLE,0.0,OFF,0.0,OFF,9.94,19.86
2026-06-07 19:10:00,10.47,IDLE,0.0,OFF,0.0,OFF,9.91,20.38
2026-06-07 19:15:00,9.52,IDLE,0.0,OFF,0.0,OFF,10.12,19.64
2026-06-07 19:20:00,9.87,IDLE,0.0,OFF,0.0,OFF,9.89,19.77
2026-06-07 19:25:00,9.7,IDLE,0.0,OFF,0.0,OFF,9.83,19.53
2026-06-07 19:30:00,9.74,IDLE,0.0,OFF,0.0,OFF,9.9,19.64
2026-06-07 19:35:00,10.47,IDLE,0.0,OFF,0.0,OFF,9.73,20.2
2026-06-07 19:40:00,9.99,IDLE,0.0,OFF,0.0,OFF,9.87,19.86
2026-06-07 19:45:00,10.14,IDLE,0.0,OFF,0.0,OFF,9.87,20.01
2026-06-07 19:50:00,9.63,IDLE,0.0,OFF,0.0,OFF,10.15,19.78
2026-06-07 19:55:00,9.65,IDLE,0.0,OFF,0.0,OFF,9.79,19.44
2026-06-07 20:00:00,9.75,IDLE,0.0,OFF,0.0,OFF,10.04,19.79
2026-06-07 20:05:00,9.79,IDLE,0.0,OFF,0.0,OFF,9.71,19.5
2026-06-07 20:10:00,10.21,IDLE,0.0,OFF,0.0,OFF,9.89,20.1
2026-06-07 20:15:00,10.38,IDLE,0.0,OFF,0.0,OFF,9.81,20.2
2026-06-07 20:20:00,10.18,IDLE,0.0,OFF,0.0,OFF,10.12,20.3
2026-06-07 20:25:00,9.62,IDLE,0.0,OFF,0.0,OFF,9.95,19.57
2026-06-07 20:30:00,10.03,IDLE,0.0,OFF,0.0,OFF,10.25,20.28
2026-06-07 20:35:00,9.53,IDLE,0.0,OFF,0.0,OFF,10.0,19.53
2026-06-07 20:40:00,10.07,IDLE,0.0,OFF,0.0,OFF,10.08,20.16
2026-06-07 20:45:00,10.28,IDLE,0.0,OFF,0.0,OFF,10.02,20.3
2026-06-07 20:50:00,10.42,IDLE,0.0,OFF,0.0,OFF,10.07,20.49
2026-06-07 20:55:00,9.93,IDLE,0.0,OFF,0.0,OFF,9.87,19.8
2026-06-07 21:00:00,10.15,IDLE,0.0,OFF,0.0,OFF,9.74,19.89
2026-06-07 21:05:00,10.19,IDLE,0.0,OFF,0.0,OFF,10.19,20.38
2026-06-07 21:10:00,9.51,IDLE,0.0,OFF,0.0,OFF,10.2,19.7
2026-06-07 21:15:00,9.76,IDLE,0.0,OFF,0.0,OFF,9.83,19.59
2026-06-07 21:20:00,10.17,IDLE,0.0,OFF,0.0,OFF,10.16,20.33
2026-06-07 21:25:00,10.37,IDLE,0.0,OFF,0.0,OFF,9.79,20.16
2026-06-07 21:30:00,9.53,IDLE,0.0,OFF,0.0,OFF,10.06,19.59
2026-06-07 21:35:00,10.45,IDLE,0.0,OFF,0.0,OFF,9.9,20.35
2026-06-07 21:40:00,9.8,IDLE,0.0,OFF,0.0,OFF,9.95,19.76
2026-06-07 21:45:00,9.86,IDLE,0.0,OFF,0.0,OFF,9.78,19.64
2026-06-07 21:50:00,9.88,IDLE,0.0,OFF,0.0,OFF,9.97,19.84
2026-06-07 21:55:00,9.95,IDLE,0.0,OFF,0.0,OFF,9.94,19.89
2026-06-07 22:00:00,9.59,IDLE,0.0,OFF,0.0,OFF,9.81,19.4
2026-06-07 22:05:00,10.26,IDLE,0.0,OFF,0.0,OFF,9.77,20.03
2026-06-07 22:10:00,9.82,IDLE,0.0,OFF,0.0,OFF,9.81,19.63
2026-06-07 22:15:00,9.76,IDLE,0.0,OFF,0.0,OFF,9.77,19.52
2026-06-07 22:20:00,9.9,IDLE,0.0,OFF,0.0,OFF,10.21,20.11
2026-06-07 22:25:00,9.93,IDLE,0.0,OFF,0.0,OFF,10.21,20.14
2026-06-07 22:30:00,10.14,IDLE,0.0,OFF,0.0,OFF,9.93,20.08
2026-06-07 22:35:00,10.15,IDLE,0.0,OFF,0.0,OFF,9.89,20.04
2026-06-07 22:40:00,9.63,IDLE,0.0,OFF,0.0,OFF,9.79,19.42
2026-06-07 22:45:00,10.3,IDLE,0.0,OFF,0.0,OFF,10.22,20.52
2026-06-07 22:50:00,9.66,IDLE,0.0,OFF,0.0,OFF,9.8,19.46
2026-06-07 22:55:00,10.31,IDLE,0.0,OFF,0.0,OFF,9.81,20.12
2026-06-07 23:00:00,10.0,IDLE,0.0,OFF,0.0,OFF,9.88,19.88
2026-06-07 23:05:00,9.82,IDLE,0.0,OFF,0.0,OFF,10.17,19.99
2026-06-07 23:10:00,10.37,IDLE,0.0,OFF,0.0,OFF,10.25,20.62
2026-06-07 23:15:00,10.03,IDLE,0.0,OFF,0.0,OFF,9.79,19.82
2026-06-07 23:20:00,10.49,IDLE,0.0,OFF,0.0,OFF,9.77,20.26
2026-06-07 23:25:00,10.04,IDLE,0.0,OFF,0.0,OFF,9.78,19.82
2026-06-07 23:30:00,9.97,IDLE,0.0,OFF,0.0,OFF,10.24,20.21
2026-06-07 23:35:00,10.11,IDLE,0.0,OFF,0.0,OFF,10.13,20.24
2026-06-07 23:40:00,9.7,IDLE,0.0,OFF,0.0,OFF,9.83,19.53
2026-06-07 23:45:00,9.58,IDLE,0.0,OFF,0.0,OFF,9.76,19.34
2026-06-07 23:50:00,9.73,IDLE,0.0,OFF,0.0,OFF,9.81,19.54
2026-06-07 23:55:00,10.17,IDLE,0.0,OFF,0.0,OFF,10.01,20.18
