timestamp,epoch_timestamp,hour,day_of_week,is_weekend,scenario_tag,ambient_temperature_c,solar_irradiance_w_m2,cloud_cover,wind_speed_m_s,solar_generation_kw,wind_generation_kw,total_renewable_kw,machine_a_power_kw,machine_a_status,machine_b_power_kw,machine_b_status,machine_c_baseline_power_kw,machine_c_baseline_status,base_facility_load_kw,baseline_total_load_kw,critical_load_kw,flexible_load_kw,machine_c_flex_potential_kw,machine_c_earliest_start,machine_c_latest_end,machine_c_required_duration_hours,machine_c_deadline,grid_status,tariff_rate,is_peak_tariff,grid_export_limit_kw,baseline_battery_power_kw,baseline_battery_charge_kw,baseline_battery_discharge_kw,baseline_battery_soc,baseline_grid_import_kw,baseline_grid_export_kw,baseline_curtailment_kw,baseline_step_cost,baseline_cumulative_cost,energy_balance_verified
2026-06-01 00:00:00,1780252200,0.0,0,0,NORMAL_OPERATION,18.45,0.0,0.1,4.97,0.0,0.53,0.53,24.56,RUNNING,0.0,OFF,0.0,OFF,10.14,34.7,34.7,0.0,35.0,08:00,17:00,3.0,17:00,1,4.5,0,50.0,-34.17,0.0,34.17,48.5,0.0,0.0,0.0,0.0,0.0,1
2026-06-01 00:05:00,1780252500,0.083,0,0,NORMAL_OPERATION,18.36,0.0,0.19,4.7,0.0,0.34,0.34,24.88,RUNNING,0.0,OFF,0.0,OFF,9.72,34.59,34.59,0.0,35.0,08:00,17:00,3.0,17:00,1,4.5,0,50.0,-34.25,0.0,34.25,47.0,0.0,0.0,0.0,0.0,0.0,1
2026-06-01 00:10:00,1780252800,0.167,0,0,NORMAL_OPERATION,17.88,0.0,0.15,4.63,0.0,0.3,0.3,24.52,RUNNING,0.0,OFF,0.0,OFF,10.09,34.61,34.61,0.0,35.0,08:00,17:00,3.0,17:00,1,4.5,0,50.0,-34.31,0.0,34.31,45.49,0.0,0.0,0.0,0.0,0.0,1
2026-06-01 00:15:00,1780253100,0.25,0,0,NORMAL_OPERATION,18.02,0.0,0.12,5.56,0.0,1.16,1.16,25.5,RUNNING,0.0,OFF,0.0,OFF,9.7,35.2,35.2,0.0,35.0,08:00,17:00,3.0,17:00,1,4.5,0,50.0,-34.04,0.0,34.04,44.0,0.0,0.0,0.0,0.0,0.0,1
2026-06-01 00:20:00,1780253400,0.333,0,0,NORMAL_OPERATION,18.12,0.0,0.17,5.2,0.0,0.73,0.73,24.45,RUNNING,0.0,OFF,0.0,OFF,10.27,34.72,34.72,0.0,35.0,08:00,17:00,3.0,17:00,1,4.5,0,50.0,-33.99,0.0,33.99,42.51,0.0,0.0,0.0,0.0,0.0,1
2026-06-01 00:25:00,1780253700,0.417,0,0,NORMAL_OPERATION,17.63,0.0,0.11,4.84,0.0,0.43,0.43,25.56,RUNNING,0.0,OFF,0.0,OFF,10.06,35.62,35.62,0.0,35.0,08:00,17:00,3.0,17:00,1,4.5,0,50.0,-35.19,0.0,35.19,40.97,0.0,0.0,0.0,0.0,0.0,1
2026-06-01 00:30:00,1780254000,0.5,0,0,NORMAL_OPERATION,17.9,0.0,0.17,5.57,0.0,1.17,1.17,25.76,RUNNING,0.0,OFF,0.0,OFF,9.93,35.68,35.68,0.0,35.0,08:00,17:00,3.0,17:00,1,4.5,0,50.0,-34.51,0.0,34.51,39.45,0.0,0.0,0.0,0.0,0.0,1
2026-06-01 00:35:00,1780254300,0.583,0,0,NORMAL_OPERATION,17.59,0.0,0.18,5.74,0.0,1.41,1.41,25.58,RUNNING,0.0,OFF,0.0,OFF,10.05,35.63,35.63,0.0,35.0,08:00,17:00,3.0,17:00,1,4.5,0,50.0,-34.22,0.0,34.22,37.95,0.0,0.0,0.0,0.0,0.0,1
2026-06-01 00:40:00,1780254600,0.667,0,0,NORMAL_OPERATION,17.61,0.0,0.1,5.15,0.0,0.68,0.68,24.66,RUNNING,0.0,OFF,0.0,OFF,9.75,34.41,34.41,0.0,35.0,08:00,17:00,3.0,17:00,1,4.5,0,50.0,-33.73,0.0,33.73,36.47,0.0,0.0,0.0,0.0,0.0,1
2026-06-01 00:45:00,1780254900,0.75,0,0,NORMAL_OPERATION,17.13,0.0,0.11,5.27,0.0,0.8,0.8,25.22,RUNNING,0.0,OFF,0.0,OFF,9.92,35.14,35.14,0.0,35.0,08:00,17:00,3.0,17:00,1,4.5,0,50.0,-34.34,0.0,34.34,34.97,0.0,0.0,0.0,0.0,0.0,1
2026-06-01 00:50:00,1780255200,0.833,0,0,NORMAL_OPERATION,17.15,0.0,0.12,5.28,0.0,0.82,0.82,25.7,RUNNING,0.0,OFF,0.0,OFF,10.09,35.79,35.79,0.0,35.0,08:00,17:00,3.0,17:00,1,4.5,0,50.0,-34.97,0.0,34.97,33.43,0.0,0.0,0.0,0.0,0.0,1
2026-06-01 00:55:00,1780255500,0.917,0,0,NORMAL_OPERATION,17.25,0.0,0.12,6.06,0.0,1.97,1.97,24.46,RUNNING,0.0,OFF,0.0,OFF,9.93,34.39,34.39,0.0,35.0,08:00,17:00,3.0,17:00,1,4.5,0,50.0,-32.42,0.0,32.42,32.01,0.0,0.0,0.0,0.0,0.0,1
2026-06-01 01:00:00,1780255800,1.0,0,0,NORMAL_OPERATION,17.46,0.0,0.16,5.82,0.0,1.54,1.54,25.3,RUNNING,0.0,OFF,0.0,OFF,10.21,35.5,35.5,0.0,35.0,08:00,17:00,3.0,17:00,1,4.5,0,50.0,-33.96,0.0,33.96,30.52,0.0,0.0,0.0,0.0,0.0,1
2026-06-01 01:05:00,1780256100,1.083,0,0,NORMAL_OPERATION,17.21,0.0,0.12,5.02,0.0,0.57,0.57,24.7,RUNNING,0.0,OFF,0.0,OFF,9.86,34.57,34.57,0.0,35.0,08:00,17:00,3.0,17:00,1,4.5,0,50.0,-34.0,0.0,34.0,29.03,0.0,0.0,0.0,0.0,0.0,1
2026-06-01 01:10:00,1780256400,1.167,0,0,NORMAL_OPERATION,16.67,0.0,0.19,6.41,0.0,2.73,2.73,24.7,RUNNING,0.0,OFF,0.0,OFF,10.09,34.8,34.8,0.0,35.0,08:00,17:00,3.0,17:00,1,4.5,0,50.0,-32.07,0.0,32.07,27.62,0.0,0.0,0.0,0.0,0.0,1
2026-06-01 01:15:00,1780256700,1.25,0,0,NORMAL_OPERATION,16.74,0.0,0.19,5.79,0.0,1.48,1.48,24.62,RUNNING,0.0,OFF,0.0,OFF,9.85,34.47,34.47,0.0,35.0,08:00,17:00,3.0,17:00,1,4.5,0,50.0,-32.99,0.0,32.99,26.18,0.0,0.0,0.0,0.0,0.0,1
2026-06-01 01:20:00,1780257000,1.333,0,0,NORMAL_OPERATION,16.8,0.0,0.13,6.03,0.0,1.9,1.9,25.64,RUNNING,0.0,OFF,0.0,OFF,9.94,35.58,35.58,0.0,35.0,08:00,17:00,3.0,17:00,1,4.5,0,50.0,-33.68,0.0,33.68,24.7,0.0,0.0,0.0,0.0,0.0,1
2026-06-01 01:25:00,1780257300,1.417,0,0,NORMAL_OPERATION,16.45,0.0,0.2,5.95,0.0,1.76,1.76,24.35,RUNNING,0.0,OFF,0.0,OFF,9.73,34.07,34.07,0.0,35.0,08:00,17:00,3.0,17:00,1,4.5,0,50.0,-32.31,0.0,32.31,23.28,0.0,0.0,0.0,0.0,0.0,1
2026-06-01 01:30:00,1780257600,1.5,0,0,NORMAL_OPERATION,16.3,0.0,0.16,6.45,0.0,2.81,2.81,24.88,RUNNING,0.0,OFF,0.0,OFF,9.74,34.61,34.61,0.0,35.0,08:00,17:00,3.0,17:00,1,4.5,0,50.0,-31.8,0.0,31.8,21.89,0.0,0.0,0.0,0.0,0.0,1
2026-06-01 01:35:00,1780257900,1.583,0,0,NORMAL_OPERATION,16.45,0.0,0.2,6.07,0.0,1.98,1.98,25.75,RUNNING,0.0,OFF,0.0,OFF,10.22,35.97,35.97,0.0,35.0,08:00,17:00,3.0,17:00,1,4.5,0,50.0,-33.99,0.0,33.99,20.4,0.0,0.0,0.0,0.0,0.0,1
2026-06-01 01:40:00,1780258200,1.667,0,0,GRID_FALLBACK,16.09,0.0,0.17,6.36,0.0,2.59,2.59,25.06,RUNNING,0.0,OFF,0.0,OFF,9.86,34.92,34.92,0.0,35.0,08:00,17:00,3.0,17:00,1,4.5,0,50.0,-9.06,0.0,9.06,20.0,23.27,0.0,0.0,8.7263,8.73,1
2026-06-01 01:45:00,1780258500,1.75,0,0,GRID_FALLBACK,16.54,0.0,0.11,6.01,0.0,1.86,1.86,24.93,RUNNING,0.0,OFF,0.0,OFF,10.27,35.2,35.2,0.0,35.0,08:00,17:00,3.0,17:00,1,4.5,0,50.0,0.0,0.0,0.0,20.0,33.34,0.0,0.0,12.5025,21.23,1
2026-06-01 01:50:00,1780258800,1.833,0,0,GRID_FALLBACK,16.67,0.0,0.13,6.16,0.0,2.16,2.16,24.49,RUNNING,0.0,OFF,0.0,OFF,10.25,34.73,34.73,0.0,35.0,08:00,17:00,3.0,17:00,1,4.5,0,50.0,0.0,0.0,0.0,20.0,32.57,0.0,0.0,12.2137,33.44,1
2026-06-01 01:55:00,1780259100,1.917,0,0,GRID_FALLBACK,16.62,0.0,0.13,6.43,0.0,2.76,2.76,25.17,RUNNING,0.0,OFF,0.0,OFF,9.79,34.97,34.97,0.0,35.0,08:00,17:00,3.0,17:00,1,4.5,0,50.0,0.0,0.0,0.0,20.0,32.21,0.0,0.0,12.0787,45.52,1
2026-06-01 02:00:00,1780259400,2.0,0,0,GRID_FALLBACK,16.48,0.0,0.15,6.7,0.0,3.46,3.46,25.05,RUNNING,0.0,OFF,0.0,OFF,9.7,34.75,34.75,0.0,35.0,08:00,17:00,3.0,17:00,1,4.5,0,50.0,0.0,0.0,0.0,20.0,31.29,0.0,0.0,11.7338,57.26,1
2026-06-01 02:05:00,1780259700,2.083,0,0,GRID_FALLBACK,16.09,0.0,0.1,6.98,0.0,4.34,4.34,25.61,RUNNING,0.0,OFF,0.0,OFF,10.2,35.8,35.8,0.0,35.0,08:00,17:00,3.0,17:00,1,4.5,0,50.0,0.0,0.0,0.0,20.0,31.46,0.0,0.0,11.7975,69.05,1
2026-06-01 02:10:00,1780260000,2.167,0,0,GRID_FALLBACK,16.04,0.0,0.11,6.95,0.0,4.23,4.23,25.72,RUNNING,0.0,OFF,0.0,OFF,9.75,35.47,35.47,0.0,35.0,08:00,17:00,3.0,17:00,1,4.5,0,50.0,0.0,0.0,0.0,20.0,31.24,0.0,0.0,11.715,80.77,1
2026-06-01 02:15:00,1780260300,2.25,0,0,GRID_FALLBACK,16.14,0.0,0.11,6.81,0.0,3.8,3.8,25.43,RUNNING,0.0,OFF,0.0,OFF,9.78,35.2,35.2,0.0,35.0,08:00,17:00,3.0,17:00,1,4.5,0,50.0,0.0,0.0,0.0,20.0,31.4,0.0,0.0,11.775,92.54,1
2026-06-01 02:20:00,1780260600,2.333,0,0,GRID_FALLBACK,16.1,0.0,0.15,6.07,0.0,1.98,1.98,25.6,RUNNING,0.0,OFF,0.0,OFF,9.95,35.55,35.55,0.0,35.0,08:00,17:00,3.0,17:00,1,4.5,0,50.0,0.0,0.0,0.0,20.0,33.57,0.0,0.0,12.5887,105.13,1
2026-06-01 02:25:00,1780260900,2.417,0,0,GRID_FALLBACK,15.86,0.0,0.15,6.86,0.0,3.95,3.95,24.52,RUNNING,0.0,OFF,0.0,OFF,9.89,34.41,34.41,0.0,35.0,08:00,17:00,3.0,17:00,1,4.5,0,50.0,0.0,0.0,0.0,20.0,30.46,0.0,0.0,11.4225,116.55,1
2026-06-01 02:30:00,1780261200,2.5,0,0,GRID_FALLBACK,16.46,0.0,0.16,6.44,0.0,2.8,2.8,25.03,RUNNING,0.0,OFF,0.0,OFF,9.77,34.8,34.8,0.0,35.0,08:00,17:00,3.0,17:00,1,4.5,0,50.0,0.0,0.0,0.0,20.0,32.0,0.0,0.0,12.0,128.55,1
2026-06-01 02:35:00,1780261500,2.583,0,0,GRID_FALLBACK,15.83,0.0,0.13,6.74,0.0,3.57,3.57,24.57,RUNNING,0.0,OFF,0.0,OFF,9.83,34.4,34.4,0.0,35.0,08:00,17:00,3.0,17:00,1,4.5,0,50.0,0.0,0.0,0.0,20.0,30.83,0.0,0.0,11.5612,140.12,1
2026-06-01 02:40:00,1780261800,2.667,0,0,GRID_FALLBACK,15.69,0.0,0.16,6.21,0.0,2.27,2.27,25.65,RUNNING,0.0,OFF,0.0,OFF,10.22,35.86,35.86,0.0,35.0,08:00,17:00,3.0,17:00,1,4.5,0,50.0,0.0,0.0,0.0,20.0,33.59,0.0,0.0,12.5962,152.71,1
2026-06-01 02:45:00,1780262100,2.75,0,0,GRID_FALLBACK,15.67,0.0,0.12,6.97,0.0,4.28,4.28,24.54,RUNNING,0.0,OFF,0.0,OFF,9.78,34.32,34.32,0.0,35.0,08:00,17:00,3.0,17:00,1,4.5,0,50.0,0.0,0.0,0.0,20.0,30.04,0.0,0.0,11.265,163.98,1
2026-06-01 02:50:00,1780262400,2.833,0,0,GRID_FALLBACK,16.36,0.0,0.16,6.7,0.0,3.49,3.49,25.46,RUNNING,0.0,OFF,0.0,OFF,10.18,35.64,35.64,0.0,35.0,08:00,17:00,3.0,17:00,1,4.5,0,50.0,0.0,0.0,0.0,20.0,32.15,0.0,0.0,12.0562,176.03,1
2026-06-01 02:55:00,1780262700,2.917,0,0,GRID_FALLBACK,15.75,0.0,0.11,6.69,0.0,3.45,3.45,24.88,RUNNING,0.0,OFF,0.0,OFF,9.98,34.86,34.86,0.0,35.0,08:00,17:00,3.0,17:00,1,4.5,0,50.0,0.0,0.0,0.0,20.0,31.41,0.0,0.0,11.7787,187.81,1
2026-06-01 03:00:00,1780263000,3.0,0,0,GRID_FALLBACK,16.18,0.0,0.17,7.63,0.0,6.8,6.8,24.36,RUNNING,0.0,OFF,0.0,OFF,9.94,34.3,34.3,0.0,35.0,08:00,17:00,3.0,17:00,1,4.5,0,50.0,0.0,0.0,0.0,20.0,27.5,0.0,0.0,10.3125,198.12,1
2026-06-01 03:05:00,1780263300,3.083,0,0,GRID_FALLBACK,15.87,0.0,0.19,6.5,0.0,2.95,2.95,24.5,RUNNING,0.0,OFF,0.0,OFF,9.97,34.47,34.47,0.0,35.0,08:00,17:00,3.0,17:00,1,4.5,0,50.0,0.0,0.0,0.0,20.0,31.52,0.0,0.0,11.82,209.94,1
2026-06-01 03:10:00,1780263600,3.167,0,0,GRID_FALLBACK,15.95,0.0,0.13,6.56,0.0,3.09,3.09,25.68,RUNNING,0.0,OFF,0.0,OFF,9.97,35.64,35.64,0.0,35.0,08:00,17:00,3.0,17:00,1,4.5,0,50.0,0.0,0.0,0.0,20.0,32.55,0.0,0.0,12.2062,222.15,1
2026-06-01 03:15:00,1780263900,3.25,0,0,GRID_FALLBACK,16.31,0.0,0.16,6.29,0.0,2.45,2.45,25.8,RUNNING,0.0,OFF,0.0,OFF,10.2,36.0,36.0,0.0,35.0,08:00,17:00,3.0,17:00,1,4.5,0,50.0,0.0,0.0,0.0,20.0,33.55,0.0,0.0,12.5812,234.73,1
2026-06-01 03:20:00,1780264200,3.333,0,0,GRID_FALLBACK,16.41,0.0,0.19,7.62,0.0,6.78,6.78,24.47,RUNNING,0.0,OFF,0.0,OFF,9.99,34.46,34.46,0.0,35.0,08:00,17:00,3.0,17:00,1,4.5,0,50.0,0.0,0.0,0.0,20.0,27.68,0.0,0.0,10.38,245.11,1
2026-06-01 03:25:00,1780264500,3.417,0,0,GRID_FALLBACK,15.82,0.0,0.14,6.41,0.0,2.73,2.73,24.81,RUNNING,0.0,OFF,0.0,OFF,10.29,35.1,35.1,0.0,35.0,08:00,17:00,3.0,17:00,1,4.5,0,50.0,0.0,0.0,0.0,20.0,32.37,0.0,0.0,12.1388,257.25,1
2026-06-01 03:30:00,1780264800,3.5,0,0,GRID_FALLBACK,15.88,0.0,0.18,7.1,0.0,4.73,4.73,24.88,RUNNING,0.0,OFF,0.0,OFF,10.27,35.15,35.15,0.0,35.0,08:00,17:00,3.0,17:00,1,4.5,0,50.0,0.0,0.0,0.0,20.0,30.42,0.0,0.0,11.4075,268.66,1
2026-06-01 03:35:00,1780265100,3.583,0,0,GRID_FALLBACK,16.49,0.0,0.16,7.58,0.0,6.58,6.58,24.45,RUNNING,0.0,OFF,0.0,OFF,9.88,34.33,34.33,0.0,35.0,08:00,17:00,3.0,17:00,1,4.5,0,50.0,0.0,0.0,0.0,20.0,27.75,0.0,0.0,10.4062,279.06,1
2026-06-01 03:40:00,1780265400,3.667,0,0,GRID_FALLBACK,16.5,0.0,0.16,7.35,0.0,5.64,5.64,25.4,RUNNING,0.0,OFF,0.0,OFF,9.73,35.13,35.13,0.0,35.0,08:00,17:00,3.0,17:00,1,4.5,0,50.0,0.0,0.0,0.0,20.0,29.49,0.0,0.0,11.0587,290.12,1
2026-06-01 03:45:00,1780265700,3.75,0,0,GRID_FALLBACK,16.22,0.0,0.15,7.9,0.0,8.07,8.07,24.45,RUNNING,0.0,OFF,0.0,OFF,10.28,34.73,34.73,0.0,35.0,08:00,17:00,3.0,17:00,1,4.5,0,50.0,0.0,0.0,0.0,20.0,26.66,0.0,0.0,9.9975,300.12,1
2026-06-01 03:50:00,1780266000,3.833,0,0,GRID_FALLBACK,15.85,0.0,0.12,7.54,0.0,6.43,6.43,25.28,RUNNING,0.0,OFF,0.0,OFF,9.84,35.12,35.12,0.0,35.0,08:00,17:00,3.0,17:00,1,4.5,0,50.0,0.0,0.0,0.0,20.0,28.69,0.0,0.0,10.7587,310.88,1
2026-06-01 03:55:00,1780266300,3.917,0,0,GRID_FALLBACK,15.93,0.0,0.19,7.04,0.0,4.52,4.52,25.15,RUNNING,0.0,OFF,0.0,OFF,10.07,35.22,35.22,0.0,35.0,08:00,17:00,3.0,17:00,1,4.5,0,50.0,0.0,0.0,0.0,20.0,30.7,0.0,0.0,11.5125,322.39,1
2026-06-01 04:00:00,1780266600,4.0,0,0,GRID_FALLBACK,16.21,0.0,0.16,7.54,0.0,6.4,6.4,25.7,RUNNING,0.0,OFF,0.0,OFF,9.82,35.52,35.52,0.0,35.0,08:00,17:00,3.0,17:00,1,4.5,0,50.0,0.0,0.0,0.0,20.0,29.12,0.0,0.0,10.92,333.31,1
2026-06-01 04:05:00,1780266900,4.083,0,0,GRID_FALLBACK,16.49,0.0,0.12,7.39,0.0,5.79,5.79,25.27,RUNNING,0.0,OFF,0.0,OFF,9.88,35.15,35.15,0.0,35.0,08:00,17:00,3.0,17:00,1,4.5,0,50.0,0.0,0.0,0.0,20.0,29.36,0.0,0.0,11.01,344.32,1
2026-06-01 04:10:00,1780267200,4.167,0,0,GRID_FALLBACK,16.22,0.0,0.18,6.93,0.0,4.15,4.15,24.93,RUNNING,0.0,OFF,0.0,OFF,10.3,35.23,35.23,0.0,35.0,08:00,17:00,3.0,17:00,1,4.5,0,50.0,0.0,0.0,0.0,20.0,31.08,0.0,0.0,11.655,355.98,1
2026-06-01 04:15:00,1780267500,4.25,0,0,GRID_FALLBACK,16.82,0.0,0.11,7.2,0.0,5.1,5.1,24.62,RUNNING,0.0,OFF,0.0,OFF,10.26,34.88,34.88,0.0,35.0,08:00,17:00,3.0,17:00,1,4.5,0,50.0,0.0,0.0,0.0,20.0,29.78,0.0,0.0,11.1675,367.14,1
2026-06-01 04:20:00,1780267800,4.333,0,0,GRID_FALLBACK,16.79,0.0,0.19,7.51,0.0,6.29,6.29,24.45,RUNNING,0.0,OFF,0.0,OFF,10.2,34.65,34.65,0.0,35.0,08:00,17:00,3.0,17:00,1,4.5,0,50.0,0.0,0.0,0.0,20.0,28.36,0.0,0.0,10.635,377.78,1
2026-06-01 04:25:00,1780268100,4.417,0,0,GRID_FALLBACK,16.71,0.0,0.16,8.55,0.0,11.74,11.74,25.25,RUNNING,0.0,OFF,0.0,OFF,9.7,34.95,34.95,0.0,35.0,08:00,17:00,3.0,17:00,1,4.5,0,50.0,0.0,0.0,0.0,20.0,23.21,0.0,0.0,8.7037,386.48,1
2026-06-01 04:30:00,1780268400,4.5,0,0,GRID_FALLBACK,16.86,0.0,0.13,8.09,0.0,9.03,9.03,25.7,RUNNING,0.0,OFF,0.0,OFF,9.78,35.48,35.48,0.0,35.0,08:00,17:00,3.0,17:00,1,4.5,0,50.0,0.0,0.0,0.0,20.0,26.45,0.0,0.0,9.9187,396.4,1
2026-06-01 04:35:00,1780268700,4.583,0,0,GRID_FALLBACK,16.37,0.0,0.11,7.97,0.0,8.4,8.4,24.64,RUNNING,0.0,OFF,0.0,OFF,10.06,34.7,34.7,0.0,35.0,08:00,17:00,3.0,17:00,1,4.5,0,50.0,0.0,0.0,0.0,20.0,26.3,0.0,0.0,9.8625,406.26,1
2026-06-01 04:40:00,1780269000,4.667,0,0,GRID_FALLBACK,16.92,0.0,0.12,8.15,0.0,9.36,9.36,24.62,RUNNING,0.0,OFF,0.0,OFF,9.99,34.62,34.62,0.0,35.0,08:00,17:00,3.0,17:00,1,4.5,0,50.0,0.0,0.0,0.0,20.0,25.26,0.0,0.0,9.4725,415.74,1
2026-06-01 04:45:00,1780269300,4.75,0,0,GRID_FALLBACK,17.15,0.0,0.18,7.34,0.0,5.59,5.59,24.88,RUNNING,0.0,OFF,0.0,OFF,9.87,34.74,34.74,0.0,35.0,08:00,17:00,3.0,17:00,1,4.5,0,50.0,0.0,0.0,0.0,20.0,29.15,0.0,0.0,10.9313,426.67,1
2026-06-01 04:50:00,1780269600,4.833,0,0,GRID_FALLBACK,16.51,0.0,0.18,8.26,0.0,9.98,9.98,24.62,RUNNING,0.0,OFF,0.0,OFF,10.14,34.76,34.76,0.0,35.0,08:00,17:00,3.0,17:00,1,4.5,0,50.0,0.0,0.0,0.0,20.0,24.78,0.0,0.0,9.2925,435.96,1
2026-06-01 04:55:00,1780269900,4.917,0,0,GRID_FALLBACK,17.03,0.0,0.14,7.31,0.0,5.49,5.49,24.32,RUNNING,0.0,OFF,0.0,OFF,10.23,34.55,34.55,0.0,35.0,08:00,17:00,3.0,17:00,1,4.5,0,50.0,0.0,0.0,0.0,20.0,29.06,0.0,0.0,10.8975,446.86,1
2026-06-01 05:00:00,1780270200,5.0,0,0,GRID_FALLBACK,17.39,0.0,0.15,8.68,0.0,12.58,12.58,25.13,RUNNING,0.0,OFF,0.0,OFF,9.79,34.92,34.92,0.0,35.0,08:00,17:00,3.0,17:00,1,4.5,0,50.0,0.0,0.0,0.0,20.0,22.34,0.0,0.0,8.3775,455.24,1
2026-06-01 05:05:00,1780270500,5.083,0,0,GRID_FALLBACK,16.86,0.0,0.13,8.84,0.0,13.65,13.65,25.47,RUNNING,0.0,OFF,0.0,OFF,10.22,35.69,35.69,0.0,35.0,08:00,17:00,3.0,17:00,1,4.5,0,50.0,0.0,0.0,0.0,20.0,22.04,0.0,0.0,8.265,463.5,1
2026-06-01 05:10:00,1780270800,5.167,0,0,GRID_FALLBACK,17.57,0.0,0.12,7.85,0.0,7.83,7.83,24.36,RUNNING,0.0,OFF,0.0,OFF,10.17,34.53,34.53,0.0,35.0,08:00,17:00,3.0,17:00,1,4.5,0,50.0,0.0,0.0,0.0,20.0,26.7,0.0,0.0,10.0125,473.51,1
2026-06-01 05:15:00,1780271100,5.25,0,0,GRID_FALLBACK,17.66,0.0,0.14,8.5,0.0,11.39,11.39,24.45,RUNNING,0.0,OFF,0.0,OFF,10.26,34.71,34.71,0.0,35.0,08:00,17:00,3.0,17:00,1,4.5,0,50.0,0.0,0.0,0.0,20.0,23.32,0.0,0.0,8.745,482.26,1
2026-06-01 05:20:00,1780271400,5.333,0,0,GRID_FALLBACK,17.74,0.0,0.2,8.85,0.0,13.75,13.75,25.61,RUNNING,0.0,OFF,0.0,OFF,9.71,35.33,35.33,0.0,35.0,08:00,17:00,3.0,17:00,1,4.5,0,50.0,0.0,0.0,0.0,20.0,21.58,0.0,0.0,8.0925,490.35,1
2026-06-01 05:25:00,1780271700,5.417,0,0,GRID_FALLBACK,17.74,0.0,0.13,9.1,0.0,15.53,15.53,25.48,RUNNING,0.0,OFF,0.0,OFF,10.22,35.7,35.7,0.0,35.0,08:00,17:00,3.0,17:00,1,4.5,0,50.0,0.0,0.0,0.0,20.0,20.17,0.0,0.0,7.5638,497.91,1
2026-06-01 05:30:00,1780272000,5.5,0,0,GRID_FALLBACK,17.9,0.0,0.13,8.92,0.0,14.2,14.2,24.37,RUNNING,0.0,OFF,0.0,OFF,10.22,34.6,34.6,0.0,35.0,08:00,17:00,3.0,17:00,1,4.5,0,50.0,0.0,0.0,0.0,20.0,20.4,0.0,0.0,7.65,505.56,1
2026-06-01 05:35:00,1780272300,5.583,0,0,GRID_FALLBACK,18.05,0.0,0.12,9.01,0.0,14.91,14.91,24.94,RUNNING,0.0,OFF,0.0,OFF,9.88,34.82,34.82,0.0,35.0,08:00,17:00,3.0,17:00,1,4.5,0,50.0,0.0,0.0,0.0,20.0,19.91,0.0,0.0,7.4662,513.03,1
2026-06-01 05:40:00,1780272600,5.667,0,0,GRID_FALLBACK,18.11,0.0,0.12,7.79,0.0,7.56,7.56,24.51,RUNNING,0.0,OFF,0.0,OFF,9.9,34.41,34.41,0.0,35.0,08:00,17:00,3.0,17:00,1,4.5,0,50.0,0.0,0.0,0.0,20.0,26.85,0.0,0.0,10.0687,523.1,1
2026-06-01 05:45:00,1780272900,5.75,0,0,GRID_FALLBACK,18.28,0.0,0.2,8.25,0.0,9.94,9.94,25.23,RUNNING,0.0,OFF,0.0,OFF,9.94,35.17,35.17,0.0,35.0,08:00,17:00,3.0,17:00,1,4.5,0,50.0,0.0,0.0,0.0,20.0,25.23,0.0,0.0,9.4613,532.56,1
2026-06-01 05:50:00,1780273200,5.833,0,0,GRID_FALLBACK,18.49,0.0,0.15,9.36,0.0,17.62,17.62,24.38,RUNNING,0.0,OFF,0.0,OFF,10.28,34.67,34.67,0.0,35.0,08:00,17:00,3.0,17:00,1,4.5,0,50.0,0.0,0.0,0.0,20.0,17.05,0.0,0.0,6.3938,538.95,1
2026-06-01 05:55:00,1780273500,5.917,0,0,GRID_FALLBACK,17.96,0.0,0.2,8.33,0.0,10.37,10.37,24.37,RUNNING,0.0,OFF,0.0,OFF,9.96,34.33,34.33,0.0,35.0,08:00,17:00,3.0,17:00,1,4.5,0,50.0,0.0,0.0,0.0,20.0,23.96,0.0,0.0,8.985,547.94,1
2026-06-01 06:00:00,1780273800,6.0,0,0,GRID_FALLBACK,18.53,0.0,0.13,8.92,0.01,14.23,14.24,24.82,RUNNING,0.0,OFF,0.0,OFF,10.05,34.86,34.86,0.0,35.0,08:00,17:00,3.0,17:00,1,4.5,0,50.0,0.0,0.0,0.0,20.0,20.62,0.0,0.0,7.7325,555.67,1
2026-06-01 06:05:00,1780274100,6.083,0,0,GRID_FALLBACK,18.27,18.1,0.17,8.0,2.28,8.57,10.85,25.06,RUNNING,0.0,OFF,0.0,OFF,10.13,35.19,35.19,0.0,35.0,08:00,17:00,3.0,17:00,1,4.5,0,50.0,0.0,0.0,0.0,20.0,24.34,0.0,0.0,9.1275,564.8,1
2026-06-01 06:10:00,1780274400,6.167,0,0,GRID_FALLBACK,18.79,36.3,0.17,8.63,3.29,12.21,15.51,25.26,RUNNING,0.0,OFF,0.0,OFF,9.9,35.16,35.16,0.0,35.0,08:00,17:00,3.0,17:00,1,4.5,0,50.0,0.0,0.0,0.0,20.0,19.65,0.0,0.0,7.3687,572.17,1
2026-06-01 06:15:00,1780274700,6.25,0,0,GRID_FALLBACK,18.58,53.3,0.18,9.24,5.27,16.67,21.94,24.69,RUNNING,0.0,OFF,0.0,OFF,9.95,34.64,34.64,0.0,35.0,08:00,17:00,3.0,17:00,1,4.5,0,50.0,0.0,0.0,0.0,20.0,12.7,0.0,0.0,4.7625,576.93,1
2026-06-01 06:20:00,1780275000,6.333,0,0,GRID_FALLBACK,18.78,75.9,0.13,8.34,7.7,10.43,18.13,25.7,RUNNING,0.0,OFF,0.0,OFF,10.11,35.81,35.81,0.0,35.0,08:00,17:00,3.0,17:00,1,4.5,0,50.0,0.0,0.0,0.0,20.0,17.68,0.0,0.0,6.63,583.56,1
2026-06-01 06:25:00,1780275300,6.417,0,0,GRID_FALLBACK,19.31,91.3,0.16,8.66,9.38,12.43,21.82,24.2,RUNNING,0.0,OFF,0.0,OFF,9.87,34.07,34.07,0.0,35.0,08:00,17:00,3.0,17:00,1,4.5,0,50.0,0.0,0.0,0.0,20.0,12.25,0.0,0.0,4.5938,588.15,1
2026-06-01 06:30:00,1780275600,6.5,0,0,GRID_FALLBACK,19.07,109.9,0.16,9.27,11.22,16.9,28.12,24.91,RUNNING,0.0,OFF,0.0,OFF,9.83,34.74,34.74,0.0,35.0,08:00,17:00,3.0,17:00,1,4.5,0,50.0,0.0,0.0,0.0,20.0,6.62,0.0,0.0,2.4825,590.64,1
2026-06-01 06:35:00,1780275900,6.583,0,0,GRID_FALLBACK,19.25,123.2,0.19,9.54,12.27,19.17,31.45,24.34,RUNNING,0.0,OFF,0.0,OFF,10.01,34.34,34.34,0.0,35.0,08:00,17:00,3.0,17:00,1,4.5,0,50.0,0.0,0.0,0.0,20.0,2.89,0.0,0.0,1.0838,591.72,1
2026-06-01 06:40:00,1780276200,6.667,0,0,BATTERY_CHARGING,19.52,150.5,0.13,9.62,15.63,19.87,35.49,25.28,RUNNING,0.0,OFF,0.0,OFF,9.83,35.11,35.11,0.0,35.0,08:00,17:00,3.0,17:00,1,4.5,0,50.0,0.38,0.38,0.0,20.02,0.0,0.0,0.0,0.0,591.72,1
2026-06-01 06:45:00,1780276500,6.75,0,0,GRID_FALLBACK,19.31,175.1,0.1,8.74,17.88,12.97,30.86,25.56,RUNNING,0.0,OFF,0.0,OFF,9.74,35.3,35.3,0.0,35.0,08:00,17:00,3.0,17:00,1,4.5,0,50.0,-0.34,0.0,0.34,20.0,4.1,0.0,0.0,1.5364,593.26,1
2026-06-01 06:50:00,1780276800,6.833,0,0,GRID_FALLBACK,19.63,181.2,0.16,8.7,18.7,12.7,31.4,24.99,RUNNING,0.0,OFF,0.0,OFF,9.85,34.84,34.84,0.0,35.0,08:00,17:00,3.0,17:00,1,4.5,0,50.0,0.0,0.0,0.0,20.0,3.44,0.0,0.0,1.29,594.55,1
2026-06-01 06:55:00,1780277100,6.917,0,0,BATTERY_CHARGING,19.97,213.8,0.1,9.63,22.08,19.99,42.07,24.37,RUNNING,0.0,OFF,0.0,OFF,9.96,34.33,34.33,0.0,35.0,08:00,17:00,3.0,17:00,1,4.5,0,50.0,7.74,7.74,0.0,20.31,0.0,0.0,0.0,0.0,594.55,1
2026-06-01 07:00:00,1780277400,7.0,0,0,BATTERY_CHARGING,19.74,208.1,0.2,9.3,20.8,17.12,37.92,24.6,RUNNING,0.0,OFF,0.0,OFF,10.21,34.81,34.81,0.0,35.0,08:00,17:00,3.0,17:00,1,4.5,0,50.0,3.11,3.11,0.0,20.43,0.0,0.0,0.0,0.0,594.55,1
2026-06-01 07:05:00,1780277700,7.083,0,0,BATTERY_CHARGING,20.12,229.4,0.18,9.57,23.88,19.49,43.36,25.15,RUNNING,0.0,OFF,0.0,OFF,10.27,35.42,35.42,0.0,35.0,08:00,17:00,3.0,17:00,1,4.5,0,50.0,7.94,7.94,0.0,20.74,0.0,0.0,0.0,0.0,594.55,1
2026-06-01 07:10:00,1780278000,7.167,0,0,BATTERY_CHARGING,20.62,252.2,0.16,9.69,25.67,20.57,46.24,25.53,RUNNING,0.0,OFF,0.0,OFF,10.03,35.56,35.56,0.0,35.0,08:00,17:00,3.0,17:00,1,4.5,0,50.0,10.68,10.68,0.0,21.17,0.0,0.0,0.0,0.0,594.55,1
2026-06-01 07:15:00,1780278300,7.25,0,0,BATTERY_CHARGING,20.78,265.4,0.17,9.34,26.75,17.47,44.22,24.6,RUNNING,0.0,OFF,0.0,OFF,10.08,34.68,34.68,0.0,35.0,08:00,17:00,3.0,17:00,1,4.5,0,50.0,9.54,9.54,0.0,21.54,0.0,0.0,0.0,0.0,594.55,1
2026-06-01 07:20:00,1780278600,7.333,0,0,BATTERY_CHARGING,20.83,290.0,0.15,9.62,29.26,19.88,49.14,24.32,RUNNING,0.0,OFF,0.0,OFF,9.87,34.2,34.2,0.0,35.0,08:00,17:00,3.0,17:00,1,4.5,0,50.0,14.94,14.94,0.0,22.14,0.0,0.0,0.0,0.0,594.55,1
2026-06-01 07:25:00,1780278900,7.417,0,0,BATTERY_CHARGING,20.6,314.6,0.13,9.51,31.65,18.96,50.61,24.57,RUNNING,0.0,OFF,0.0,OFF,10.12,34.69,34.69,0.0,35.0,08:00,17:00,3.0,17:00,1,4.5,0,50.0,15.92,15.92,0.0,22.77,0.0,0.0,0.0,0.0,594.55,1
2026-06-01 07:30:00,1780279200,7.5,0,0,BATTERY_CHARGING,21.1,342.0,0.11,9.34,34.77,17.44,52.21,24.87,RUNNING,0.0,OFF,0.0,OFF,9.82,34.69,34.69,0.0,35.0,08:00,17:00,3.0,17:00,1,4.5,0,50.0,17.52,17.52,0.0,23.46,0.0,0.0,0.0,0.0,594.55,1
2026-06-01 07:35:00,1780279500,7.583,0,0,BATTERY_CHARGING,21.04,326.0,0.19,9.65,33.32,20.18,53.49,25.57,RUNNING,0.0,OFF,0.0,OFF,10.16,35.73,35.73,0.0,35.0,08:00,17:00,3.0,17:00,1,4.5,0,50.0,17.76,17.76,0.0,24.16,0.0,0.0,0.0,0.0,594.55,1
2026-06-01 07:40:00,1780279800,7.667,0,0,BATTERY_CHARGING,21.17,380.1,0.1,9.31,38.85,17.24,56.08,25.57,RUNNING,0.0,OFF,0.0,OFF,10.27,35.84,35.84,0.0,35.0,08:00,17:00,3.0,17:00,1,4.5,0,50.0,20.24,20.24,0.0,24.96,0.0,0.0,0.0,0.0,594.55,1
2026-06-01 07:45:00,1780280100,7.75,0,0,BATTERY_CHARGING,21.36,365.0,0.17,9.65,37.13,20.19,57.33,24.55,RUNNING,0.0,OFF,0.0,OFF,9.83,34.38,34.38,0.0,35.0,08:00,17:00,3.0,17:00,1,4.5,0,50.0,22.95,22.95,0.0,25.87,0.0,0.0,0.0,0.0,594.55,1
2026-06-01 07:50:00,1780280400,7.833,0,0,BATTERY_CHARGING,21.54,414.2,0.1,9.35,42.18,17.53,59.71,24.85,RUNNING,0.0,OFF,0.0,OFF,9.8,34.65,34.65,0.0,35.0,08:00,17:00,3.0,17:00,1,4.5,0,50.0,25.06,25.06,0.0,26.86,0.0,0.0,0.0,0.0,594.55,1
2026-06-01 07:55:00,1780280700,7.917,0,0,BATTERY_CHARGING,21.74,426.8,0.11,9.83,42.76,21.88,64.64,24.83,RUNNING,0.0,OFF,0.0,OFF,10.04,34.87,34.87,0.0,35.0,08:00,17:00,3.0,17:00,1,4.5,0,50.0,29.77,29.77,0.0,28.04,0.0,0.0,0.0,0.0,594.55,1
2026-06-01 08:00:00,1780281000,8.0,0,0,BATTERY_CHARGING,21.55,417.9,0.16,9.08,42.32,15.43,57.76,24.28,RUNNING,19.83,RUNNING,0.0,OFF,9.83,53.94,34.11,0.0,35.0,08:00,17:00,3.0,17:00,1,4.5,0,50.0,3.82,3.82,0.0,28.19,0.0,0.0,0.0,0.0,594.55,1
2026-06-01 08:05:00,1780281300,8.083,0,0,BATTERY_CHARGING,21.96,427.4,0.18,9.5,43.51,18.82,62.33,25.53,RUNNING,19.65,RUNNING,0.0,OFF,9.75,54.93,35.28,0.0,35.0,08:00,17:00,3.0,17:00,1,4.5,0,50.0,7.4,7.4,0.0,28.49,0.0,0.0,0.0,0.0,594.55,1
2026-06-01 08:10:00,1780281600,8.167,0,0,BATTERY_CHARGING,21.88,454.6,0.15,10.52,45.88,29.14,75.01,25.24,RUNNING,20.39,RUNNING,0.0,OFF,10.09,55.73,35.33,0.0,35.0,08:00,17:00,3.0,17:00,1,4.5,0,50.0,19.28,19.28,0.0,29.25,0.0,0.0,0.0,0.0,594.55,1
2026-06-01 08:15:00,1780281900,8.25,0,0,BATTERY_CHARGING,22.64,447.3,0.19,9.26,44.67,16.83,61.5,24.44,RUNNING,19.48,RUNNING,0.0,OFF,10.1,54.02,34.55,0.0,35.0,08:00,17:00,3.0,17:00,1,4.5,0,50.0,7.48,7.48,0.0,29.55,0.0,0.0,0.0,0.0,594.55,1
2026-06-01 08:20:00,1780282200,8.333,0,0,BATTERY_CHARGING,22.66,503.7,0.12,10.08,51.11,24.39,75.5,24.47,RUNNING,20.15,RUNNING,0.0,OFF,10.15,54.77,34.62,0.0,35.0,08:00,17:00,3.0,17:00,1,4.5,0,50.0,20.73,20.73,0.0,30.37,0.0,0.0,0.0,0.0,594.55,1
2026-06-01 08:25:00,1780282500,8.417,0,0,BATTERY_CHARGING,22.47,483.7,0.18,10.53,48.47,29.31,77.78,24.24,RUNNING,19.74,RUNNING,0.0,OFF,10.11,54.08,34.35,0.0,35.0,08:00,17:00,3.0,17:00,1,4.5,0,50.0,23.7,23.7,0.0,31.3,0.0,0.0,0.0,0.0,594.55,1
2026-06-01 08:30:00,1780282800,8.5,0,0,BATTERY_CHARGING,23.32,523.7,0.14,10.15,52.3,25.11,77.41,25.3,RUNNING,20.18,RUNNING,0.0,OFF,9.76,55.24,35.07,0.0,35.0,08:00,17:00,3.0,17:00,1,4.5,0,50.0,22.17,22.17,0.0,32.18,0.0,0.0,0.0,0.0,594.55,1
2026-06-01 08:35:00,1780283100,8.583,0,0,BATTERY_CHARGING,23.35,510.1,0.19,9.99,50.97,23.43,74.4,25.77,RUNNING,20.4,RUNNING,0.0,OFF,9.91,56.08,35.68,0.0,35.0,08:00,17:00,3.0,17:00,1,4.5,0,50.0,18.32,18.32,0.0,32.91,0.0,0.0,0.0,0.0,594.55,1
2026-06-01 08:40:00,1780283400,8.667,0,0,BATTERY_CHARGING,23.25,554.7,0.14,9.86,55.7,22.13,77.83,25.56,RUNNING,20.45,RUNNING,0.0,OFF,9.76,55.77,35.32,0.0,35.0,08:00,17:00,3.0,17:00,1,4.5,0,50.0,22.06,22.06,0.0,33.78,0.0,0.0,0.0,0.0,594.55,1
2026-06-01 08:45:00,1780283700,8.75,0,0,BATTERY_CHARGING,23.85,551.5,0.16,10.39,55.61,27.72,83.33,24.9,RUNNING,20.33,RUNNING,0.0,OFF,10.28,55.5,35.18,0.0,35.0,08:00,17:00,3.0,17:00,1,4.5,0,50.0,27.83,27.83,0.0,34.88,0.0,0.0,0.0,0.0,594.55,1
2026-06-01 08:50:00,1780284000,8.833,0,0,BATTERY_CHARGING,23.47,553.4,0.18,9.95,55.67,22.98,78.64,24.9,RUNNING,20.32,RUNNING,0.0,OFF,9.86,55.08,34.76,0.0,35.0,08:00,17:00,3.0,17:00,1,4.5,0,50.0,23.56,23.56,0.0,35.81,0.0,0.0,0.0,0.0,594.55,1
2026-06-01 08:55:00,1780284300,8.917,0,0,BATTERY_CHARGING,24.11,564.9,0.18,9.24,57.08,16.65,73.73,24.59,RUNNING,19.95,RUNNING,0.0,OFF,10.07,54.61,34.66,0.0,35.0,08:00,17:00,3.0,17:00,1,4.5,0,50.0,19.12,19.12,0.0,36.57,0.0,0.0,0.0,0.0,594.55,1
2026-06-01 09:00:00,1780284600,9.0,0,0,BATTERY_CHARGING,23.9,634.4,0.1,10.48,63.4,28.66,92.06,24.54,RUNNING,20.42,RUNNING,34.68,RUNNING,10.23,89.87,34.77,34.68,35.0,08:00,17:00,3.0,17:00,1,4.5,0,50.0,2.19,2.19,0.0,36.66,0.0,0.0,0.0,0.0,594.55,1
2026-06-01 09:05:00,1780284900,9.083,0,0,NORMAL_OPERATION,24.34,630.2,0.13,9.14,63.63,15.91,79.54,24.34,RUNNING,20.31,RUNNING,34.98,RUNNING,10.15,89.78,34.49,34.98,35.0,08:00,17:00,3.0,17:00,1,4.5,0,50.0,-10.24,0.0,10.24,36.21,0.0,0.0,0.0,0.0,594.55,1
2026-06-01 09:10:00,1780285200,9.167,0,0,NORMAL_OPERATION,24.5,615.9,0.16,9.93,62.01,22.79,84.8,24.35,RUNNING,19.61,RUNNING,35.38,RUNNING,9.88,89.23,34.23,35.38,35.0,08:00,17:00,3.0,17:00,1,4.5,0,50.0,-4.43,0.0,4.43,36.01,0.0,0.0,0.0,0.0,594.55,1
2026-06-01 09:15:00,1780285500,9.25,0,0,NORMAL_OPERATION,24.59,641.1,0.15,10.0,64.14,23.54,87.68,25.39,RUNNING,19.76,RUNNING,35.41,RUNNING,9.86,90.42,35.26,35.41,35.0,08:00,17:00,3.0,17:00,1,4.5,0,50.0,-2.74,0.0,2.74,35.89,0.0,0.0,0.0,0.0,594.55,1
2026-06-01 09:20:00,1780285800,9.333,0,0,NORMAL_OPERATION,24.5,680.2,0.11,9.47,67.78,18.58,86.35,25.06,RUNNING,20.37,RUNNING,34.37,RUNNING,9.83,89.62,34.89,34.37,35.0,08:00,17:00,3.0,17:00,1,4.5,0,50.0,-3.27,0.0,3.27,35.75,0.0,0.0,0.0,0.0,594.55,1
2026-06-01 09:25:00,1780286100,9.417,0,0,BATTERY_CHARGING,24.86,645.4,0.17,10.73,64.6,31.72,96.32,24.65,RUNNING,19.44,RUNNING,34.39,RUNNING,9.84,88.32,34.49,34.39,35.0,08:00,17:00,3.0,17:00,1,4.5,0,50.0,8.0,8.0,0.0,36.07,0.0,0.0,0.0,0.0,594.55,1
2026-06-01 09:30:00,1780286400,9.5,0,0,BATTERY_CHARGING,24.79,712.9,0.1,10.03,71.12,23.86,94.99,25.76,RUNNING,20.07,RUNNING,35.39,RUNNING,9.78,91.0,35.53,35.39,35.0,08:00,17:00,3.0,17:00,1,4.5,0,50.0,3.99,3.99,0.0,36.23,0.0,0.0,0.0,0.0,594.55,1
2026-06-01 09:35:00,1780286700,9.583,0,0,BATTERY_CHARGING,25.51,686.2,0.15,10.58,68.55,29.89,98.44,24.95,RUNNING,19.92,RUNNING,34.37,RUNNING,9.73,88.97,34.68,34.37,35.0,08:00,17:00,3.0,17:00,1,4.5,0,50.0,9.47,9.47,0.0,36.6,0.0,0.0,0.0,0.0,594.55,1
2026-06-01 09:40:00,1780287000,9.667,0,0,BATTERY_CHARGING,25.74,698.1,0.15,10.51,69.5,29.0,98.51,24.32,RUNNING,20.18,RUNNING,34.11,RUNNING,9.79,88.4,34.11,34.11,35.0,08:00,17:00,3.0,17:00,1,4.5,0,50.0,10.11,10.11,0.0,37.0,0.0,0.0,0.0,0.0,594.55,1
2026-06-01 09:45:00,1780287300,9.75,0,0,BATTERY_CHARGING,25.61,723.1,0.13,10.78,71.75,32.36,104.11,25.42,RUNNING,20.15,RUNNING,35.58,RUNNING,9.84,90.99,35.26,35.58,35.0,08:00,17:00,3.0,17:00,1,4.5,0,50.0,13.12,13.12,0.0,37.52,0.0,0.0,0.0,0.0,594.55,1
2026-06-01 09:50:00,1780287600,9.833,0,0,BATTERY_CHARGING,25.75,721.1,0.15,9.91,72.25,22.59,94.84,25.78,RUNNING,19.73,RUNNING,35.24,RUNNING,10.07,90.82,35.85,35.24,35.0,08:00,17:00,3.0,17:00,1,4.5,0,50.0,4.02,4.02,0.0,37.68,0.0,0.0,0.0,0.0,594.55,1
2026-06-01 09:55:00,1780287900,9.917,0,0,NORMAL_OPERATION,26.09,688.4,0.19,9.53,68.25,19.11,87.37,25.26,RUNNING,19.52,RUNNING,34.35,RUNNING,9.75,88.87,35.0,34.35,35.0,08:00,17:00,3.0,17:00,1,4.5,0,50.0,-1.5,0.0,1.5,37.61,0.0,0.0,0.0,0.0,594.55,1
2026-06-01 10:00:00,1780288200,10.0,0,0,BATTERY_CHARGING,25.67,740.4,0.15,10.15,73.63,25.07,98.7,24.57,RUNNING,20.29,RUNNING,35.41,RUNNING,9.97,90.24,34.54,35.41,35.0,08:00,17:00,3.0,17:00,1,4.5,0,50.0,8.46,8.46,0.0,37.95,0.0,0.0,0.0,0.0,594.55,1
2026-06-01 10:05:00,1780288500,10.083,0,0,BATTERY_CHARGING,26.39,708.1,0.19,10.46,70.54,28.47,99.01,25.26,RUNNING,20.61,RUNNING,34.85,RUNNING,10.03,90.74,35.28,34.85,35.0,08:00,17:00,3.0,17:00,1,4.5,0,50.0,8.27,8.27,0.0,38.28,0.0,0.0,0.0,0.0,594.55,1
2026-06-01 10:10:00,1780288800,10.167,0,0,BATTERY_CHARGING,26.52,717.7,0.19,10.52,70.91,29.17,100.08,24.47,RUNNING,19.73,RUNNING,35.5,RUNNING,10.04,89.74,34.51,35.5,35.0,08:00,17:00,3.0,17:00,1,4.5,0,50.0,10.34,10.34,0.0,38.68,0.0,0.0,0.0,0.0,594.55,1
2026-06-01 10:15:00,1780289100,10.25,0,0,BATTERY_CHARGING,26.4,796.0,0.11,10.3,79.36,26.64,106.0,25.71,RUNNING,20.0,RUNNING,34.99,RUNNING,9.75,90.44,35.46,34.99,35.0,08:00,17:00,3.0,17:00,1,4.5,0,50.0,15.56,15.56,0.0,39.3,0.0,0.0,0.0,0.0,594.55,1
2026-06-01 10:20:00,1780289400,10.333,0,0,BATTERY_CHARGING,26.37,776.5,0.14,9.71,76.98,20.69,97.66,24.35,RUNNING,20.65,RUNNING,35.67,RUNNING,10.05,90.71,34.39,35.67,35.0,08:00,17:00,3.0,17:00,1,4.5,0,50.0,6.95,6.95,0.0,39.58,0.0,0.0,0.0,0.0,594.55,1
2026-06-01 10:25:00,1780289700,10.417,0,0,BATTERY_CHARGING,27.26,732.3,0.2,10.26,72.34,26.25,98.59,24.26,RUNNING,20.36,RUNNING,34.94,RUNNING,10.09,89.66,34.36,34.94,35.0,08:00,17:00,3.0,17:00,1,4.5,0,50.0,8.93,8.93,0.0,39.93,0.0,0.0,0.0,0.0,594.55,1
2026-06-01 10:30:00,1780290000,10.5,0,0,BATTERY_CHARGING,27.39,814.7,0.12,10.12,80.83,24.71,105.53,24.99,RUNNING,19.43,RUNNING,34.7,RUNNING,9.9,89.01,34.89,34.7,35.0,08:00,17:00,3.0,17:00,1,4.5,0,50.0,16.52,16.52,0.0,40.58,0.0,0.0,0.0,0.0,594.55,1
2026-06-01 10:35:00,1780290300,10.583,0,0,BATTERY_CHARGING,27.36,758.9,0.19,9.7,75.36,20.62,95.98,24.66,RUNNING,20.62,RUNNING,35.63,RUNNING,10.03,90.94,34.69,35.63,35.0,08:00,17:00,3.0,17:00,1,4.5,0,50.0,5.04,5.04,0.0,40.78,0.0,0.0,0.0,0.0,594.55,1
2026-06-01 10:40:00,1780290600,10.667,0,0,BATTERY_CHARGING,27.34,816.2,0.13,9.68,81.32,20.44,101.76,24.85,RUNNING,20.02,RUNNING,35.98,RUNNING,10.09,90.94,34.94,35.98,35.0,08:00,17:00,3.0,17:00,1,4.5,0,50.0,10.82,10.82,0.0,41.21,0.0,0.0,0.0,0.0,594.55,1
2026-06-01 10:45:00,1780290900,10.75,0,0,BATTERY_CHARGING,27.57,813.1,0.14,9.45,80.34,18.42,98.76,25.41,RUNNING,20.18,RUNNING,35.52,RUNNING,9.82,90.93,35.23,35.52,35.0,08:00,17:00,3.0,17:00,1,4.5,0,50.0,7.83,7.83,0.0,41.52,0.0,0.0,0.0,0.0,594.55,1
2026-06-01 10:50:00,1780291200,10.833,0,0,BATTERY_CHARGING,27.73,769.9,0.19,9.84,76.34,21.97,98.31,24.39,RUNNING,20.66,RUNNING,35.22,RUNNING,9.84,90.12,34.24,35.22,35.0,08:00,17:00,3.0,17:00,1,4.5,0,50.0,8.19,8.19,0.0,41.85,0.0,0.0,0.0,0.0,594.55,1
2026-06-01 10:55:00,1780291500,10.917,0,0,BATTERY_CHARGING,27.57,811.2,0.16,10.01,79.87,23.65,103.52,25.79,RUNNING,20.58,RUNNING,34.92,RUNNING,9.77,91.06,35.56,34.92,35.0,08:00,17:00,3.0,17:00,1,4.5,0,50.0,12.46,12.46,0.0,42.34,0.0,0.0,0.0,0.0,594.55,1
2026-06-01 11:00:00,1780291800,11.0,0,0,BATTERY_CHARGING,28.27,821.2,0.15,10.26,81.06,26.26,107.32,24.64,RUNNING,20.47,RUNNING,35.96,RUNNING,9.85,90.91,34.48,35.96,35.0,08:00,17:00,3.0,17:00,1,4.5,0,50.0,16.41,16.41,0.0,42.99,0.0,0.0,0.0,0.0,594.55,1
2026-06-01 11:05:00,1780292100,11.083,0,0,BATTERY_CHARGING,28.19,836.9,0.14,10.58,82.63,29.81,112.45,25.61,RUNNING,20.51,RUNNING,34.55,RUNNING,10.17,90.84,35.78,34.55,35.0,08:00,17:00,3.0,17:00,1,4.5,0,50.0,21.61,21.61,0.0,43.84,0.0,0.0,0.0,0.0,594.55,1
2026-06-01 11:10:00,1780292400,11.167,0,0,BATTERY_CHARGING,28.23,787.5,0.19,9.9,78.05,22.5,100.55,24.65,RUNNING,19.72,RUNNING,35.17,RUNNING,10.3,89.84,34.95,35.17,35.0,08:00,17:00,3.0,17:00,1,4.5,0,50.0,10.71,10.71,0.0,44.27,0.0,0.0,0.0,0.0,594.55,1
2026-06-01 11:15:00,1780292700,11.25,0,0,BATTERY_CHARGING,28.44,868.1,0.11,9.93,85.47,22.82,108.28,25.08,RUNNING,20.06,RUNNING,34.91,RUNNING,9.89,89.95,34.98,34.91,35.0,08:00,17:00,3.0,17:00,1,4.5,0,50.0,18.33,18.33,0.0,44.99,0.0,0.0,0.0,0.0,594.55,1
2026-06-01 11:20:00,1780293000,11.333,0,0,BATTERY_CHARGING,28.34,817.6,0.17,9.96,80.41,23.17,103.57,25.44,RUNNING,19.36,RUNNING,35.49,RUNNING,10.12,90.41,35.56,35.49,35.0,08:00,17:00,3.0,17:00,1,4.5,0,50.0,13.16,13.16,0.0,45.51,0.0,0.0,0.0,0.0,594.55,1
2026-06-01 11:25:00,1780293300,11.417,0,0,BATTERY_CHARGING,28.98,851.4,0.14,10.09,84.1,24.46,108.57,25.77,RUNNING,19.99,RUNNING,34.07,RUNNING,10.0,89.84,35.77,34.07,35.0,08:00,17:00,3.0,17:00,1,4.5,0,50.0,18.73,18.73,0.0,46.25,0.0,0.0,0.0,0.0,594.55,1
2026-06-01 11:30:00,1780293600,11.5,0,0,BATTERY_CHARGING,28.94,806.1,0.19,10.41,79.28,27.89,107.16,25.04,RUNNING,19.94,RUNNING,35.44,RUNNING,9.95,90.37,34.99,35.44,35.0,08:00,17:00,3.0,17:00,1,4.5,0,50.0,16.79,16.79,0.0,46.92,0.0,0.0,0.0,0.0,594.55,1
2026-06-01 11:35:00,1780293900,11.583,0,0,BATTERY_CHARGING,29.13,879.3,0.12,9.74,86.95,21.0,107.94,24.74,RUNNING,20.27,RUNNING,35.3,RUNNING,10.21,90.52,34.95,35.3,35.0,08:00,17:00,3.0,17:00,1,4.5,0,50.0,17.42,17.42,0.0,47.61,0.0,0.0,0.0,0.0,594.55,1
2026-06-01 11:40:00,1780294200,11.667,0,0,BATTERY_CHARGING,29.42,811.0,0.19,9.57,79.48,19.48,98.96,25.35,RUNNING,20.36,RUNNING,35.74,RUNNING,9.72,91.18,35.07,35.74,35.0,08:00,17:00,3.0,17:00,1,4.5,0,50.0,7.78,7.78,0.0,47.92,0.0,0.0,0.0,0.0,594.55,1
2026-06-01 11:45:00,1780294500,11.75,0,0,BATTERY_CHARGING,28.93,835.1,0.16,10.42,82.69,27.97,110.66,25.39,RUNNING,19.91,RUNNING,34.2,RUNNING,10.08,89.58,35.48,34.2,35.0,08:00,17:00,3.0,17:00,1,4.5,0,50.0,21.08,21.08,0.0,48.75,0.0,0.0,0.0,0.0,594.55,1
2026-06-01 11:50:00,1780294800,11.833,0,0,BATTERY_CHARGING,29.7,854.8,0.14,10.03,84.28,23.81,108.09,24.27,RUNNING,20.41,RUNNING,34.59,RUNNING,9.92,89.2,34.2,34.59,35.0,08:00,17:00,3.0,17:00,1,4.5,0,50.0,18.89,18.89,0.0,49.5,0.0,0.0,0.0,0.0,594.55,1
2026-06-01 11:55:00,1780295100,11.917,0,0,BATTERY_CHARGING,29.25,846.7,0.15,9.8,83.52,21.54,105.06,24.47,RUNNING,19.41,RUNNING,35.74,RUNNING,10.07,89.7,34.54,35.74,35.0,08:00,17:00,3.0,17:00,1,4.5,0,50.0,15.36,15.36,0.0,50.11,0.0,0.0,0.0,0.0,594.55,1
2026-06-01 12:00:00,1780295400,12.0,0,0,GRID_EXPORT,29.45,808.7,0.19,9.09,79.39,15.52,94.92,24.61,RUNNING,3.0,STANDBY,0.0,OFF,9.85,37.46,34.46,0.0,35.0,08:00,17:00,3.0,17:00,1,4.5,0,50.0,50.0,50.0,0.0,52.09,0.0,7.46,0.0,-1.3988,593.15,1
2026-06-01 12:05:00,1780295700,12.083,0,0,GRID_EXPORT,29.39,819.3,0.18,10.28,80.67,26.45,107.13,24.45,RUNNING,3.0,STANDBY,0.0,OFF,9.97,37.42,34.42,0.0,35.0,08:00,17:00,3.0,17:00,1,4.5,0,50.0,50.0,50.0,0.0,54.07,0.0,19.71,0.0,-3.6956,589.45,1
2026-06-01 12:10:00,1780296000,12.167,0,0,GRID_EXPORT,29.77,840.4,0.16,9.83,82.36,21.86,104.22,24.6,RUNNING,3.0,STANDBY,0.0,OFF,10.21,37.81,34.81,0.0,35.0,08:00,17:00,3.0,17:00,1,4.5,0,50.0,50.0,50.0,0.0,56.04,0.0,16.41,0.0,-3.0769,586.38,1
2026-06-01 12:15:00,1780296300,12.25,0,0,GRID_EXPORT,29.77,859.7,0.14,9.55,84.06,19.29,103.35,25.12,RUNNING,3.0,STANDBY,0.0,OFF,10.04,38.16,35.16,0.0,35.0,08:00,17:00,3.0,17:00,1,4.5,0,50.0,50.0,50.0,0.0,58.02,0.0,15.19,0.0,-2.8481,583.53,1
2026-06-01 12:20:00,1780296600,12.333,0,0,GRID_EXPORT,30.52,867.2,0.13,10.31,84.96,26.82,111.78,24.64,RUNNING,3.0,STANDBY,0.0,OFF,10.04,37.68,34.68,0.0,35.0,08:00,17:00,3.0,17:00,1,4.5,0,50.0,50.0,50.0,0.0,60.0,0.0,24.1,0.0,-4.5187,579.01,1
2026-06-01 12:25:00,1780296900,12.417,0,0,GRID_EXPORT,30.39,820.6,0.17,8.79,80.4,13.34,93.75,24.99,RUNNING,3.0,STANDBY,0.0,OFF,10.24,38.24,35.24,0.0,35.0,08:00,17:00,3.0,17:00,1,4.5,0,50.0,50.0,50.0,0.0,61.98,0.0,5.51,0.0,-1.0331,577.98,1
2026-06-01 12:30:00,1780297200,12.5,0,0,GRID_EXPORT,30.18,813.1,0.18,9.65,79.48,20.21,99.69,25.22,RUNNING,3.0,STANDBY,0.0,OFF,10.07,38.29,35.29,0.0,35.0,08:00,17:00,3.0,17:00,1,4.5,0,50.0,50.0,50.0,0.0,63.96,0.0,11.4,0.0,-2.1375,575.84,1
2026-06-01 12:35:00,1780297500,12.583,0,0,GRID_EXPORT,30.59,818.3,0.17,9.7,80.33,20.67,101.0,25.21,RUNNING,3.0,STANDBY,0.0,OFF,10.24,38.45,35.45,0.0,35.0,08:00,17:00,3.0,17:00,1,4.5,0,50.0,50.0,50.0,0.0,65.94,0.0,12.55,0.0,-2.3531,573.48,1
2026-06-01 12:40:00,1780297800,12.667,0,0,GRID_EXPORT,30.67,855.9,0.13,9.32,83.73,17.32,101.05,25.37,RUNNING,3.0,STANDBY,0.0,OFF,9.75,38.13,35.13,0.0,35.0,08:00,17:00,3.0,17:00,1,4.5,0,50.0,50.0,50.0,0.0,67.92,0.0,12.92,0.0,-2.4225,571.06,1
2026-06-01 12:45:00,1780298100,12.75,0,0,GRID_EXPORT,30.49,809.4,0.17,8.86,78.79,13.81,92.6,25.06,RUNNING,3.0,STANDBY,0.0,OFF,10.28,38.35,35.35,0.0,35.0,08:00,17:00,3.0,17:00,1,4.5,0,50.0,50.0,50.0,0.0,69.9,0.0,4.25,0.0,-0.7969,570.27,1
2026-06-01 12:50:00,1780298400,12.833,0,0,GRID_EXPORT,30.77,789.5,0.19,9.87,76.88,22.26,99.14,25.52,RUNNING,3.0,STANDBY,0.0,OFF,9.99,38.51,35.51,0.0,35.0,08:00,17:00,3.0,17:00,1,4.5,0,50.0,50.0,50.0,0.0,71.88,0.0,10.63,0.0,-1.9931,568.27,1
2026-06-01 12:55:00,1780298700,12.917,0,0,GRID_EXPORT,31.08,801.7,0.17,9.05,77.83,15.17,93.01,25.74,RUNNING,3.0,STANDBY,0.0,OFF,9.78,38.53,35.53,0.0,35.0,08:00,17:00,3.0,17:00,1,4.5,0,50.0,50.0,50.0,0.0,73.86,0.0,4.48,0.0,-0.84,567.43,1
2026-06-01 13:00:00,1780299000,13.0,0,0,BATTERY_CHARGING,31.3,786.3,0.19,9.63,77.12,19.96,97.08,25.75,RUNNING,20.43,RUNNING,0.0,OFF,9.92,56.09,35.67,0.0,35.0,08:00,17:00,3.0,17:00,1,4.5,0,50.0,40.99,40.99,0.0,75.48,0.0,0.0,0.0,0.0,567.43,1
2026-06-01 13:05:00,1780299300,13.083,0,0,BATTERY_CHARGING,31.25,862.7,0.1,9.29,84.07,17.05,101.12,25.28,RUNNING,20.24,RUNNING,0.0,OFF,10.05,55.57,35.33,0.0,35.0,08:00,17:00,3.0,17:00,1,4.5,0,50.0,45.55,45.55,0.0,77.28,0.0,0.0,0.0,0.0,567.43,1
2026-06-01 13:10:00,1780299600,13.167,0,0,BATTERY_CHARGING,31.35,768.7,0.19,8.56,74.65,11.8,86.45,24.24,RUNNING,20.54,RUNNING,0.0,OFF,10.04,54.81,34.28,0.0,35.0,08:00,17:00,3.0,17:00,1,4.5,0,50.0,31.64,31.64,0.0,78.54,0.0,0.0,0.0,0.0,567.43,1
2026-06-01 13:15:00,1780299900,13.25,0,0,BATTERY_CHARGING,31.51,831.3,0.12,8.45,81.29,11.1,92.39,25.66,RUNNING,19.72,RUNNING,0.0,OFF,9.94,55.32,35.6,0.0,35.0,08:00,17:00,3.0,17:00,1,4.5,0,50.0,37.07,37.07,0.0,80.0,0.0,0.0,0.0,0.0,567.43,1
2026-06-01 13:20:00,1780300200,13.333,0,0,BATTERY_CHARGING,30.96,756.8,0.19,8.79,73.87,13.34,87.21,24.36,RUNNING,20.54,RUNNING,0.0,OFF,9.78,54.68,34.14,0.0,35.0,08:00,17:00,3.0,17:00,1,4.5,0,50.0,32.53,32.53,0.0,81.29,0.0,0.0,0.0,0.0,567.43,1
2026-06-01 13:25:00,1780300500,13.417,0,0,BATTERY_CHARGING,31.29,776.3,0.17,9.45,76.13,18.44,94.56,24.87,RUNNING,20.34,RUNNING,0.0,OFF,9.79,55.0,34.66,0.0,35.0,08:00,17:00,3.0,17:00,1,4.5,0,50.0,39.56,39.56,0.0,82.86,0.0,0.0,0.0,0.0,567.43,1
2026-06-01 13:30:00,1780300800,13.5,0,0,BATTERY_CHARGING,31.32,822.3,0.11,9.0,80.06,14.85,94.91,25.72,RUNNING,19.35,RUNNING,0.0,OFF,9.92,54.99,35.64,0.0,35.0,08:00,17:00,3.0,17:00,1,4.5,0,50.0,39.92,39.92,0.0,84.44,0.0,0.0,0.0,0.0,567.43,1
2026-06-01 13:35:00,1780301100,13.583,0,0,BATTERY_CHARGING,31.41,736.8,0.2,9.55,71.39,19.25,90.63,25.3,RUNNING,20.06,RUNNING,0.0,OFF,10.29,55.65,35.58,0.0,35.0,08:00,17:00,3.0,17:00,1,4.5,0,50.0,34.98,34.98,0.0,85.82,0.0,0.0,0.0,0.0,567.43,1
2026-06-01 13:40:00,1780301400,13.667,0,0,BATTERY_CHARGING,31.4,779.6,0.14,8.44,75.58,11.03,86.61,25.56,RUNNING,19.94,RUNNING,0.0,OFF,10.1,55.59,35.65,0.0,35.0,08:00,17:00,3.0,17:00,1,4.5,0,50.0,31.02,31.02,0.0,87.05,0.0,0.0,0.0,0.0,567.43,1
2026-06-01 13:45:00,1780301700,13.75,0,0,BATTERY_CHARGING,31.69,753.6,0.16,8.12,73.63,9.22,82.86,24.59,RUNNING,19.48,RUNNING,0.0,OFF,10.04,54.1,34.63,0.0,35.0,08:00,17:00,3.0,17:00,1,4.5,0,50.0,28.76,28.76,0.0,88.19,0.0,0.0,0.0,0.0,567.43,1
2026-06-01 13:50:00,1780302000,13.833,0,0,BATTERY_CHARGING,31.28,730.4,0.18,8.37,70.92,10.65,81.57,25.59,RUNNING,19.76,RUNNING,0.0,OFF,9.79,55.14,35.38,0.0,35.0,08:00,17:00,3.0,17:00,1,4.5,0,50.0,26.43,26.43,0.0,89.23,0.0,0.0,0.0,0.0,567.43,1
2026-06-01 13:55:00,1780302300,13.917,0,0,BATTERY_CHARGING,32.0,788.8,0.1,9.37,76.32,17.73,94.05,24.41,RUNNING,19.65,RUNNING,0.0,OFF,9.8,53.86,34.21,0.0,35.0,08:00,17:00,3.0,17:00,1,4.5,0,50.0,40.19,40.19,0.0,90.82,0.0,0.0,0.0,0.0,567.43,1
2026-06-01 14:00:00,1780302600,14.0,0,0,BATTERY_CHARGING,31.86,777.2,0.1,7.97,75.88,8.44,84.32,24.58,RUNNING,19.75,RUNNING,0.0,OFF,9.8,54.14,34.39,0.0,35.0,08:00,17:00,3.0,17:00,1,7.5,1,50.0,30.18,30.18,0.0,92.02,0.0,0.0,0.0,0.0,567.43,1
2026-06-01 14:05:00,1780302900,14.083,0,0,BATTERY_CHARGING,31.41,706.0,0.17,8.74,69.04,13.0,82.04,24.96,RUNNING,20.39,RUNNING,0.0,OFF,10.01,55.36,34.97,0.0,35.0,08:00,17:00,3.0,17:00,1,7.5,1,50.0,26.68,26.68,0.0,93.07,0.0,0.0,0.0,0.0,567.43,1
2026-06-01 14:10:00,1780303200,14.167,0,0,BATTERY_CHARGING,31.5,716.6,0.15,9.37,69.34,17.7,87.04,25.45,RUNNING,20.51,RUNNING,0.0,OFF,10.01,55.98,35.47,0.0,35.0,08:00,17:00,3.0,17:00,1,7.5,1,50.0,31.06,31.06,0.0,94.3,0.0,0.0,0.0,0.0,567.43,1
2026-06-01 14:15:00,1780303500,14.25,0,0,GRID_EXPORT,31.81,668.2,0.2,7.9,64.97,8.08,73.06,24.84,RUNNING,20.26,RUNNING,0.0,OFF,9.99,55.1,34.84,0.0,35.0,08:00,17:00,3.0,17:00,1,7.5,1,50.0,17.57,17.57,0.0,95.0,0.0,0.39,0.0,-0.1209,567.31,1
2026-06-01 14:20:00,1780303800,14.333,0,0,GRID_EXPORT,32.21,731.2,0.11,7.89,71.12,8.0,79.12,24.31,RUNNING,19.69,RUNNING,0.0,OFF,10.08,54.07,34.38,0.0,35.0,08:00,17:00,3.0,17:00,1,7.5,1,50.0,0.0,0.0,0.0,95.0,0.0,25.05,0.0,-7.8281,559.48,1
2026-06-01 14:25:00,1780304100,14.417,0,0,GRID_EXPORT,31.95,699.6,0.13,9.3,68.04,17.14,85.18,24.93,RUNNING,20.15,RUNNING,0.0,OFF,9.76,54.83,34.69,0.0,35.0,08:00,17:00,3.0,17:00,1,7.5,1,50.0,0.0,0.0,0.0,95.0,0.0,30.35,0.0,-9.4844,550.0,1
2026-06-01 14:30:00,1780304400,14.5,0,0,GRID_EXPORT,32.09,646.4,0.19,8.7,63.07,12.69,75.76,25.35,RUNNING,19.6,RUNNING,0.0,OFF,9.97,54.93,35.32,0.0,35.0,08:00,17:00,3.0,17:00,1,7.5,1,50.0,0.0,0.0,0.0,95.0,0.0,20.83,0.0,-6.5094,543.49,1
2026-06-01 14:35:00,1780304700,14.583,0,0,GRID_EXPORT,31.74,675.5,0.13,8.33,65.64,10.4,76.04,24.35,RUNNING,19.9,RUNNING,0.0,OFF,10.1,54.35,34.45,0.0,35.0,08:00,17:00,3.0,17:00,1,7.5,1,50.0,0.0,0.0,0.0,95.0,0.0,21.69,0.0,-6.7781,536.71,1
2026-06-01 14:40:00,1780305000,14.667,0,0,GRID_EXPORT,31.87,677.7,0.12,9.03,65.48,15.05,80.53,25.53,RUNNING,19.43,RUNNING,0.0,OFF,9.76,54.72,35.29,0.0,35.0,08:00,17:00,3.0,17:00,1,7.5,1,50.0,0.0,0.0,0.0,95.0,0.0,25.81,0.0,-8.0656,528.65,1
2026-06-01 14:45:00,1780305300,14.75,0,0,GRID_EXPORT,32.17,615.6,0.18,8.39,59.88,10.76,70.65,25.1,RUNNING,19.76,RUNNING,0.0,OFF,9.77,54.63,34.87,0.0,35.0,08:00,17:00,3.0,17:00,1,7.5,1,50.0,0.0,0.0,0.0,95.0,0.0,16.02,0.0,-5.0063,523.64,1
2026-06-01 14:50:00,1780305600,14.833,0,0,GRID_EXPORT,31.88,614.5,0.17,8.65,60.13,12.39,72.51,25.35,RUNNING,20.66,RUNNING,0.0,OFF,10.06,56.07,35.41,0.0,35.0,08:00,17:00,3.0,17:00,1,7.5,1,50.0,0.0,0.0,0.0,95.0,0.0,16.44,0.0,-5.1375,518.5,1
2026-06-01 14:55:00,1780305900,14.917,0,0,GRID_EXPORT,31.88,608.4,0.16,7.74,59.32,7.3,66.62,24.56,RUNNING,19.45,RUNNING,0.0,OFF,10.21,54.22,34.77,0.0,35.0,08:00,17:00,3.0,17:00,1,7.5,1,50.0,0.0,0.0,0.0,95.0,0.0,12.4,0.0,-3.875,514.63,1
2026-06-01 15:00:00,1780306200,15.0,0,0,GRID_EXPORT,31.89,582.5,0.18,8.27,56.95,10.01,66.96,25.55,RUNNING,20.66,RUNNING,0.0,OFF,10.19,56.41,35.74,0.0,35.0,08:00,17:00,3.0,17:00,1,7.5,1,50.0,0.0,0.0,0.0,95.0,0.0,10.55,0.0,-3.2969,511.33,1
2026-06-01 15:05:00,1780306500,15.083,0,0,GRID_EXPORT,32.09,577.9,0.16,7.34,56.58,5.59,62.17,25.53,RUNNING,19.67,RUNNING,0.0,OFF,9.81,55.01,35.34,0.0,35.0,08:00,17:00,3.0,17:00,1,7.5,1,50.0,0.0,0.0,0.0,95.0,0.0,7.16,0.0,-2.2375,509.09,1
2026-06-01 15:10:00,1780306800,15.167,0,0,GRID_EXPORT,32.15,587.2,0.13,7.78,56.54,7.51,64.05,25.59,RUNNING,20.09,RUNNING,0.0,OFF,9.94,55.63,35.53,0.0,35.0,08:00,17:00,3.0,17:00,1,7.5,1,50.0,0.0,0.0,0.0,95.0,0.0,8.42,0.0,-2.6312,506.46,1
2026-06-01 15:15:00,1780307100,15.25,0,0,GRID_EXPORT,31.7,551.7,0.16,7.24,53.93,5.22,59.15,24.54,RUNNING,19.89,RUNNING,0.0,OFF,9.9,54.34,34.45,0.0,35.0,08:00,17:00,3.0,17:00,1,7.5,1,50.0,0.0,0.0,0.0,95.0,0.0,4.81,0.0,-1.5031,504.96,1
2026-06-01 15:20:00,1780307400,15.333,0,0,GRID_EXPORT,31.87,532.1,0.17,8.38,51.82,10.66,62.48,24.34,RUNNING,19.37,RUNNING,0.0,OFF,9.79,53.5,34.13,0.0,35.0,08:00,17:00,3.0,17:00,1,7.5,1,50.0,0.0,0.0,0.0,95.0,0.0,8.98,0.0,-2.8062,502.15,1
2026-06-01 15:25:00,1780307700,15.417,0,0,GRID_EXPORT,32.05,521.1,0.17,7.52,50.81,6.32,57.12,24.98,RUNNING,19.92,RUNNING,0.0,OFF,9.86,54.76,34.84,0.0,35.0,08:00,17:00,3.0,17:00,1,7.5,1,50.0,0.0,0.0,0.0,95.0,0.0,2.36,0.0,-0.7375,501.41,1
2026-06-01 15:30:00,1780308000,15.5,0,0,GRID_EXPORT,32.14,541.0,0.11,7.71,52.33,7.19,59.52,25.29,RUNNING,19.98,RUNNING,0.0,OFF,10.1,55.37,35.39,0.0,35.0,08:00,17:00,3.0,17:00,1,7.5,1,50.0,0.0,0.0,0.0,95.0,0.0,4.15,0.0,-1.2969,500.12,1
2026-06-01 15:35:00,1780308300,15.583,0,0,GRID_EXPORT,31.54,508.8,0.14,7.93,49.06,8.22,57.28,24.68,RUNNING,19.6,RUNNING,0.0,OFF,9.78,54.06,34.46,0.0,35.0,08:00,17:00,3.0,17:00,1,7.5,1,50.0,0.0,0.0,0.0,95.0,0.0,3.22,0.0,-1.0062,499.11,1
2026-06-01 15:40:00,1780308600,15.667,0,0,NORMAL_OPERATION,31.68,497.4,0.13,6.93,48.66,4.16,52.82,24.48,RUNNING,19.83,RUNNING,0.0,OFF,10.12,54.44,34.6,0.0,35.0,08:00,17:00,3.0,17:00,1,7.5,1,50.0,-1.62,0.0,1.62,94.93,0.0,0.0,0.0,0.0,499.11,1
2026-06-01 15:45:00,1780308900,15.75,0,0,NORMAL_OPERATION,31.85,453.7,0.18,8.15,43.7,9.39,53.09,25.58,RUNNING,19.36,RUNNING,0.0,OFF,9.71,54.65,35.29,0.0,35.0,08:00,17:00,3.0,17:00,1,7.5,1,50.0,-1.56,0.0,1.56,94.86,0.0,0.0,0.0,0.0,499.11,1
2026-06-01 15:50:00,1780309200,15.833,0,0,NORMAL_OPERATION,32.15,437.2,0.19,7.73,42.55,7.26,49.81,25.34,RUNNING,19.88,RUNNING,0.0,OFF,9.77,54.99,35.1,0.0,35.0,08:00,17:00,3.0,17:00,1,7.5,1,50.0,-5.18,0.0,5.18,94.63,0.0,0.0,0.0,0.0,499.11,1
2026-06-01 15:55:00,1780309500,15.917,0,0,NORMAL_OPERATION,31.39,450.0,0.13,8.04,43.97,8.76,52.74,25.53,RUNNING,20.59,RUNNING,0.0,OFF,9.75,55.87,35.28,0.0,35.0,08:00,17:00,3.0,17:00,1,7.5,1,50.0,-3.13,0.0,3.13,94.5,0.0,0.0,0.0,0.0,499.11,1
2026-06-01 16:00:00,1780309800,16.0,0,0,NORMAL_OPERATION,32.0,437.8,0.12,7.64,42.58,6.86,49.44,24.83,RUNNING,19.73,RUNNING,0.0,OFF,9.9,54.47,34.74,0.0,35.0,08:00,17:00,3.0,17:00,1,7.5,1,50.0,-5.03,0.0,5.03,94.28,0.0,0.0,0.0,0.0,499.11,1
2026-06-01 16:05:00,1780310100,16.083,0,0,NORMAL_OPERATION,31.55,424.8,0.12,7.46,40.98,6.09,47.08,25.02,RUNNING,20.57,RUNNING,0.0,OFF,9.91,55.49,34.93,0.0,35.0,08:00,17:00,3.0,17:00,1,7.5,1,50.0,-8.41,0.0,8.41,93.91,0.0,0.0,0.0,0.0,499.11,1
2026-06-01 16:10:00,1780310400,16.167,0,0,NORMAL_OPERATION,31.81,377.8,0.18,7.9,36.48,8.04,44.53,24.43,RUNNING,19.58,RUNNING,0.0,OFF,10.06,54.07,34.5,0.0,35.0,08:00,17:00,3.0,17:00,1,7.5,1,50.0,-9.54,0.0,9.54,93.49,0.0,0.0,0.0,0.0,499.11,1
2026-06-01 16:15:00,1780310700,16.25,0,0,NORMAL_OPERATION,31.78,369.1,0.17,6.82,36.18,3.82,40.0,24.99,RUNNING,20.36,RUNNING,0.0,OFF,10.16,55.5,35.15,0.0,35.0,08:00,17:00,3.0,17:00,1,7.5,1,50.0,-15.5,0.0,15.5,92.81,0.0,0.0,0.0,0.0,499.11,1
2026-06-01 16:20:00,1780311000,16.333,0,0,NORMAL_OPERATION,31.48,341.3,0.19,7.39,33.38,5.78,39.17,25.2,RUNNING,20.51,RUNNING,0.0,OFF,10.08,55.79,35.28,0.0,35.0,08:00,17:00,3.0,17:00,1,7.5,1,50.0,-16.62,0.0,16.62,92.08,0.0,0.0,0.0,0.0,499.11,1
2026-06-01 16:25:00,1780311300,16.417,0,0,NORMAL_OPERATION,31.18,359.7,0.11,7.14,34.89,4.85,39.74,24.64,RUNNING,19.38,RUNNING,0.0,OFF,10.0,54.02,34.64,0.0,35.0,08:00,17:00,3.0,17:00,1,7.5,1,50.0,-14.28,0.0,14.28,91.45,0.0,0.0,0.0,0.0,499.11,1
2026-06-01 16:30:00,1780311600,16.5,0,0,NORMAL_OPERATION,31.24,327.1,0.15,6.46,32.23,2.85,35.08,24.32,RUNNING,20.51,RUNNING,0.0,OFF,10.21,55.05,34.54,0.0,35.0,08:00,17:00,3.0,17:00,1,7.5,1,50.0,-19.97,0.0,19.97,90.58,0.0,0.0,0.0,0.0,499.11,1
2026-06-01 16:35:00,1780311900,16.583,0,0,NORMAL_OPERATION,31.41,307.8,0.15,7.06,30.05,4.59,34.64,25.47,RUNNING,20.55,RUNNING,0.0,OFF,9.97,55.99,35.44,0.0,35.0,08:00,17:00,3.0,17:00,1,7.5,1,50.0,-21.35,0.0,21.35,89.64,0.0,0.0,0.0,0.0,499.11,1
2026-06-01 16:40:00,1780312200,16.667,0,0,NORMAL_OPERATION,31.5,285.5,0.17,6.78,27.79,3.71,31.49,24.44,RUNNING,19.39,RUNNING,0.0,OFF,9.76,53.59,34.2,0.0,35.0,08:00,17:00,3.0,17:00,1,7.5,1,50.0,-22.1,0.0,22.1,88.67,0.0,0.0,0.0,0.0,499.11,1
2026-06-01 16:45:00,1780312500,16.75,0,0,NORMAL_OPERATION,31.49,278.3,0.13,7.36,27.11,5.67,32.77,24.48,RUNNING,19.65,RUNNING,0.0,OFF,9.96,54.09,34.44,0.0,35.0,08:00,17:00,3.0,17:00,1,7.5,1,50.0,-21.32,0.0,21.32,87.74,0.0,0.0,0.0,0.0,499.11,1
2026-06-01 16:50:00,1780312800,16.833,0,0,NORMAL_OPERATION,31.05,254.9,0.15,6.41,24.75,2.73,27.47,24.65,RUNNING,19.87,RUNNING,0.0,OFF,9.9,54.43,34.56,0.0,35.0,08:00,17:00,3.0,17:00,1,7.5,1,50.0,-26.96,0.0,26.96,86.55,0.0,0.0,0.0,0.0,499.11,1
2026-06-01 16:55:00,1780313100,16.917,0,0,NORMAL_OPERATION,31.09,229.8,0.18,7.14,21.98,4.87,26.85,24.35,RUNNING,20.25,RUNNING,0.0,OFF,9.87,54.47,34.22,0.0,35.0,08:00,17:00,3.0,17:00,1,7.5,1,50.0,-27.62,0.0,27.62,85.34,0.0,0.0,0.0,0.0,499.11,1
2026-06-01 17:00:00,1780313400,17.0,0,0,NORMAL_OPERATION,31.11,215.9,0.17,7.5,21.44,6.26,27.7,24.73,RUNNING,0.0,OFF,0.0,OFF,10.05,34.78,34.78,0.0,35.0,08:00,17:00,3.0,17:00,1,7.5,1,50.0,-7.08,0.0,7.08,85.03,0.0,0.0,0.0,0.0,499.11,1
2026-06-01 17:05:00,1780313700,17.083,0,0,NORMAL_OPERATION,30.55,205.6,0.13,7.55,20.3,6.46,26.76,24.83,RUNNING,0.0,OFF,0.0,OFF,10.06,34.88,34.88,0.0,35.0,08:00,17:00,3.0,17:00,1,7.5,1,50.0,-8.12,0.0,8.12,84.68,0.0,0.0,0.0,0.0,499.11,1
2026-06-01 17:10:00,1780314000,17.167,0,0,NORMAL_OPERATION,31.1,188.1,0.13,6.55,18.64,3.07,21.71,25.5,RUNNING,0.0,OFF,0.0,OFF,10.1,35.6,35.6,0.0,35.0,08:00,17:00,3.0,17:00,1,7.5,1,50.0,-13.89,0.0,13.89,84.07,0.0,0.0,0.0,0.0,499.11,1
2026-06-01 17:15:00,1780314300,17.25,0,0,NORMAL_OPERATION,30.91,161.2,0.17,6.99,15.76,4.37,20.13,25.23,RUNNING,0.0,OFF,0.0,OFF,9.95,35.19,35.19,0.0,35.0,08:00,17:00,3.0,17:00,1,7.5,1,50.0,-15.06,0.0,15.06,83.41,0.0,0.0,0.0,0.0,499.11,1
2026-06-01 17:20:00,1780314600,17.333,0,0,NORMAL_OPERATION,30.44,150.0,0.14,6.13,14.39,2.11,16.5,25.72,RUNNING,0.0,OFF,0.0,OFF,9.99,35.71,35.71,0.0,35.0,08:00,17:00,3.0,17:00,1,7.5,1,50.0,-19.21,0.0,19.21,82.56,0.0,0.0,0.0,0.0,499.11,1
2026-06-01 17:25:00,1780314900,17.417,0,0,NORMAL_OPERATION,30.23,134.8,0.11,5.92,13.54,1.7,15.25,24.36,RUNNING,0.0,OFF,0.0,OFF,10.16,34.52,34.52,0.0,35.0,08:00,17:00,3.0,17:00,1,7.5,1,50.0,-19.27,0.0,19.27,81.72,0.0,0.0,0.0,0.0,499.11,1
2026-06-01 17:30:00,1780315200,17.5,0,0,NORMAL_OPERATION,30.61,105.9,0.19,5.8,10.19,1.51,11.7,25.43,RUNNING,0.0,OFF,0.0,OFF,9.78,35.2,35.2,0.0,35.0,08:00,17:00,3.0,17:00,1,7.5,1,50.0,-23.5,0.0,23.5,80.69,0.0,0.0,0.0,0.0,499.11,1
2026-06-01 17:35:00,1780315500,17.583,0,0,NORMAL_OPERATION,30.14,96.2,0.12,7.02,9.69,4.47,14.16,25.49,RUNNING,0.0,OFF,0.0,OFF,9.8,35.29,35.29,0.0,35.0,08:00,17:00,3.0,17:00,1,7.5,1,50.0,-21.13,0.0,21.13,79.76,0.0,0.0,0.0,0.0,499.11,1
2026-06-01 17:40:00,1780315800,17.667,0,0,NORMAL_OPERATION,30.08,74.9,0.14,6.73,7.07,3.55,10.62,24.91,RUNNING,0.0,OFF,0.0,OFF,9.87,34.78,34.78,0.0,35.0,08:00,17:00,3.0,17:00,1,7.5,1,50.0,-24.16,0.0,24.16,78.7,0.0,0.0,0.0,0.0,499.11,1
2026-06-01 17:45:00,1780316100,17.75,0,0,NORMAL_OPERATION,30.21,55.9,0.14,6.45,5.29,2.81,8.1,25.49,RUNNING,0.0,OFF,0.0,OFF,9.98,35.48,35.48,0.0,35.0,08:00,17:00,3.0,17:00,1,7.5,1,50.0,-27.38,0.0,27.38,77.5,0.0,0.0,0.0,0.0,499.11,1
2026-06-01 17:50:00,1780316400,17.833,0,0,NORMAL_OPERATION,30.17,37.7,0.14,7.06,4.17,4.59,8.77,24.94,RUNNING,0.0,OFF,0.0,OFF,9.87,34.81,34.81,0.0,35.0,08:00,17:00,3.0,17:00,1,7.5,1,50.0,-26.04,0.0,26.04,76.36,0.0,0.0,0.0,0.0,499.11,1
2026-06-01 17:55:00,1780316700,17.917,0,0,NORMAL_OPERATION,29.68,18.5,0.15,7.04,2.13,4.53,6.67,25.48,RUNNING,0.0,OFF,0.0,OFF,9.78,35.27,35.27,0.0,35.0,08:00,17:00,3.0,17:00,1,7.5,1,50.0,-28.6,0.0,28.6,75.1,0.0,0.0,0.0,0.0,499.11,1
2026-06-01 18:00:00,1780317000,18.0,0,0,NORMAL_OPERATION,29.46,0.0,0.16,6.85,0.05,3.91,3.96,24.36,RUNNING,0.0,OFF,0.0,OFF,10.21,34.57,34.57,0.0,35.0,08:00,17:00,3.0,17:00,1,7.5,1,50.0,-30.61,0.0,30.61,73.76,0.0,0.0,0.0,0.0,499.11,1
2026-06-01 18:05:00,1780317300,18.083,0,0,NORMAL_OPERATION,29.81,0.0,0.13,6.62,0.0,3.26,3.26,24.64,RUNNING,0.0,OFF,0.0,OFF,10.24,34.88,34.88,0.0,35.0,08:00,17:00,3.0,17:00,1,7.5,1,50.0,-31.62,0.0,31.62,72.37,0.0,0.0,0.0,0.0,499.11,1
2026-06-01 18:10:00,1780317600,18.167,0,0,NORMAL_OPERATION,29.12,0.0,0.14,6.87,0.0,3.98,3.98,24.56,RUNNING,0.0,OFF,0.0,OFF,9.97,34.53,34.53,0.0,35.0,08:00,17:00,3.0,17:00,1,7.5,1,50.0,-30.55,0.0,30.55,71.03,0.0,0.0,0.0,0.0,499.11,1
2026-06-01 18:15:00,1780317900,18.25,0,0,NORMAL_OPERATION,29.15,0.0,0.1,5.4,0.0,0.94,0.94,25.0,RUNNING,0.0,OFF,0.0,OFF,9.84,34.84,34.84,0.0,35.0,08:00,17:00,3.0,17:00,1,7.5,1,50.0,-33.9,0.0,33.9,69.55,0.0,0.0,0.0,0.0,499.11,1
2026-06-01 18:20:00,1780318200,18.333,0,0,NORMAL_OPERATION,29.54,0.0,0.14,5.31,0.0,0.85,0.85,25.69,RUNNING,0.0,OFF,0.0,OFF,10.2,35.89,35.89,0.0,35.0,08:00,17:00,3.0,17:00,1,7.5,1,50.0,-35.04,0.0,35.04,68.01,0.0,0.0,0.0,0.0,499.11,1
2026-06-01 18:25:00,1780318500,18.417,0,0,NORMAL_OPERATION,29.13,0.0,0.18,5.44,0.0,1.0,1.0,24.66,RUNNING,0.0,OFF,0.0,OFF,10.2,34.86,34.86,0.0,35.0,08:00,17:00,3.0,17:00,1,7.5,1,50.0,-33.86,0.0,33.86,66.53,0.0,0.0,0.0,0.0,499.11,1
2026-06-01 18:30:00,1780318800,18.5,0,0,NORMAL_OPERATION,29.03,0.0,0.11,6.31,0.0,2.48,2.48,24.92,RUNNING,0.0,OFF,0.0,OFF,9.7,34.62,34.62,0.0,35.0,08:00,17:00,3.0,17:00,1,7.5,1,50.0,-32.14,0.0,32.14,65.12,0.0,0.0,0.0,0.0,499.11,1
2026-06-01 18:35:00,1780319100,18.583,0,0,NORMAL_OPERATION,28.39,0.0,0.13,6.47,0.0,2.87,2.87,25.08,RUNNING,0.0,OFF,0.0,OFF,10.14,35.21,35.21,0.0,35.0,08:00,17:00,3.0,17:00,1,7.5,1,50.0,-32.34,0.0,32.34,63.7,0.0,0.0,0.0,0.0,499.11,1
2026-06-01 18:40:00,1780319400,18.667,0,0,NORMAL_OPERATION,28.61,0.0,0.11,5.55,0.0,1.14,1.14,24.68,RUNNING,0.0,OFF,0.0,OFF,9.73,34.41,34.41,0.0,35.0,08:00,17:00,3.0,17:00,1,7.5,1,50.0,-33.27,0.0,33.27,62.24,0.0,0.0,0.0,0.0,499.11,1
2026-06-01 18:45:00,1780319700,18.75,0,0,NORMAL_OPERATION,28.38,0.0,0.18,5.78,0.0,1.48,1.48,24.38,RUNNING,0.0,OFF,0.0,OFF,10.24,34.62,34.62,0.0,35.0,08:00,17:00,3.0,17:00,1,7.5,1,50.0,-33.14,0.0,33.14,60.79,0.0,0.0,0.0,0.0,499.11,1
2026-06-01 18:50:00,1780320000,18.833,0,0,NORMAL_OPERATION,28.38,0.0,0.1,5.84,0.0,1.56,1.56,24.59,RUNNING,0.0,OFF,0.0,OFF,9.79,34.37,34.37,0.0,35.0,08:00,17:00,3.0,17:00,1,7.5,1,50.0,-32.81,0.0,32.81,59.35,0.0,0.0,0.0,0.0,499.11,1
2026-06-01 18:55:00,1780320300,18.917,0,0,NORMAL_OPERATION,28.09,0.0,0.16,5.36,0.0,0.9,0.9,24.87,RUNNING,0.0,OFF,0.0,OFF,10.1,34.97,34.97,0.0,35.0,08:00,17:00,3.0,17:00,1,7.5,1,50.0,-34.07,0.0,34.07,57.85,0.0,0.0,0.0,0.0,499.11,1
2026-06-01 19:00:00,1780320600,19.0,0,0,NORMAL_OPERATION,27.67,0.0,0.2,5.04,0.0,0.58,0.58,25.04,RUNNING,0.0,OFF,0.0,OFF,10.0,35.05,35.05,0.0,35.0,08:00,17:00,3.0,17:00,1,7.5,1,50.0,-34.47,0.0,34.47,56.34,0.0,0.0,0.0,0.0,499.11,1
2026-06-01 19:05:00,1780320900,19.083,0,0,NORMAL_OPERATION,28.24,0.0,0.16,5.52,0.0,1.1,1.1,24.95,RUNNING,0.0,OFF,0.0,OFF,10.08,35.03,35.03,0.0,35.0,08:00,17:00,3.0,17:00,1,7.5,1,50.0,-33.93,0.0,33.93,54.85,0.0,0.0,0.0,0.0,499.11,1
2026-06-01 19:10:00,1780321200,19.167,0,0,NORMAL_OPERATION,28.08,0.0,0.13,4.88,0.0,0.46,0.46,25.46,RUNNING,0.0,OFF,0.0,OFF,9.91,35.37,35.37,0.0,35.0,08:00,17:00,3.0,17:00,1,7.5,1,50.0,-34.91,0.0,34.91,53.32,0.0,0.0,0.0,0.0,499.11,1
2026-06-01 19:15:00,1780321500,19.25,0,0,NORMAL_OPERATION,27.72,0.0,0.16,6.05,0.0,1.96,1.96,25.38,RUNNING,0.0,OFF,0.0,OFF,9.9,35.28,35.28,0.0,35.0,08:00,17:00,3.0,17:00,1,7.5,1,50.0,-33.32,0.0,33.32,51.86,0.0,0.0,0.0,0.0,499.11,1
2026-06-01 19:20:00,1780321800,19.333,0,0,NORMAL_OPERATION,27.02,0.0,0.15,6.09,0.0,2.02,2.02,24.48,RUNNING,0.0,OFF,0.0,OFF,10.17,34.65,34.65,0.0,35.0,08:00,17:00,3.0,17:00,1,7.5,1,50.0,-32.63,0.0,32.63,50.43,0.0,0.0,0.0,0.0,499.11,1
2026-06-01 19:25:00,1780322100,19.417,0,0,NORMAL_OPERATION,27.19,0.0,0.17,5.76,0.0,1.44,1.44,25.5,RUNNING,0.0,OFF,0.0,OFF,9.74,35.24,35.24,0.0,35.0,08:00,17:00,3.0,17:00,1,7.5,1,50.0,-33.8,0.0,33.8,48.95,0.0,0.0,0.0,0.0,499.11,1
2026-06-01 19:30:00,1780322400,19.5,0,0,NORMAL_OPERATION,27.28,0.0,0.15,5.19,0.0,0.72,0.72,24.27,RUNNING,0.0,OFF,0.0,OFF,9.82,34.09,34.09,0.0,35.0,08:00,17:00,3.0,17:00,1,7.5,1,50.0,-33.37,0.0,33.37,47.48,0.0,0.0,0.0,0.0,499.11,1
2026-06-01 19:35:00,1780322700,19.583,0,0,NORMAL_OPERATION,26.53,0.0,0.19,5.51,0.0,1.08,1.08,25.78,RUNNING,0.0,OFF,0.0,OFF,10.03,35.81,35.81,0.0,35.0,08:00,17:00,3.0,17:00,1,7.5,1,50.0,-34.73,0.0,34.73,45.96,0.0,0.0,0.0,0.0,499.11,1
2026-06-01 19:40:00,1780323000,19.667,0,0,NORMAL_OPERATION,26.54,0.0,0.18,4.96,0.0,0.51,0.51,24.77,RUNNING,0.0,OFF,0.0,OFF,10.17,34.94,34.94,0.0,35.0,08:00,17:00,3.0,17:00,1,7.5,1,50.0,-34.43,0.0,34.43,44.45,0.0,0.0,0.0,0.0,499.11,1
2026-06-01 19:45:00,1780323300,19.75,0,0,NORMAL_OPERATION,26.86,0.0,0.13,4.82,0.0,0.41,0.41,24.79,RUNNING,0.0,OFF,0.0,OFF,10.23,35.02,35.02,0.0,35.0,08:00,17:00,3.0,17:00,1,7.5,1,50.0,-34.61,0.0,34.61,42.93,0.0,0.0,0.0,0.0,499.11,1
2026-06-01 19:50:00,1780323600,19.833,0,0,NORMAL_OPERATION,26.6,0.0,0.19,5.21,0.0,0.74,0.74,25.76,RUNNING,0.0,OFF,0.0,OFF,10.0,35.76,35.76,0.0,35.0,08:00,17:00,3.0,17:00,1,7.5,1,50.0,-35.02,0.0,35.02,41.39,0.0,0.0,0.0,0.0,499.11,1
2026-06-01 19:55:00,1780323900,19.917,0,0,NORMAL_OPERATION,26.24,0.0,0.19,5.39,0.0,0.94,0.94,25.48,RUNNING,0.0,OFF,0.0,OFF,10.14,35.62,35.62,0.0,35.0,08:00,17:00,3.0,17:00,1,7.5,1,50.0,-34.68,0.0,34.68,39.87,0.0,0.0,0.0,0.0,499.11,1
2026-06-01 20:00:00,1780324200,20.0,0,0,NORMAL_OPERATION,25.73,0.0,0.16,5.85,0.0,1.59,1.59,25.07,RUNNING,0.0,OFF,0.0,OFF,9.89,34.97,34.97,0.0,35.0,08:00,17:00,3.0,17:00,1,4.5,0,50.0,-33.38,0.0,33.38,38.41,0.0,0.0,0.0,0.0,499.11,1
2026-06-01 20:05:00,1780324500,20.083,0,0,NORMAL_OPERATION,25.57,0.0,0.17,5.0,0.0,0.55,0.55,25.16,RUNNING,0.0,OFF,0.0,OFF,9.96,35.12,35.12,0.0,35.0,08:00,17:00,3.0,17:00,1,4.5,0,50.0,-34.57,0.0,34.57,36.89,0.0,0.0,0.0,0.0,499.11,1
2026-06-01 20:10:00,1780324800,20.167,0,0,NORMAL_OPERATION,25.88,0.0,0.14,4.55,0.0,0.26,0.26,25.59,RUNNING,0.0,OFF,0.0,OFF,9.91,35.5,35.5,0.0,35.0,08:00,17:00,3.0,17:00,1,4.5,0,50.0,-35.24,0.0,35.24,35.35,0.0,0.0,0.0,0.0,499.11,1
2026-06-01 20:15:00,1780325100,20.25,0,0,NORMAL_OPERATION,25.96,0.0,0.13,6.03,0.0,1.9,1.9,25.72,RUNNING,0.0,OFF,0.0,OFF,9.75,35.46,35.46,0.0,35.0,08:00,17:00,3.0,17:00,1,4.5,0,50.0,-33.56,0.0,33.56,33.88,0.0,0.0,0.0,0.0,499.11,1
2026-06-01 20:20:00,1780325400,20.333,0,0,NORMAL_OPERATION,25.5,0.0,0.14,5.72,0.0,1.37,1.37,25.29,RUNNING,0.0,OFF,0.0,OFF,10.27,35.56,35.56,0.0,35.0,08:00,17:00,3.0,17:00,1,4.5,0,50.0,-34.19,0.0,34.19,32.38,0.0,0.0,0.0,0.0,499.11,1
2026-06-01 20:25:00,1780325700,20.417,0,0,NORMAL_OPERATION,24.93,0.0,0.16,5.66,0.0,1.29,1.29,24.26,RUNNING,0.0,OFF,0.0,OFF,9.74,34.0,34.0,0.0,35.0,08:00,17:00,3.0,17:00,1,4.5,0,50.0,-32.71,0.0,32.71,30.94,0.0,0.0,0.0,0.0,499.11,1
2026-06-01 20:30:00,1780326000,20.5,0,0,NORMAL_OPERATION,25.27,0.0,0.14,5.0,0.0,0.55,0.55,25.11,RUNNING,0.0,OFF,0.0,OFF,10.06,35.17,35.17,0.0,35.0,08:00,17:00,3.0,17:00,1,4.5,0,50.0,-34.62,0.0,34.62,29.42,0.0,0.0,0.0,0.0,499.11,1
2026-06-01 20:35:00,1780326300,20.583,0,0,NORMAL_OPERATION,25.01,0.0,0.19,4.97,0.0,0.52,0.52,25.42,RUNNING,0.0,OFF,0.0,OFF,10.04,35.47,35.47,0.0,35.0,08:00,17:00,3.0,17:00,1,4.5,0,50.0,-34.95,0.0,34.95,27.89,0.0,0.0,0.0,0.0,499.11,1
2026-06-01 20:40:00,1780326600,20.667,0,0,NORMAL_OPERATION,24.72,0.0,0.14,5.39,0.0,0.94,0.94,24.6,RUNNING,0.0,OFF,0.0,OFF,9.77,34.37,34.37,0.0,35.0,08:00,17:00,3.0,17:00,1,4.5,0,50.0,-33.43,0.0,33.43,26.42,0.0,0.0,0.0,0.0,499.11,1
2026-06-01 20:45:00,1780326900,20.75,0,0,NORMAL_OPERATION,24.71,0.0,0.15,4.95,0.0,0.51,0.51,25.1,RUNNING,0.0,OFF,0.0,OFF,9.86,34.96,34.96,0.0,35.0,08:00,17:00,3.0,17:00,1,4.5,0,50.0,-34.45,0.0,34.45,24.91,0.0,0.0,0.0,0.0,499.11,1
2026-06-01 20:50:00,1780327200,20.833,0,0,NORMAL_OPERATION,24.16,0.0,0.14,5.91,0.0,1.69,1.69,24.66,RUNNING,0.0,OFF,0.0,OFF,10.25,34.91,34.91,0.0,35.0,08:00,17:00,3.0,17:00,1,4.5,0,50.0,-33.22,0.0,33.22,23.46,0.0,0.0,0.0,0.0,499.11,1
2026-06-01 20:55:00,1780327500,20.917,0,0,NORMAL_OPERATION,24.17,0.0,0.11,5.66,0.0,1.3,1.3,24.92,RUNNING,0.0,OFF,0.0,OFF,10.24,35.16,35.16,0.0,35.0,08:00,17:00,3.0,17:00,1,4.5,0,50.0,-33.86,0.0,33.86,21.97,0.0,0.0,0.0,0.0,499.11,1
2026-06-01 21:00:00,1780327800,21.0,0,0,NORMAL_OPERATION,23.96,0.0,0.11,5.38,0.0,0.92,0.92,25.55,RUNNING,0.0,OFF,0.0,OFF,9.89,35.44,35.44,0.0,35.0,08:00,17:00,3.0,17:00,1,4.5,0,50.0,-34.52,0.0,34.52,20.46,0.0,0.0,0.0,0.0,499.11,1
2026-06-01 21:05:00,1780328100,21.083,0,0,GRID_FALLBACK,23.7,0.0,0.11,5.14,0.0,0.67,0.67,25.63,RUNNING,0.0,OFF,0.0,OFF,10.21,35.84,35.84,0.0,35.0,08:00,17:00,3.0,17:00,1,4.5,0,50.0,-10.42,0.0,10.42,20.0,24.75,0.0,0.0,9.2813,508.39,1
2026-06-01 21:10:00,1780328400,21.167,0,0,GRID_FALLBACK,23.82,0.0,0.19,5.28,0.0,0.81,0.81,25.47,RUNNING,0.0,OFF,0.0,OFF,10.01,35.48,35.48,0.0,35.0,08:00,17:00,3.0,17:00,1,4.5,0,50.0,0.0,0.0,0.0,20.0,34.67,0.0,0.0,13.0012,521.39,1
2026-06-01 21:15:00,1780328700,21.25,0,0,GRID_FALLBACK,23.17,0.0,0.12,4.47,0.0,0.22,0.22,25.46,RUNNING,0.0,OFF,0.0,OFF,9.72,35.18,35.18,0.0,35.0,08:00,17:00,3.0,17:00,1,4.5,0,50.0,0.0,0.0,0.0,20.0,34.96,0.0,0.0,13.11,534.5,1
2026-06-01 21:20:00,1780329000,21.333,0,0,GRID_FALLBACK,23.35,0.0,0.14,5.52,0.0,1.1,1.1,25.08,RUNNING,0.0,OFF,0.0,OFF,10.07,35.15,35.15,0.0,35.0,08:00,17:00,3.0,17:00,1,4.5,0,50.0,0.0,0.0,0.0,20.0,34.05,0.0,0.0,12.7687,547.27,1
2026-06-01 21:25:00,1780329300,21.417,0,0,GRID_FALLBACK,22.8,0.0,0.13,5.83,0.0,1.55,1.55,25.35,RUNNING,0.0,OFF,0.0,OFF,10.02,35.37,35.37,0.0,35.0,08:00,17:00,3.0,17:00,1,4.5,0,50.0,0.0,0.0,0.0,20.0,33.82,0.0,0.0,12.6825,559.95,1
2026-06-01 21:30:00,1780329600,21.5,0,0,GRID_FALLBACK,23.17,0.0,0.18,4.34,0.0,0.16,0.16,25.76,RUNNING,0.0,OFF,0.0,OFF,10.09,35.84,35.84,0.0,35.0,08:00,17:00,3.0,17:00,1,4.5,0,50.0,0.0,0.0,0.0,20.0,35.68,0.0,0.0,13.38,573.33,1
2026-06-01 21:35:00,1780329900,21.583,0,0,GRID_FALLBACK,22.74,0.0,0.17,4.77,0.0,0.38,0.38,25.6,RUNNING,0.0,OFF,0.0,OFF,10.17,35.77,35.77,0.0,35.0,08:00,17:00,3.0,17:00,1,4.5,0,50.0,0.0,0.0,0.0,20.0,35.39,0.0,0.0,13.2712,586.61,1
2026-06-01 21:40:00,1780330200,21.667,0,0,GRID_FALLBACK,22.72,0.0,0.12,5.76,0.0,1.44,1.44,24.89,RUNNING,0.0,OFF,0.0,OFF,10.25,35.14,35.14,0.0,35.0,08:00,17:00,3.0,17:00,1,4.5,0,50.0,0.0,0.0,0.0,20.0,33.7,0.0,0.0,12.6375,599.24,1
2026-06-01 21:45:00,1780330500,21.75,0,0,GRID_FALLBACK,22.08,0.0,0.11,4.45,0.0,0.21,0.21,24.46,RUNNING,0.0,OFF,0.0,OFF,9.89,34.36,34.36,0.0,35.0,08:00,17:00,3.0,17:00,1,4.5,0,50.0,0.0,0.0,0.0,20.0,34.15,0.0,0.0,12.8062,612.05,1
2026-06-01 21:50:00,1780330800,21.833,0,0,GRID_FALLBACK,22.44,0.0,0.13,5.71,0.0,1.36,1.36,25.63,RUNNING,0.0,OFF,0.0,OFF,10.21,35.84,35.84,0.0,35.0,08:00,17:00,3.0,17:00,1,4.5,0,50.0,0.0,0.0,0.0,20.0,34.48,0.0,0.0,12.93,624.98,1
2026-06-01 21:55:00,1780331100,21.917,0,0,GRID_FALLBACK,21.9,0.0,0.16,5.08,0.0,0.62,0.62,24.4,RUNNING,0.0,OFF,0.0,OFF,9.88,34.28,34.28,0.0,35.0,08:00,17:00,3.0,17:00,1,4.5,0,50.0,0.0,0.0,0.0,20.0,33.66,0.0,0.0,12.6225,637.6,1
2026-06-01 22:00:00,1780331400,22.0,0,0,GRID_FALLBACK,21.96,0.0,0.15,4.47,0.0,0.22,0.22,25.71,RUNNING,0.0,OFF,0.0,OFF,9.79,35.5,35.5,0.0,35.0,08:00,17:00,3.0,17:00,1,4.5,0,50.0,0.0,0.0,0.0,20.0,35.28,0.0,0.0,13.23,650.83,1
2026-06-01 22:05:00,1780331700,22.083,0,0,GRID_FALLBACK,21.89,0.0,0.17,5.17,0.0,0.7,0.7,25.55,RUNNING,0.0,OFF,0.0,OFF,10.04,35.59,35.59,0.0,35.0,08:00,17:00,3.0,17:00,1,4.5,0,50.0,0.0,0.0,0.0,20.0,34.89,0.0,0.0,13.0837,663.92,1
2026-06-01 22:10:00,1780332000,22.167,0,0,GRID_FALLBACK,21.85,0.0,0.1,4.28,0.0,0.14,0.14,25.23,RUNNING,0.0,OFF,0.0,OFF,10.05,35.27,35.27,0.0,35.0,08:00,17:00,3.0,17:00,1,4.5,0,50.0,0.0,0.0,0.0,20.0,35.13,0.0,0.0,13.1738,677.09,1
2026-06-01 22:15:00,1780332300,22.25,0,0,GRID_FALLBACK,21.55,0.0,0.18,4.87,0.0,0.45,0.45,25.22,RUNNING,0.0,OFF,0.0,OFF,10.0,35.22,35.22,0.0,35.0,08:00,17:00,3.0,17:00,1,4.5,0,50.0,0.0,0.0,0.0,20.0,34.77,0.0,0.0,13.0387,690.13,1
2026-06-01 22:20:00,1780332600,22.333,0,0,GRID_FALLBACK,21.37,0.0,0.13,5.74,0.0,1.41,1.41,24.97,RUNNING,0.0,OFF,0.0,OFF,10.18,35.16,35.16,0.0,35.0,08:00,17:00,3.0,17:00,1,4.5,0,50.0,0.0,0.0,0.0,20.0,33.75,0.0,0.0,12.6562,702.78,1
2026-06-01 22:25:00,1780332900,22.417,0,0,GRID_FALLBACK,21.25,0.0,0.13,4.33,0.0,0.16,0.16,24.3,RUNNING,0.0,OFF,0.0,OFF,9.96,34.26,34.26,0.0,35.0,08:00,17:00,3.0,17:00,1,4.5,0,50.0,0.0,0.0,0.0,20.0,34.1,0.0,0.0,12.7875,715.57,1
2026-06-01 22:30:00,1780333200,22.5,0,0,GRID_FALLBACK,20.93,0.0,0.12,5.19,0.0,0.72,0.72,24.7,RUNNING,0.0,OFF,0.0,OFF,10.13,34.83,34.83,0.0,35.0,08:00,17:00,3.0,17:00,1,4.5,0,50.0,0.0,0.0,0.0,20.0,34.11,0.0,0.0,12.7912,728.36,1
2026-06-01 22:35:00,1780333500,22.583,0,0,GRID_FALLBACK,20.97,0.0,0.19,5.79,0.0,1.49,1.49,24.41,RUNNING,0.0,OFF,0.0,OFF,9.92,34.33,34.33,0.0,35.0,08:00,17:00,3.0,17:00,1,4.5,0,50.0,0.0,0.0,0.0,20.0,32.84,0.0,0.0,12.315,740.68,1
2026-06-01 22:40:00,1780333800,22.667,0,0,GRID_FALLBACK,20.67,0.0,0.13,4.98,0.0,0.54,0.54,24.63,RUNNING,0.0,OFF,0.0,OFF,9.85,34.48,34.48,0.0,35.0,08:00,17:00,3.0,17:00,1,4.5,0,50.0,0.0,0.0,0.0,20.0,33.94,0.0,0.0,12.7275,753.41,1
2026-06-01 22:45:00,1780334100,22.75,0,0,GRID_FALLBACK,20.14,0.0,0.13,4.86,0.0,0.44,0.44,25.18,RUNNING,0.0,OFF,0.0,OFF,9.85,35.03,35.03,0.0,35.0,08:00,17:00,3.0,17:00,1,4.5,0,50.0,0.0,0.0,0.0,20.0,34.59,0.0,0.0,12.9713,766.38,1
2026-06-01 22:50:00,1780334400,22.833,0,0,GRID_FALLBACK,20.6,0.0,0.12,4.78,0.0,0.39,0.39,25.12,RUNNING,0.0,OFF,0.0,OFF,9.89,35.01,35.01,0.0,35.0,08:00,17:00,3.0,17:00,1,4.5,0,50.0,0.0,0.0,0.0,20.0,34.62,0.0,0.0,12.9825,779.36,1
2026-06-01 22:55:00,1780334700,22.917,0,0,GRID_FALLBACK,20.36,0.0,0.15,5.1,0.0,0.63,0.63,25.0,RUNNING,0.0,OFF,0.0,OFF,9.89,34.88,34.88,0.0,35.0,08:00,17:00,3.0,17:00,1,4.5,0,50.0,0.0,0.0,0.0,20.0,34.25,0.0,0.0,12.8438,792.2,1
2026-06-01 23:00:00,1780335000,23.0,0,0,GRID_FALLBACK,19.62,0.0,0.19,5.09,0.0,0.63,0.63,25.75,RUNNING,0.0,OFF,0.0,OFF,9.83,35.58,35.58,0.0,35.0,08:00,17:00,3.0,17:00,1,4.5,0,50.0,0.0,0.0,0.0,20.0,34.95,0.0,0.0,13.1062,805.31,1
2026-06-01 23:05:00,1780335300,23.083,0,0,GRID_FALLBACK,19.73,0.0,0.11,5.09,0.0,0.63,0.63,25.61,RUNNING,0.0,OFF,0.0,OFF,10.09,35.7,35.7,0.0,35.0,08:00,17:00,3.0,17:00,1,4.5,0,50.0,0.0,0.0,0.0,20.0,35.07,0.0,0.0,13.1512,818.46,1
2026-06-01 23:10:00,1780335600,23.167,0,0,GRID_FALLBACK,19.68,0.0,0.15,5.67,0.0,1.31,1.31,24.89,RUNNING,0.0,OFF,0.0,OFF,10.23,35.12,35.12,0.0,35.0,08:00,17:00,3.0,17:00,1,4.5,0,50.0,0.0,0.0,0.0,20.0,33.81,0.0,0.0,12.6787,831.14,1
2026-06-01 23:15:00,1780335900,23.25,0,0,GRID_FALLBACK,19.74,0.0,0.18,4.92,0.0,0.48,0.48,24.84,RUNNING,0.0,OFF,0.0,OFF,10.04,34.88,34.88,0.0,35.0,08:00,17:00,3.0,17:00,1,4.5,0,50.0,0.0,0.0,0.0,20.0,34.4,0.0,0.0,12.9,844.04,1
2026-06-01 23:20:00,1780336200,23.333,0,0,GRID_FALLBACK,19.17,0.0,0.16,4.47,0.0,0.22,0.22,25.01,RUNNING,0.0,OFF,0.0,OFF,10.16,35.17,35.17,0.0,35.0,08:00,17:00,3.0,17:00,1,4.5,0,50.0,0.0,0.0,0.0,20.0,34.95,0.0,0.0,13.1062,857.15,1
2026-06-01 23:25:00,1780336500,23.417,0,0,GRID_FALLBACK,19.09,0.0,0.2,5.46,0.0,1.02,1.02,24.39,RUNNING,0.0,OFF,0.0,OFF,10.29,34.68,34.68,0.0,35.0,08:00,17:00,3.0,17:00,1,4.5,0,50.0,0.0,0.0,0.0,20.0,33.66,0.0,0.0,12.6225,869.77,1
2026-06-01 23:30:00,1780336800,23.5,0,0,GRID_FALLBACK,19.05,0.0,0.18,4.93,0.0,0.5,0.5,25.7,RUNNING,0.0,OFF,0.0,OFF,10.15,35.86,35.86,0.0,35.0,08:00,17:00,3.0,17:00,1,4.5,0,50.0,0.0,0.0,0.0,20.0,35.36,0.0,0.0,13.26,883.03,1
2026-06-01 23:35:00,1780337100,23.583,0,0,GRID_FALLBACK,18.75,0.0,0.15,5.21,0.0,0.74,0.74,24.27,RUNNING,0.0,OFF,0.0,OFF,9.78,34.05,34.05,0.0,35.0,08:00,17:00,3.0,17:00,1,4.5,0,50.0,0.0,0.0,0.0,20.0,33.31,0.0,0.0,12.4912,895.52,1
2026-06-01 23:40:00,1780337400,23.667,0,0,GRID_FALLBACK,18.72,0.0,0.15,5.17,0.0,0.7,0.7,25.17,RUNNING,0.0,OFF,0.0,OFF,10.01,35.18,35.18,0.0,35.0,08:00,17:00,3.0,17:00,1,4.5,0,50.0,0.0,0.0,0.0,20.0,34.48,0.0,0.0,12.93,908.45,1
2026-06-01 23:45:00,1780337700,23.75,0,0,GRID_FALLBACK,18.59,0.0,0.16,4.72,0.0,0.35,0.35,25.78,RUNNING,0.0,OFF,0.0,OFF,10.14,35.93,35.93,0.0,35.0,08:00,17:00,3.0,17:00,1,4.5,0,50.0,0.0,0.0,0.0,20.0,35.58,0.0,0.0,13.3425,921.79,1
2026-06-01 23:50:00,1780338000,23.833,0,0,GRID_FALLBACK,18.43,0.0,0.13,5.81,0.0,1.52,1.52,25.05,RUNNING,0.0,OFF,0.0,OFF,10.13,35.18,35.18,0.0,35.0,08:00,17:00,3.0,17:00,1,4.5,0,50.0,0.0,0.0,0.0,20.0,33.66,0.0,0.0,12.6225,934.41,1
2026-06-01 23:55:00,1780338300,23.917,0,0,GRID_FALLBACK,18.31,0.0,0.18,5.1,0.0,0.63,0.63,25.28,RUNNING,0.0,OFF,0.0,OFF,10.29,35.57,35.57,0.0,35.0,08:00,17:00,3.0,17:00,1,4.5,0,50.0,0.0,0.0,0.0,20.0,34.94,0.0,0.0,13.1025,947.52,1
2026-06-02 00:00:00,1780338600,0.0,1,0,GRID_FALLBACK,18.41,0.0,0.08,4.2,0.0,0.12,0.12,25.3,RUNNING,0.0,OFF,0.0,OFF,9.72,35.02,35.02,0.0,35.0,08:00,17:00,3.0,17:00,1,4.5,0,50.0,0.0,0.0,0.0,20.0,34.9,0.0,0.0,13.0875,960.6,1
2026-06-02 00:05:00,1780338900,0.083,1,0,GRID_FALLBACK,18.2,0.0,0.1,4.32,0.0,0.16,0.16,25.44,RUNNING,0.0,OFF,0.0,OFF,10.05,35.49,35.49,0.0,35.0,08:00,17:00,3.0,17:00,1,4.5,0,50.0,0.0,0.0,0.0,20.0,35.33,0.0,0.0,13.2488,973.85,1
2026-06-02 00:10:00,1780339200,0.167,1,0,GRID_FALLBACK,18.28,0.0,0.06,3.36,0.0,0.0,0.0,25.21,RUNNING,0.0,OFF,0.0,OFF,10.07,35.28,35.28,0.0,35.0,08:00,17:00,3.0,17:00,1,4.5,0,50.0,0.0,0.0,0.0,20.0,35.28,0.0,0.0,13.23,987.08,1
2026-06-02 00:15:00,1780339500,0.25,1,0,GRID_FALLBACK,18.26,0.0,0.01,4.21,0.0,0.12,0.12,24.25,RUNNING,0.0,OFF,0.0,OFF,10.27,34.52,34.52,0.0,35.0,08:00,17:00,3.0,17:00,1,4.5,0,50.0,0.0,0.0,0.0,20.0,34.4,0.0,0.0,12.9,999.98,1
2026-06-02 00:20:00,1780339800,0.333,1,0,GRID_FALLBACK,17.56,0.0,0.0,3.65,0.0,0.02,0.02,24.44,RUNNING,0.0,OFF,0.0,OFF,10.11,34.56,34.56,0.0,35.0,08:00,17:00,3.0,17:00,1,4.5,0,50.0,0.0,0.0,0.0,20.0,34.54,0.0,0.0,12.9525,1012.94,1
2026-06-02 00:25:00,1780340100,0.417,1,0,GRID_FALLBACK,17.69,0.0,0.08,4.66,0.0,0.31,0.31,25.6,RUNNING,0.0,OFF,0.0,OFF,10.14,35.74,35.74,0.0,35.0,08:00,17:00,3.0,17:00,1,4.5,0,50.0,0.0,0.0,0.0,20.0,35.43,0.0,0.0,13.2862,1026.22,1
2026-06-02 00:30:00,1780340400,0.5,1,0,GRID_FALLBACK,17.3,0.0,0.01,3.55,0.0,0.01,0.01,24.72,RUNNING,0.0,OFF,0.0,OFF,10.1,34.82,34.82,0.0,35.0,08:00,17:00,3.0,17:00,1,4.5,0,50.0,0.0,0.0,0.0,20.0,34.81,0.0,0.0,13.0538,1039.28,1
2026-06-02 00:35:00,1780340700,0.583,1,0,GRID_FALLBACK,17.57,0.0,0.03,3.53,0.0,0.01,0.01,25.66,RUNNING,0.0,OFF,0.0,OFF,9.91,35.56,35.56,0.0,35.0,08:00,17:00,3.0,17:00,1,4.5,0,50.0,0.0,0.0,0.0,20.0,35.55,0.0,0.0,13.3313,1052.61,1
2026-06-02 00:40:00,1780341000,0.667,1,0,GRID_FALLBACK,17.33,0.0,0.08,4.44,0.0,0.2,0.2,25.23,RUNNING,0.0,OFF,0.0,OFF,10.12,35.35,35.35,0.0,35.0,08:00,17:00,3.0,17:00,1,4.5,0,50.0,0.0,0.0,0.0,20.0,35.15,0.0,0.0,13.1812,1065.79,1
2026-06-02 00:45:00,1780341300,0.75,1,0,GRID_FALLBACK,17.44,0.0,0.02,3.71,0.0,0.03,0.03,25.09,RUNNING,0.0,OFF,0.0,OFF,9.83,34.93,34.93,0.0,35.0,08:00,17:00,3.0,17:00,1,4.5,0,50.0,0.0,0.0,0.0,20.0,34.9,0.0,0.0,13.0875,1078.88,1
2026-06-02 00:50:00,1780341600,0.833,1,0,GRID_FALLBACK,17.63,0.0,0.03,3.82,0.0,0.04,0.04,24.53,RUNNING,0.0,OFF,0.0,OFF,10.12,34.65,34.65,0.0,35.0,08:00,17:00,3.0,17:00,1,4.5,0,50.0,0.0,0.0,0.0,20.0,34.61,0.0,0.0,12.9787,1091.85,1
2026-06-02 00:55:00,1780341900,0.917,1,0,GRID_FALLBACK,17.01,0.0,0.03,4.89,0.0,0.46,0.46,25.47,RUNNING,0.0,OFF,0.0,OFF,9.86,35.34,35.34,0.0,35.0,08:00,17:00,3.0,17:00,1,4.5,0,50.0,0.0,0.0,0.0,20.0,34.88,0.0,0.0,13.08,1104.93,1
2026-06-02 01:00:00,1780342200,1.0,1,0,GRID_FALLBACK,16.77,0.0,0.07,4.04,0.0,0.08,0.08,25.77,RUNNING,0.0,OFF,0.0,OFF,10.19,35.96,35.96,0.0,35.0,08:00,17:00,3.0,17:00,1,4.5,0,50.0,0.0,0.0,0.0,20.0,35.88,0.0,0.0,13.455,1118.39,1
2026-06-02 01:05:00,1780342500,1.083,1,0,GRID_FALLBACK,17.35,0.0,0.08,3.94,0.0,0.06,0.06,24.66,RUNNING,0.0,OFF,0.0,OFF,10.13,34.79,34.79,0.0,35.0,08:00,17:00,3.0,17:00,1,4.5,0,50.0,0.0,0.0,0.0,20.0,34.73,0.0,0.0,13.0237,1131.41,1
2026-06-02 01:10:00,1780342800,1.167,1,0,GRID_FALLBACK,16.78,0.0,0.04,3.92,0.0,0.05,0.05,24.97,RUNNING,0.0,OFF,0.0,OFF,9.82,34.79,34.79,0.0,35.0,08:00,17:00,3.0,17:00,1,4.5,0,50.0,0.0,0.0,0.0,20.0,34.74,0.0,0.0,13.0275,1144.44,1
2026-06-02 01:15:00,1780343100,1.25,1,0,GRID_FALLBACK,16.86,0.0,0.09,4.67,0.0,0.32,0.32,24.42,RUNNING,0.0,OFF,0.0,OFF,10.07,34.49,34.49,0.0,35.0,08:00,17:00,3.0,17:00,1,4.5,0,50.0,0.0,0.0,0.0,20.0,34.17,0.0,0.0,12.8138,1157.25,1
2026-06-02 01:20:00,1780343400,1.333,1,0,GRID_FALLBACK,16.82,0.0,0.02,4.66,0.0,0.32,0.32,25.05,RUNNING,0.0,OFF,0.0,OFF,10.08,35.13,35.13,0.0,35.0,08:00,17:00,3.0,17:00,1,4.5,0,50.0,0.0,0.0,0.0,20.0,34.81,0.0,0.0,13.0538,1170.31,1
2026-06-02 01:25:00,1780343700,1.417,1,0,GRID_FALLBACK,16.32,0.0,0.04,4.78,0.0,0.39,0.39,24.36,RUNNING,0.0,OFF,0.0,OFF,10.16,34.52,34.52,0.0,35.0,08:00,17:00,3.0,17:00,1,4.5,0,50.0,0.0,0.0,0.0,20.0,34.13,0.0,0.0,12.7988,1183.11,1
2026-06-02 01:30:00,1780344000,1.5,1,0,GRID_FALLBACK,16.21,0.0,0.06,5.16,0.0,0.7,0.7,24.85,RUNNING,0.0,OFF,0.0,OFF,10.26,35.11,35.11,0.0,35.0,08:00,17:00,3.0,17:00,1,4.5,0,50.0,0.0,0.0,0.0,20.0,34.41,0.0,0.0,12.9037,1196.01,1
2026-06-02 01:35:00,1780344300,1.583,1,0,GRID_FALLBACK,16.85,0.0,0.05,4.04,0.0,0.08,0.08,25.74,RUNNING,0.0,OFF,0.0,OFF,9.89,35.63,35.63,0.0,35.0,08:00,17:00,3.0,17:00,1,4.5,0,50.0,0.0,0.0,0.0,20.0,35.55,0.0,0.0,13.3313,1209.34,1
2026-06-02 01:40:00,1780344600,1.667,1,0,GRID_FALLBACK,16.6,0.0,0.09,3.91,0.0,0.05,0.05,25.12,RUNNING,0.0,OFF,0.0,OFF,10.02,35.14,35.14,0.0,35.0,08:00,17:00,3.0,17:00,1,4.5,0,50.0,0.0,0.0,0.0,20.0,35.09,0.0,0.0,13.1588,1222.5,1
2026-06-02 01:45:00,1780344900,1.75,1,0,GRID_FALLBACK,16.6,0.0,0.09,5.27,0.0,0.8,0.8,24.48,RUNNING,0.0,OFF,0.0,OFF,10.23,34.71,34.71,0.0,35.0,08:00,17:00,3.0,17:00,1,4.5,0,50.0,0.0,0.0,0.0,20.0,33.91,0.0,0.0,12.7163,1235.22,1
2026-06-02 01:50:00,1780345200,1.833,1,0,GRID_FALLBACK,16.11,0.0,0.09,5.45,0.0,1.01,1.01,24.84,RUNNING,0.0,OFF,0.0,OFF,10.0,34.83,34.83,0.0,35.0,08:00,17:00,3.0,17:00,1,4.5,0,50.0,0.0,0.0,0.0,20.0,33.82,0.0,0.0,12.6825,1247.9,1
2026-06-02 01:55:00,1780345500,1.917,1,0,GRID_FALLBACK,16.67,0.0,0.1,5.38,0.0,0.93,0.93,25.6,RUNNING,0.0,OFF,0.0,OFF,9.71,35.31,35.31,0.0,35.0,08:00,17:00,3.0,17:00,1,4.5,0,50.0,0.0,0.0,0.0,20.0,34.38,0.0,0.0,12.8925,1260.79,1
2026-06-02 02:00:00,1780345800,2.0,1,0,GRID_FALLBACK,16.33,0.0,0.01,5.52,0.0,1.1,1.1,24.66,RUNNING,0.0,OFF,0.0,OFF,10.29,34.95,34.95,0.0,35.0,08:00,17:00,3.0,17:00,1,4.5,0,50.0,0.0,0.0,0.0,20.0,33.85,0.0,0.0,12.6938,1273.49,1
2026-06-02 02:05:00,1780346100,2.083,1,0,GRID_FALLBACK,16.26,0.0,0.05,5.5,0.0,1.07,1.07,25.56,RUNNING,0.0,OFF,0.0,OFF,9.98,35.54,35.54,0.0,35.0,08:00,17:00,3.0,17:00,1,4.5,0,50.0,0.0,0.0,0.0,20.0,34.47,0.0,0.0,12.9262,1286.41,1
2026-06-02 02:10:00,1780346400,2.167,1,0,GRID_FALLBACK,15.94,0.0,0.01,4.31,0.0,0.15,0.15,24.93,RUNNING,0.0,OFF,0.0,OFF,9.85,34.79,34.79,0.0,35.0,08:00,17:00,3.0,17:00,1,4.5,0,50.0,0.0,0.0,0.0,20.0,34.64,0.0,0.0,12.99,1299.4,1
2026-06-02 02:15:00,1780346700,2.25,1,0,GRID_FALLBACK,15.9,0.0,0.07,5.36,0.0,0.9,0.9,25.11,RUNNING,0.0,OFF,0.0,OFF,10.15,35.26,35.26,0.0,35.0,08:00,17:00,3.0,17:00,1,4.5,0,50.0,0.0,0.0,0.0,20.0,34.36,0.0,0.0,12.885,1312.29,1
2026-06-02 02:20:00,1780347000,2.333,1,0,GRID_FALLBACK,15.86,0.0,0.09,5.58,0.0,1.18,1.18,25.52,RUNNING,0.0,OFF,0.0,OFF,10.01,35.53,35.53,0.0,35.0,08:00,17:00,3.0,17:00,1,4.5,0,50.0,0.0,0.0,0.0,20.0,34.35,0.0,0.0,12.8813,1325.17,1
2026-06-02 02:25:00,1780347300,2.417,1,0,GRID_FALLBACK,15.76,0.0,0.07,4.49,0.0,0.23,0.23,24.42,RUNNING,0.0,OFF,0.0,OFF,9.89,34.32,34.32,0.0,35.0,08:00,17:00,3.0,17:00,1,4.5,0,50.0,0.0,0.0,0.0,20.0,34.09,0.0,0.0,12.7838,1337.95,1
2026-06-02 02:30:00,1780347600,2.5,1,0,GRID_FALLBACK,15.87,0.0,0.03,4.62,0.0,0.29,0.29,25.41,RUNNING,0.0,OFF,0.0,OFF,10.27,35.68,35.68,0.0,35.0,08:00,17:00,3.0,17:00,1,4.5,0,50.0,0.0,0.0,0.0,20.0,35.39,0.0,0.0,13.2712,1351.22,1
2026-06-02 02:35:00,1780347900,2.583,1,0,GRID_FALLBACK,15.89,0.0,0.07,4.31,0.0,0.15,0.15,25.25,RUNNING,0.0,OFF,0.0,OFF,10.12,35.36,35.36,0.0,35.0,08:00,17:00,3.0,17:00,1,4.5,0,50.0,0.0,0.0,0.0,20.0,35.21,0.0,0.0,13.2037,1364.43,1
2026-06-02 02:40:00,1780348200,2.667,1,0,GRID_FALLBACK,15.68,0.0,0.01,4.84,0.0,0.42,0.42,24.85,RUNNING,0.0,OFF,0.0,OFF,10.0,34.85,34.85,0.0,35.0,08:00,17:00,3.0,17:00,1,4.5,0,50.0,0.0,0.0,0.0,20.0,34.43,0.0,0.0,12.9112,1377.34,1
2026-06-02 02:45:00,1780348500,2.75,1,0,GRID_FALLBACK,16.33,0.0,0.07,4.89,0.0,0.47,0.47,24.39,RUNNING,0.0,OFF,0.0,OFF,10.25,34.64,34.64,0.0,35.0,08:00,17:00,3.0,17:00,1,4.5,0,50.0,0.0,0.0,0.0,20.0,34.17,0.0,0.0,12.8138,1390.15,1
2026-06-02 02:50:00,1780348800,2.833,1,0,GRID_FALLBACK,15.84,0.0,0.06,4.8,0.0,0.4,0.4,24.41,RUNNING,0.0,OFF,0.0,OFF,9.79,34.21,34.21,0.0,35.0,08:00,17:00,3.0,17:00,1,4.5,0,50.0,0.0,0.0,0.0,20.0,33.81,0.0,0.0,12.6788,1402.83,1
2026-06-02 02:55:00,1780349100,2.917,1,0,GRID_FALLBACK,16.2,0.0,0.06,5.17,0.0,0.7,0.7,25.08,RUNNING,0.0,OFF,0.0,OFF,9.98,35.06,35.06,0.0,35.0,08:00,17:00,3.0,17:00,1,4.5,0,50.0,0.0,0.0,0.0,20.0,34.36,0.0,0.0,12.885,1415.72,1
2026-06-02 03:00:00,1780349400,3.0,1,0,GRID_FALLBACK,16.03,0.0,0.07,4.9,0.0,0.47,0.47,24.6,RUNNING,0.0,OFF,0.0,OFF,10.15,34.75,34.75,0.0,35.0,08:00,17:00,3.0,17:00,1,4.5,0,50.0,0.0,0.0,0.0,20.0,34.28,0.0,0.0,12.855,1428.57,1
2026-06-02 03:05:00,1780349700,3.083,1,0,GRID_FALLBACK,16.3,0.0,0.01,5.32,0.0,0.86,0.86,25.33,RUNNING,0.0,OFF,0.0,OFF,9.75,35.07,35.07,0.0,35.0,08:00,17:00,3.0,17:00,1,4.5,0,50.0,0.0,0.0,0.0,20.0,34.21,0.0,0.0,12.8287,1441.4,1
2026-06-02 03:10:00,1780350000,3.167,1,0,GRID_FALLBACK,16.06,0.0,0.01,5.54,0.0,1.12,1.12,25.01,RUNNING,0.0,OFF,0.0,OFF,10.04,35.05,35.05,0.0,35.0,08:00,17:00,3.0,17:00,1,4.5,0,50.0,0.0,0.0,0.0,20.0,33.93,0.0,0.0,12.7237,1454.12,1
2026-06-02 03:15:00,1780350300,3.25,1,0,GRID_FALLBACK,15.74,0.0,0.03,5.54,0.0,1.13,1.13,24.39,RUNNING,0.0,OFF,0.0,OFF,9.82,34.21,34.21,0.0,35.0,08:00,17:00,3.0,17:00,1,4.5,0,50.0,0.0,0.0,0.0,20.0,33.08,0.0,0.0,12.405,1466.53,1
2026-06-02 03:20:00,1780350600,3.333,1,0,GRID_FALLBACK,16.1,0.0,0.01,5.58,0.0,1.18,1.18,25.49,RUNNING,0.0,OFF,0.0,OFF,9.97,35.47,35.47,0.0,35.0,08:00,17:00,3.0,17:00,1,4.5,0,50.0,0.0,0.0,0.0,20.0,34.29,0.0,0.0,12.8588,1479.39,1
2026-06-02 03:25:00,1780350900,3.417,1,0,GRID_FALLBACK,16.06,0.0,0.05,4.91,0.0,0.48,0.48,24.94,RUNNING,0.0,OFF,0.0,OFF,10.18,35.12,35.12,0.0,35.0,08:00,17:00,3.0,17:00,1,4.5,0,50.0,0.0,0.0,0.0,20.0,34.64,0.0,0.0,12.99,1492.38,1
2026-06-02 03:30:00,1780351200,3.5,1,0,GRID_FALLBACK,16.25,0.0,0.04,6.18,0.0,2.21,2.21,25.39,RUNNING,0.0,OFF,0.0,OFF,10.05,35.44,35.44,0.0,35.0,08:00,17:00,3.0,17:00,1,4.5,0,50.0,0.0,0.0,0.0,20.0,33.23,0.0,0.0,12.4612,1504.84,1
2026-06-02 03:35:00,1780351500,3.583,1,0,GRID_FALLBACK,15.73,0.0,0.03,5.03,0.0,0.57,0.57,25.79,RUNNING,0.0,OFF,0.0,OFF,10.26,36.05,36.05,0.0,35.0,08:00,17:00,3.0,17:00,1,4.5,0,50.0,0.0,0.0,0.0,20.0,35.48,0.0,0.0,13.305,1518.14,1
2026-06-02 03:40:00,1780351800,3.667,1,0,GRID_FALLBACK,15.78,0.0,0.09,5.03,0.0,0.58,0.58,24.85,RUNNING,0.0,OFF,0.0,OFF,10.16,35.02,35.02,0.0,35.0,08:00,17:00,3.0,17:00,1,4.5,0,50.0,0.0,0.0,0.0,20.0,34.44,0.0,0.0,12.915,1531.06,1
2026-06-02 03:45:00,1780352100,3.75,1,0,GRID_FALLBACK,16.37,0.0,0.1,6.07,0.0,1.98,1.98,24.87,RUNNING,0.0,OFF,0.0,OFF,10.3,35.17,35.17,0.0,35.0,08:00,17:00,3.0,17:00,1,4.5,0,50.0,0.0,0.0,0.0,20.0,33.19,0.0,0.0,12.4463,1543.5,1
2026-06-02 03:50:00,1780352400,3.833,1,0,GRID_FALLBACK,16.1,0.0,0.09,6.54,0.0,3.05,3.05,24.8,RUNNING,0.0,OFF,0.0,OFF,10.11,34.91,34.91,0.0,35.0,08:00,17:00,3.0,17:00,1,4.5,0,50.0,0.0,0.0,0.0,20.0,31.86,0.0,0.0,11.9475,1555.45,1
2026-06-02 03:55:00,1780352700,3.917,1,0,GRID_FALLBACK,16.36,0.0,0.05,6.19,0.0,2.23,2.23,24.76,RUNNING,0.0,OFF,0.0,OFF,9.81,34.56,34.56,0.0,35.0,08:00,17:00,3.0,17:00,1,4.5,0,50.0,0.0,0.0,0.0,20.0,32.33,0.0,0.0,12.1238,1567.58,1
2026-06-02 04:00:00,1780353000,4.0,1,0,GRID_FALLBACK,16.3,0.0,0.05,6.36,0.0,2.61,2.61,24.56,RUNNING,0.0,OFF,0.0,OFF,9.7,34.26,34.26,0.0,35.0,08:00,17:00,3.0,17:00,1,4.5,0,50.0,0.0,0.0,0.0,20.0,31.65,0.0,0.0,11.8687,1579.44,1
2026-06-02 04:05:00,1780353300,4.083,1,0,GRID_FALLBACK,15.94,0.0,0.03,6.33,0.0,2.54,2.54,25.07,RUNNING,0.0,OFF,0.0,OFF,10.02,35.09,35.09,0.0,35.0,08:00,17:00,3.0,17:00,1,4.5,0,50.0,0.0,0.0,0.0,20.0,32.55,0.0,0.0,12.2063,1591.65,1
2026-06-02 04:10:00,1780353600,4.167,1,0,GRID_FALLBACK,16.63,0.0,0.02,5.86,0.0,1.61,1.61,24.64,RUNNING,0.0,OFF,0.0,OFF,10.26,34.9,34.9,0.0,35.0,08:00,17:00,3.0,17:00,1,4.5,0,50.0,0.0,0.0,0.0,20.0,33.29,0.0,0.0,12.4838,1604.13,1
2026-06-02 04:15:00,1780353900,4.25,1,0,GRID_FALLBACK,16.6,0.0,0.01,6.66,0.0,3.36,3.36,24.87,RUNNING,0.0,OFF,0.0,OFF,10.16,35.03,35.03,0.0,35.0,08:00,17:00,3.0,17:00,1,4.5,0,50.0,0.0,0.0,0.0,20.0,31.67,0.0,0.0,11.8763,1616.01,1
2026-06-02 04:20:00,1780354200,4.333,1,0,GRID_FALLBACK,16.79,0.0,0.0,5.75,0.0,1.42,1.42,24.36,RUNNING,0.0,OFF,0.0,OFF,9.72,34.08,34.08,0.0,35.0,08:00,17:00,3.0,17:00,1,4.5,0,50.0,0.0,0.0,0.0,20.0,32.66,0.0,0.0,12.2475,1628.26,1
2026-06-02 04:25:00,1780354500,4.417,1,0,GRID_FALLBACK,16.62,0.0,0.07,5.55,0.0,1.14,1.14,25.38,RUNNING,0.0,OFF,0.0,OFF,9.94,35.33,35.33,0.0,35.0,08:00,17:00,3.0,17:00,1,4.5,0,50.0,0.0,0.0,0.0,20.0,34.19,0.0,0.0,12.8212,1641.08,1
2026-06-02 04:30:00,1780354800,4.5,1,0,GRID_FALLBACK,16.4,0.0,0.02,6.91,0.0,4.09,4.09,24.29,RUNNING,0.0,OFF,0.0,OFF,10.0,34.29,34.29,0.0,35.0,08:00,17:00,3.0,17:00,1,4.5,0,50.0,0.0,0.0,0.0,20.0,30.2,0.0,0.0,11.325,1652.4,1
2026-06-02 04:35:00,1780355100,4.583,1,0,GRID_FALLBACK,16.51,0.0,0.08,6.75,0.0,3.62,3.62,24.71,RUNNING,0.0,OFF,0.0,OFF,10.06,34.77,34.77,0.0,35.0,08:00,17:00,3.0,17:00,1,4.5,0,50.0,0.0,0.0,0.0,20.0,31.15,0.0,0.0,11.6813,1664.09,1
2026-06-02 04:40:00,1780355400,4.667,1,0,GRID_FALLBACK,16.89,0.0,0.03,6.12,0.0,2.08,2.08,24.43,RUNNING,0.0,OFF,0.0,OFF,10.1,34.53,34.53,0.0,35.0,08:00,17:00,3.0,17:00,1,4.5,0,50.0,0.0,0.0,0.0,20.0,32.45,0.0,0.0,12.1687,1676.25,1
2026-06-02 04:45:00,1780355700,4.75,1,0,GRID_FALLBACK,16.6,0.0,0.03,5.79,0.0,1.48,1.48,25.72,RUNNING,0.0,OFF,0.0,OFF,10.23,35.95,35.95,0.0,35.0,08:00,17:00,3.0,17:00,1,4.5,0,50.0,0.0,0.0,0.0,20.0,34.47,0.0,0.0,12.9263,1689.18,1
2026-06-02 04:50:00,1780356000,4.833,1,0,GRID_FALLBACK,17.23,0.0,0.06,6.42,0.0,2.75,2.75,24.99,RUNNING,0.0,OFF,0.0,OFF,10.28,35.28,35.28,0.0,35.0,08:00,17:00,3.0,17:00,1,4.5,0,50.0,0.0,0.0,0.0,20.0,32.53,0.0,0.0,12.1987,1701.38,1
2026-06-02 04:55:00,1780356300,4.917,1,0,GRID_FALLBACK,17.34,0.0,0.07,7.05,0.0,4.56,4.56,24.71,RUNNING,0.0,OFF,0.0,OFF,9.95,34.66,34.66,0.0,35.0,08:00,17:00,3.0,17:00,1,4.5,0,50.0,0.0,0.0,0.0,20.0,30.1,0.0,0.0,11.2875,1712.67,1
2026-06-02 05:00:00,1780356600,5.0,1,0,GRID_FALLBACK,16.79,0.0,0.04,7.05,0.0,4.57,4.57,24.96,RUNNING,0.0,OFF,0.0,OFF,10.21,35.17,35.17,0.0,35.0,08:00,17:00,3.0,17:00,1,4.5,0,50.0,0.0,0.0,0.0,20.0,30.6,0.0,0.0,11.475,1724.14,1
2026-06-02 05:05:00,1780356900,5.083,1,0,GRID_FALLBACK,17.0,0.0,0.07,7.19,0.0,5.04,5.04,25.66,RUNNING,0.0,OFF,0.0,OFF,10.04,35.7,35.7,0.0,35.0,08:00,17:00,3.0,17:00,1,4.5,0,50.0,0.0,0.0,0.0,20.0,30.66,0.0,0.0,11.4975,1735.64,1
2026-06-02 05:10:00,1780357200,5.167,1,0,GRID_FALLBACK,17.63,0.0,0.06,6.17,0.0,2.18,2.18,24.59,RUNNING,0.0,OFF,0.0,OFF,9.82,34.41,34.41,0.0,35.0,08:00,17:00,3.0,17:00,1,4.5,0,50.0,0.0,0.0,0.0,20.0,32.23,0.0,0.0,12.0862,1747.73,1
2026-06-02 05:15:00,1780357500,5.25,1,0,GRID_FALLBACK,17.47,0.0,0.09,7.36,0.0,5.68,5.68,24.35,RUNNING,0.0,OFF,0.0,OFF,10.13,34.48,34.48,0.0,35.0,08:00,17:00,3.0,17:00,1,4.5,0,50.0,0.0,0.0,0.0,20.0,28.8,0.0,0.0,10.8,1758.53,1
2026-06-02 05:20:00,1780357800,5.333,1,0,GRID_FALLBACK,17.2,0.0,0.03,7.13,0.0,4.84,4.84,25.16,RUNNING,0.0,OFF,0.0,OFF,10.22,35.39,35.39,0.0,35.0,08:00,17:00,3.0,17:00,1,4.5,0,50.0,0.0,0.0,0.0,20.0,30.55,0.0,0.0,11.4562,1769.98,1
2026-06-02 05:25:00,1780358100,5.417,1,0,GRID_FALLBACK,17.3,0.0,0.08,7.26,0.0,5.32,5.32,25.09,RUNNING,0.0,OFF,0.0,OFF,9.99,35.08,35.08,0.0,35.0,08:00,17:00,3.0,17:00,1,4.5,0,50.0,0.0,0.0,0.0,20.0,29.76,0.0,0.0,11.16,1781.14,1
2026-06-02 05:30:00,1780358400,5.5,1,0,GRID_FALLBACK,17.95,0.0,0.03,7.69,0.0,7.07,7.07,24.22,RUNNING,0.0,OFF,0.0,OFF,10.26,34.49,34.49,0.0,35.0,08:00,17:00,3.0,17:00,1,4.5,0,50.0,0.0,0.0,0.0,20.0,27.42,0.0,0.0,10.2825,1791.42,1
2026-06-02 05:35:00,1780358700,5.583,1,0,GRID_FALLBACK,18.13,0.0,0.01,7.81,0.0,7.61,7.61,24.97,RUNNING,0.0,OFF,0.0,OFF,9.85,34.81,34.81,0.0,35.0,08:00,17:00,3.0,17:00,1,4.5,0,50.0,0.0,0.0,0.0,20.0,27.2,0.0,0.0,10.2,1801.62,1
2026-06-02 05:40:00,1780359000,5.667,1,0,GRID_FALLBACK,17.96,0.0,0.02,7.72,0.0,7.22,7.22,25.08,RUNNING,0.0,OFF,0.0,OFF,10.17,35.25,35.25,0.0,35.0,08:00,17:00,3.0,17:00,1,4.5,0,50.0,0.0,0.0,0.0,20.0,28.03,0.0,0.0,10.5113,1812.14,1
2026-06-02 05:45:00,1780359300,5.75,1,0,GRID_FALLBACK,17.89,0.0,0.05,6.88,0.0,4.01,4.01,24.62,RUNNING,0.0,OFF,0.0,OFF,10.01,34.63,34.63,0.0,35.0,08:00,17:00,3.0,17:00,1,4.5,0,50.0,0.0,0.0,0.0,20.0,30.62,0.0,0.0,11.4825,1823.62,1
2026-06-02 05:50:00,1780359600,5.833,1,0,GRID_FALLBACK,18.1,0.0,0.01,7.92,0.0,8.19,8.19,24.95,RUNNING,0.0,OFF,0.0,OFF,10.2,35.16,35.16,0.0,35.0,08:00,17:00,3.0,17:00,1,4.5,0,50.0,0.0,0.0,0.0,20.0,26.97,0.0,0.0,10.1137,1833.73,1
2026-06-02 05:55:00,1780359900,5.917,1,0,GRID_FALLBACK,18.55,0.0,0.04,7.06,0.0,4.61,4.61,25.1,RUNNING,0.0,OFF,0.0,OFF,9.83,34.93,34.93,0.0,35.0,08:00,17:00,3.0,17:00,1,4.5,0,50.0,0.0,0.0,0.0,20.0,30.32,0.0,0.0,11.37,1845.1,1
2026-06-02 06:00:00,1780360200,6.0,1,0,GRID_FALLBACK,18.06,0.0,0.03,7.95,0.08,8.3,8.38,24.87,RUNNING,0.0,OFF,0.0,OFF,9.79,34.66,34.66,0.0,35.0,08:00,17:00,3.0,17:00,1,4.5,0,50.0,0.0,0.0,0.0,20.0,26.28,0.0,0.0,9.855,1854.96,1
2026-06-02 06:05:00,1780360500,6.083,1,0,GRID_FALLBACK,18.33,21.0,0.04,7.83,2.15,7.73,9.88,25.25,RUNNING,0.0,OFF,0.0,OFF,10.11,35.36,35.36,0.0,35.0,08:00,17:00,3.0,17:00,1,4.5,0,50.0,0.0,0.0,0.0,20.0,25.48,0.0,0.0,9.555,1864.51,1
2026-06-02 06:10:00,1780360800,6.167,1,0,GRID_FALLBACK,18.4,40.0,0.08,8.09,4.25,9.04,13.29,24.98,RUNNING,0.0,OFF,0.0,OFF,9.8,34.79,34.79,0.0,35.0,08:00,17:00,3.0,17:00,1,4.5,0,50.0,0.0,0.0,0.0,20.0,21.5,0.0,0.0,8.0625,1872.57,1
2026-06-02 06:15:00,1780361100,6.25,1,0,GRID_FALLBACK,18.96,64.3,0.02,7.74,6.57,7.31,13.88,25.67,RUNNING,0.0,OFF,0.0,OFF,10.03,35.69,35.69,0.0,35.0,08:00,17:00,3.0,17:00,1,4.5,0,50.0,0.0,0.0,0.0,20.0,21.81,0.0,0.0,8.1787,1880.75,1
2026-06-02 06:20:00,1780361400,6.333,1,0,GRID_FALLBACK,18.97,86.6,0.01,6.69,9.22,3.44,12.66,25.71,RUNNING,0.0,OFF,0.0,OFF,10.1,35.81,35.81,0.0,35.0,08:00,17:00,3.0,17:00,1,4.5,0,50.0,0.0,0.0,0.0,20.0,23.15,0.0,0.0,8.6813,1889.43,1
2026-06-02 06:25:00,1780361700,6.417,1,0,GRID_FALLBACK,19.2,104.4,0.04,8.03,10.41,8.71,19.12,25.33,RUNNING,0.0,OFF,0.0,OFF,9.71,35.04,35.04,0.0,35.0,08:00,17:00,3.0,17:00,1,4.5,0,50.0,0.0,0.0,0.0,20.0,15.92,0.0,0.0,5.97,1895.4,1
2026-06-02 06:30:00,1780362000,6.5,1,0,GRID_FALLBACK,19.13,125.7,0.04,7.71,13.03,7.17,20.2,25.19,RUNNING,0.0,OFF,0.0,OFF,9.99,35.18,35.18,0.0,35.0,08:00,17:00,3.0,17:00,1,4.5,0,50.0,0.0,0.0,0.0,20.0,14.98,0.0,0.0,5.6175,1901.02,1
2026-06-02 06:35:00,1780362300,6.583,1,0,GRID_FALLBACK,19.26,152.0,0.0,7.65,15.06,6.88,21.95,25.05,RUNNING,0.0,OFF,0.0,OFF,9.86,34.91,34.91,0.0,35.0,08:00,17:00,3.0,17:00,1,4.5,0,50.0,0.0,0.0,0.0,20.0,12.96,0.0,0.0,4.86,1905.88,1
2026-06-02 06:40:00,1780362600,6.667,1,0,GRID_FALLBACK,19.79,173.4,0.0,8.11,17.87,9.14,27.01,25.49,RUNNING,0.0,OFF,0.0,OFF,10.25,35.74,35.74,0.0,35.0,08:00,17:00,3.0,17:00,1,4.5,0,50.0,0.0,0.0,0.0,20.0,8.73,0.0,0.0,3.2738,1909.16,1
2026-06-02 06:45:00,1780362900,6.75,1,0,GRID_FALLBACK,19.24,193.2,0.01,7.09,19.46,4.68,24.14,25.04,RUNNING,0.0,OFF,0.0,OFF,10.19,35.23,35.23,0.0,35.0,08:00,17:00,3.0,17:00,1,4.5,0,50.0,0.0,0.0,0.0,20.0,11.09,0.0,0.0,4.1587,1913.31,1
2026-06-02 06:50:00,1780363200,6.833,1,0,GRID_FALLBACK,19.52,207.8,0.04,7.49,21.15,6.19,27.34,25.1,RUNNING,0.0,OFF,0.0,OFF,10.29,35.4,35.4,0.0,35.0,08:00,17:00,3.0,17:00,1,4.5,0,50.0,0.0,0.0,0.0,20.0,8.06,0.0,0.0,3.0225,1916.34,1
2026-06-02 06:55:00,1780363500,6.917,1,0,GRID_FALLBACK,19.63,221.4,0.07,8.29,22.77,10.13,32.9,25.57,RUNNING,0.0,OFF,0.0,OFF,10.16,35.73,35.73,0.0,35.0,08:00,17:00,3.0,17:00,1,4.5,0,50.0,0.0,0.0,0.0,20.0,2.83,0.0,0.0,1.0612,1917.4,1
2026-06-02 07:00:00,1780363800,7.0,1,0,GRID_FALLBACK,19.67,249.0,0.04,7.85,24.99,7.83,32.82,24.22,RUNNING,0.0,OFF,0.0,OFF,9.8,34.02,34.02,0.0,35.0,08:00,17:00,3.0,17:00,1,4.5,0,50.0,0.0,0.0,0.0,20.0,1.2,0.0,0.0,0.45,1917.85,1
2026-06-02 07:05:00,1780364100,7.083,1,0,BATTERY_CHARGING,20.15,267.7,0.04,8.26,27.35,9.99,37.34,25.57,RUNNING,0.0,OFF,0.0,OFF,9.76,35.33,35.33,0.0,35.0,08:00,17:00,3.0,17:00,1,4.5,0,50.0,2.01,2.01,0.0,20.08,0.0,0.0,0.0,0.0,1917.85,1
2026-06-02 07:10:00,1780364400,7.167,1,0,BATTERY_CHARGING,20.33,299.4,0.0,7.38,30.87,5.77,36.64,25.62,RUNNING,0.0,OFF,0.0,OFF,9.99,35.61,35.61,0.0,35.0,08:00,17:00,3.0,17:00,1,4.5,0,50.0,1.03,1.03,0.0,20.12,0.0,0.0,0.0,0.0,1917.85,1
2026-06-02 07:15:00,1780364700,7.25,1,0,BATTERY_CHARGING,20.1,319.0,0.01,8.56,32.93,11.79,44.72,25.1,RUNNING,0.0,OFF,0.0,OFF,9.72,34.82,34.82,0.0,35.0,08:00,17:00,3.0,17:00,1,4.5,0,50.0,9.9,9.9,0.0,20.51,0.0,0.0,0.0,0.0,1917.85,1
2026-06-02 07:20:00,1780365000,7.333,1,0,BATTERY_CHARGING,20.96,331.3,0.03,8.65,33.75,12.39,46.14,25.4,RUNNING,0.0,OFF,0.0,OFF,10.13,35.53,35.53,0.0,35.0,08:00,17:00,3.0,17:00,1,4.5,0,50.0,10.61,10.61,0.0,20.93,0.0,0.0,0.0,0.0,1917.85,1
2026-06-02 07:25:00,1780365300,7.417,1,0,BATTERY_CHARGING,20.7,359.6,0.01,7.41,36.32,5.88,42.21,25.54,RUNNING,0.0,OFF,0.0,OFF,9.93,35.47,35.47,0.0,35.0,08:00,17:00,3.0,17:00,1,4.5,0,50.0,6.74,6.74,0.0,21.2,0.0,0.0,0.0,0.0,1917.85,1
2026-06-02 07:30:00,1780365600,7.5,1,0,BATTERY_CHARGING,21.26,370.0,0.03,8.39,37.19,10.75,47.95,25.78,RUNNING,0.0,OFF,0.0,OFF,10.13,35.92,35.92,0.0,35.0,08:00,17:00,3.0,17:00,1,4.5,0,50.0,12.03,12.03,0.0,21.68,0.0,0.0,0.0,0.0,1917.85,1
2026-06-02 07:35:00,1780365900,7.583,1,0,BATTERY_CHARGING,21.1,363.5,0.1,7.3,36.85,5.46,42.32,25.54,RUNNING,0.0,OFF,0.0,OFF,9.9,35.45,35.45,0.0,35.0,08:00,17:00,3.0,17:00,1,4.5,0,50.0,6.87,6.87,0.0,21.95,0.0,0.0,0.0,0.0,1917.85,1
2026-06-02 07:40:00,1780366200,7.667,1,0,BATTERY_CHARGING,21.48,382.3,0.1,7.88,39.04,7.98,47.02,24.25,RUNNING,0.0,OFF,0.0,OFF,9.86,34.11,34.11,0.0,35.0,08:00,17:00,3.0,17:00,1,4.5,0,50.0,12.91,12.91,0.0,22.46,0.0,0.0,0.0,0.0,1917.85,1
2026-06-02 07:45:00,1780366500,7.75,1,0,BATTERY_CHARGING,21.82,420.6,0.05,7.85,43.03,7.81,50.85,24.89,RUNNING,0.0,OFF,0.0,OFF,10.11,35.0,35.0,0.0,35.0,08:00,17:00,3.0,17:00,1,4.5,0,50.0,15.85,15.85,0.0,23.09,0.0,0.0,0.0,0.0,1917.85,1
2026-06-02 07:50:00,1780366800,7.833,1,0,BATTERY_CHARGING,21.72,457.8,0.01,8.3,46.68,10.2,56.88,25.34,RUNNING,0.0,OFF,0.0,OFF,9.75,35.09,35.09,0.0,35.0,08:00,17:00,3.0,17:00,1,4.5,0,50.0,21.79,21.79,0.0,23.95,0.0,0.0,0.0,0.0,1917.85,1
2026-06-02 07:55:00,1780367100,7.917,1,0,BATTERY_CHARGING,21.48,446.8,0.07,8.35,45.54,10.51,56.06,24.71,RUNNING,0.0,OFF,0.0,OFF,9.76,34.47,34.47,0.0,35.0,08:00,17:00,3.0,17:00,1,4.5,0,50.0,21.59,21.59,0.0,24.8,0.0,0.0,0.0,0.0,1917.85,1
2026-06-02 08:00:00,1780367400,8.0,1,0,BATTERY_CHARGING,21.53,484.6,0.03,7.94,48.9,8.27,57.17,24.41,RUNNING,19.56,RUNNING,0.0,OFF,9.97,53.94,34.38,0.0,35.0,08:00,17:00,3.0,17:00,1,4.5,0,50.0,3.23,3.23,0.0,24.93,0.0,0.0,0.0,0.0,1917.85,1
2026-06-02 08:05:00,1780367700,8.083,1,0,BATTERY_CHARGING,22.14,497.6,0.04,7.43,50.18,5.98,56.16,24.35,RUNNING,20.14,RUNNING,0.0,OFF,9.89,54.38,34.24,0.0,35.0,08:00,17:00,3.0,17:00,1,4.5,0,50.0,1.78,1.78,0.0,25.0,0.0,0.0,0.0,0.0,1917.85,1
2026-06-02 08:10:00,1780368000,8.167,1,0,BATTERY_CHARGING,22.18,521.6,0.03,8.04,52.34,8.77,61.11,25.64,RUNNING,20.57,RUNNING,0.0,OFF,10.29,56.5,35.93,0.0,35.0,08:00,17:00,3.0,17:00,1,4.5,0,50.0,4.61,4.61,0.0,25.18,0.0,0.0,0.0,0.0,1917.85,1
2026-06-02 08:15:00,1780368300,8.25,1,0,BATTERY_CHARGING,22.5,546.1,0.02,8.05,54.8,8.84,63.64,24.68,RUNNING,19.99,RUNNING,0.0,OFF,9.74,54.41,34.42,0.0,35.0,08:00,17:00,3.0,17:00,1,4.5,0,50.0,9.23,9.23,0.0,25.55,0.0,0.0,0.0,0.0,1917.85,1
2026-06-02 08:20:00,1780368600,8.333,1,0,BATTERY_CHARGING,22.56,549.4,0.04,8.24,55.06,9.87,64.93,24.6,RUNNING,19.65,RUNNING,0.0,OFF,10.08,54.32,34.68,0.0,35.0,08:00,17:00,3.0,17:00,1,4.5,0,50.0,10.61,10.61,0.0,25.97,0.0,0.0,0.0,0.0,1917.85,1
2026-06-02 08:25:00,1780368900,8.417,1,0,BATTERY_CHARGING,22.86,579.7,0.02,7.66,58.28,6.94,65.21,25.72,RUNNING,19.77,RUNNING,0.0,OFF,10.07,55.56,35.79,0.0,35.0,08:00,17:00,3.0,17:00,1,4.5,0,50.0,9.65,9.65,0.0,26.35,0.0,0.0,0.0,0.0,1917.85,1
2026-06-02 08:30:00,1780369200,8.5,1,0,BATTERY_CHARGING,23.2,588.7,0.03,8.05,59.61,8.81,68.42,25.58,RUNNING,20.66,RUNNING,0.0,OFF,9.78,56.02,35.36,0.0,35.0,08:00,17:00,3.0,17:00,1,4.5,0,50.0,12.4,12.4,0.0,26.84,0.0,0.0,0.0,0.0,1917.85,1
2026-06-02 08:35:00,1780369500,8.583,1,0,BATTERY_CHARGING,22.99,566.6,0.09,7.85,56.93,7.83,64.77,25.74,RUNNING,20.66,RUNNING,0.0,OFF,9.87,56.27,35.62,0.0,35.0,08:00,17:00,3.0,17:00,1,4.5,0,50.0,8.5,8.5,0.0,27.18,0.0,0.0,0.0,0.0,1917.85,1
2026-06-02 08:40:00,1780369800,8.667,1,0,BATTERY_CHARGING,23.46,611.2,0.05,8.47,61.24,11.23,72.47,24.8,RUNNING,20.44,RUNNING,0.0,OFF,9.94,55.18,34.74,0.0,35.0,08:00,17:00,3.0,17:00,1,4.5,0,50.0,17.29,17.29,0.0,27.86,0.0,0.0,0.0,0.0,1917.85,1
2026-06-02 08:45:00,1780370100,8.75,1,0,BATTERY_CHARGING,23.17,622.2,0.06,8.51,62.72,11.5,74.22,25.29,RUNNING,20.07,RUNNING,0.0,OFF,10.27,55.63,35.56,0.0,35.0,08:00,17:00,3.0,17:00,1,4.5,0,50.0,18.59,18.59,0.0,28.6,0.0,0.0,0.0,0.0,1917.85,1
2026-06-02 08:50:00,1780370400,8.833,1,0,BATTERY_CHARGING,23.62,627.7,0.07,8.29,62.91,10.13,73.04,25.31,RUNNING,20.45,RUNNING,0.0,OFF,10.18,55.93,35.49,0.0,35.0,08:00,17:00,3.0,17:00,1,4.5,0,50.0,17.11,17.11,0.0,29.28,0.0,0.0,0.0,0.0,1917.85,1
2026-06-02 08:55:00,1780370700,8.917,1,0,BATTERY_CHARGING,23.75,657.0,0.05,8.61,65.77,12.13,77.9,25.25,RUNNING,20.3,RUNNING,0.0,OFF,10.17,55.73,35.43,0.0,35.0,08:00,17:00,3.0,17:00,1,4.5,0,50.0,22.17,22.17,0.0,30.15,0.0,0.0,0.0,0.0,1917.85,1
2026-06-02 09:00:00,1780371000,9.0,1,0,NORMAL_OPERATION,23.66,637.1,0.1,8.38,63.95,10.69,74.64,25.01,RUNNING,20.59,RUNNING,35.38,RUNNING,10.03,91.01,35.04,35.38,35.0,08:00,17:00,3.0,17:00,1,4.5,0,50.0,-16.37,0.0,16.37,29.44,0.0,0.0,0.0,0.0,1917.85,1
2026-06-02 09:05:00,1780371300,9.083,1,0,NORMAL_OPERATION,24.41,696.4,0.04,9.06,69.84,15.27,85.11,25.22,RUNNING,19.42,RUNNING,35.54,RUNNING,10.09,90.27,35.32,35.54,35.0,08:00,17:00,3.0,17:00,1,4.5,0,50.0,-5.16,0.0,5.16,29.21,0.0,0.0,0.0,0.0,1917.85,1
2026-06-02 09:10:00,1780371600,9.167,1,0,NORMAL_OPERATION,24.23,689.6,0.06,7.71,69.65,7.17,76.83,25.28,RUNNING,19.86,RUNNING,35.51,RUNNING,10.28,90.93,35.56,35.51,35.0,08:00,17:00,3.0,17:00,1,4.5,0,50.0,-14.1,0.0,14.1,28.59,0.0,0.0,0.0,0.0,1917.85,1
2026-06-02 09:15:00,1780371900,9.25,1,0,NORMAL_OPERATION,24.47,751.0,0.0,8.07,75.28,8.92,84.19,25.03,RUNNING,20.11,RUNNING,35.15,RUNNING,9.97,90.26,35.0,35.15,35.0,08:00,17:00,3.0,17:00,1,4.5,0,50.0,-6.07,0.0,6.07,28.32,0.0,0.0,0.0,0.0,1917.85,1
2026-06-02 09:20:00,1780372200,9.333,1,0,NORMAL_OPERATION,24.61,706.9,0.08,8.6,70.8,12.07,82.87,24.75,RUNNING,19.33,RUNNING,34.21,RUNNING,9.95,88.25,34.7,34.21,35.0,08:00,17:00,3.0,17:00,1,4.5,0,50.0,-5.38,0.0,5.38,28.09,0.0,0.0,0.0,0.0,1917.85,1
2026-06-02 09:25:00,1780372500,9.417,1,0,BATTERY_CHARGING,25.24,770.8,0.01,9.18,76.65,16.16,92.81,24.7,RUNNING,19.94,RUNNING,34.41,RUNNING,9.99,89.04,34.69,34.41,35.0,08:00,17:00,3.0,17:00,1,4.5,0,50.0,3.77,3.77,0.0,28.24,0.0,0.0,0.0,0.0,1917.85,1
2026-06-02 09:30:00,1780372800,9.5,1,0,NORMAL_OPERATION,25.03,758.6,0.04,8.79,75.67,13.34,89.01,24.68,RUNNING,20.43,RUNNING,34.23,RUNNING,10.21,89.55,34.89,34.23,35.0,08:00,17:00,3.0,17:00,1,4.5,0,50.0,-0.54,0.0,0.54,28.21,0.0,0.0,0.0,0.0,1917.85,1
2026-06-02 09:35:00,1780373100,9.583,1,0,NORMAL_OPERATION,25.34,751.8,0.07,7.95,75.57,8.31,83.88,24.59,RUNNING,19.54,RUNNING,34.32,RUNNING,10.04,88.49,34.63,34.32,35.0,08:00,17:00,3.0,17:00,1,4.5,0,50.0,-4.61,0.0,4.61,28.01,0.0,0.0,0.0,0.0,1917.85,1
2026-06-02 09:40:00,1780373400,9.667,1,0,BATTERY_CHARGING,25.76,800.2,0.02,8.34,79.46,10.44,89.89,25.22,RUNNING,19.9,RUNNING,34.06,RUNNING,10.07,89.26,35.29,34.06,35.0,08:00,17:00,3.0,17:00,1,4.5,0,50.0,0.63,0.63,0.0,28.04,0.0,0.0,0.0,0.0,1917.85,1
2026-06-02 09:45:00,1780373700,9.75,1,0,NORMAL_OPERATION,25.32,782.2,0.06,8.32,78.33,10.31,88.64,24.53,RUNNING,20.35,RUNNING,35.62,RUNNING,9.74,90.24,34.27,35.62,35.0,08:00,17:00,3.0,17:00,1,4.5,0,50.0,-1.6,0.0,1.6,27.97,0.0,0.0,0.0,0.0,1917.85,1
2026-06-02 09:50:00,1780374000,9.833,1,0,NORMAL_OPERATION,25.41,769.8,0.09,8.0,76.68,8.56,85.24,24.93,RUNNING,19.67,RUNNING,35.73,RUNNING,10.02,90.34,34.95,35.73,35.0,08:00,17:00,3.0,17:00,1,4.5,0,50.0,-5.1,0.0,5.1,27.74,0.0,0.0,0.0,0.0,1917.85,1
2026-06-02 09:55:00,1780374300,9.917,1,0,BATTERY_CHARGING,26.01,803.9,0.06,8.68,80.15,12.55,92.7,24.76,RUNNING,20.48,RUNNING,35.23,RUNNING,10.19,90.66,34.94,35.23,35.0,08:00,17:00,3.0,17:00,1,4.5,0,50.0,2.04,2.04,0.0,27.82,0.0,0.0,0.0,0.0,1917.85,1
2026-06-02 10:00:00,1780374600,10.0,1,0,BATTERY_CHARGING,26.24,840.3,0.03,8.68,83.2,12.59,95.79,24.41,RUNNING,19.47,RUNNING,34.61,RUNNING,9.81,88.3,34.22,34.61,35.0,08:00,17:00,3.0,17:00,1,4.5,0,50.0,7.49,7.49,0.0,28.12,0.0,0.0,0.0,0.0,1917.85,1
2026-06-02 10:05:00,1780374900,10.083,1,0,BATTERY_CHARGING,26.39,831.9,0.05,8.37,82.37,10.61,92.98,24.81,RUNNING,19.56,RUNNING,35.27,RUNNING,10.12,89.76,34.93,35.27,35.0,08:00,17:00,3.0,17:00,1,4.5,0,50.0,3.22,3.22,0.0,28.25,0.0,0.0,0.0,0.0,1917.85,1
2026-06-02 10:10:00,1780375200,10.167,1,0,BATTERY_CHARGING,26.52,798.3,0.1,8.59,79.34,11.95,91.29,24.42,RUNNING,19.74,RUNNING,34.9,RUNNING,9.73,88.8,34.16,34.9,35.0,08:00,17:00,3.0,17:00,1,4.5,0,50.0,2.49,2.49,0.0,28.35,0.0,0.0,0.0,0.0,1917.85,1
2026-06-02 10:15:00,1780375500,10.25,1,0,BATTERY_CHARGING,26.46,896.0,0.0,7.91,89.39,8.13,97.53,25.74,RUNNING,20.01,RUNNING,34.99,RUNNING,10.11,90.85,35.85,34.99,35.0,08:00,17:00,3.0,17:00,1,4.5,0,50.0,6.68,6.68,0.0,28.61,0.0,0.0,0.0,0.0,1917.85,1
2026-06-02 10:20:00,1780375800,10.333,1,0,BATTERY_CHARGING,26.67,830.2,0.08,8.47,82.05,11.24,93.29,24.25,RUNNING,20.37,RUNNING,34.58,RUNNING,9.86,89.06,34.11,34.58,35.0,08:00,17:00,3.0,17:00,1,4.5,0,50.0,4.23,4.23,0.0,28.78,0.0,0.0,0.0,0.0,1917.85,1
2026-06-02 10:25:00,1780376100,10.417,1,0,BATTERY_CHARGING,26.93,899.9,0.02,8.42,89.54,10.9,100.44,25.43,RUNNING,20.07,RUNNING,34.23,RUNNING,9.77,89.49,35.19,34.23,35.0,08:00,17:00,3.0,17:00,1,4.5,0,50.0,10.95,10.95,0.0,29.21,0.0,0.0,0.0,0.0,1917.85,1
2026-06-02 10:30:00,1780376400,10.5,1,0,BATTERY_CHARGING,27.28,847.8,0.08,8.27,84.33,10.01,94.34,24.27,RUNNING,20.31,RUNNING,35.09,RUNNING,10.29,89.96,34.56,35.09,35.0,08:00,17:00,3.0,17:00,1,4.5,0,50.0,4.38,4.38,0.0,29.38,0.0,0.0,0.0,0.0,1917.85,1
2026-06-02 10:35:00,1780376700,10.583,1,0,BATTERY_CHARGING,26.9,854.6,0.08,8.87,84.61,13.89,98.51,25.8,RUNNING,19.93,RUNNING,34.7,RUNNING,10.19,90.62,35.99,34.7,35.0,08:00,17:00,3.0,17:00,1,4.5,0,50.0,7.89,7.89,0.0,29.7,0.0,0.0,0.0,0.0,1917.85,1
2026-06-02 10:40:00,1780377000,10.667,1,0,BATTERY_CHARGING,27.33,846.3,0.1,8.9,83.58,14.11,97.68,25.5,RUNNING,20.12,RUNNING,34.7,RUNNING,10.13,90.45,35.62,34.7,35.0,08:00,17:00,3.0,17:00,1,4.5,0,50.0,7.23,7.23,0.0,29.98,0.0,0.0,0.0,0.0,1917.85,1
2026-06-02 10:45:00,1780377300,10.75,1,0,BATTERY_CHARGING,27.64,931.2,0.02,7.87,91.84,7.95,99.79,24.53,RUNNING,19.38,RUNNING,34.7,RUNNING,9.87,88.48,34.4,34.7,35.0,08:00,17:00,3.0,17:00,1,4.5,0,50.0,11.31,11.31,0.0,30.43,0.0,0.0,0.0,0.0,1917.85,1
2026-06-02 10:50:00,1780377600,10.833,1,0,BATTERY_CHARGING,27.73,922.8,0.03,8.77,91.07,13.16,104.22,24.63,RUNNING,20.5,RUNNING,35.97,RUNNING,10.11,91.21,34.74,35.97,35.0,08:00,17:00,3.0,17:00,1,4.5,0,50.0,13.01,13.01,0.0,30.95,0.0,0.0,0.0,0.0,1917.85,1
2026-06-02 10:55:00,1780377900,10.917,1,0,BATTERY_CHARGING,27.52,867.6,0.1,8.89,86.3,13.98,100.29,25.79,RUNNING,20.51,RUNNING,34.25,RUNNING,10.22,90.78,36.01,34.25,35.0,08:00,17:00,3.0,17:00,1,4.5,0,50.0,9.51,9.51,0.0,31.32,0.0,0.0,0.0,0.0,1917.85,1
2026-06-02 11:00:00,1780378200,11.0,1,0,SOLAR_SURGE,27.8,897.2,0.07,8.94,88.98,14.38,103.36,25.28,RUNNING,19.99,RUNNING,35.15,RUNNING,9.86,90.28,35.14,35.15,35.0,08:00,17:00,3.0,17:00,1,4.5,0,50.0,13.08,13.08,0.0,31.84,0.0,0.0,0.0,0.0,1917.85,1
2026-06-02 11:05:00,1780378500,11.083,1,0,SOLAR_SURGE,28.08,927.4,0.05,8.61,91.98,12.14,104.12,24.35,RUNNING,20.02,RUNNING,34.56,RUNNING,10.26,89.19,34.61,34.56,35.0,08:00,17:00,3.0,17:00,1,4.5,0,50.0,14.93,14.93,0.0,32.43,0.0,0.0,0.0,0.0,1917.85,1
2026-06-02 11:10:00,1780378800,11.167,1,0,SOLAR_SURGE,28.19,883.5,0.1,8.11,86.73,9.14,95.87,25.44,RUNNING,20.33,RUNNING,35.46,RUNNING,9.98,91.2,35.41,35.46,35.0,08:00,17:00,3.0,17:00,1,4.5,0,50.0,4.67,4.67,0.0,32.62,0.0,0.0,0.0,0.0,1917.85,1
2026-06-02 11:15:00,1780379100,11.25,1,0,SOLAR_SURGE,28.58,945.7,0.04,7.67,93.25,6.98,100.23,24.55,RUNNING,19.9,RUNNING,34.42,RUNNING,9.86,88.73,34.41,34.42,35.0,08:00,17:00,3.0,17:00,1,4.5,0,50.0,11.5,11.5,0.0,33.07,0.0,0.0,0.0,0.0,1917.85,1
2026-06-02 11:20:00,1780379400,11.333,1,0,SOLAR_SURGE,28.85,951.5,0.03,8.47,93.75,11.25,105.0,24.98,RUNNING,19.78,RUNNING,35.37,RUNNING,9.73,89.85,34.71,35.37,35.0,08:00,17:00,3.0,17:00,1,4.5,0,50.0,15.15,15.15,0.0,33.67,0.0,0.0,0.0,0.0,1917.85,1
2026-06-02 11:25:00,1780379700,11.417,1,0,SOLAR_SURGE,28.41,910.9,0.08,8.27,89.47,10.01,99.48,25.57,RUNNING,19.92,RUNNING,34.0,RUNNING,10.27,89.77,35.85,34.0,35.0,08:00,17:00,3.0,17:00,1,4.5,0,50.0,9.71,9.71,0.0,34.05,0.0,0.0,0.0,0.0,1917.85,1
2026-06-02 11:30:00,1780380000,11.5,1,0,SOLAR_SURGE,28.63,923.2,0.07,7.72,91.13,7.22,98.34,24.45,RUNNING,20.61,RUNNING,34.55,RUNNING,10.09,89.7,34.55,34.55,35.0,08:00,17:00,3.0,17:00,1,4.5,0,50.0,8.64,8.64,0.0,34.4,0.0,0.0,0.0,0.0,1917.85,1
2026-06-02 11:35:00,1780380300,11.583,1,0,SOLAR_SURGE,28.81,957.1,0.04,8.93,93.92,14.33,108.25,24.83,RUNNING,19.73,RUNNING,35.4,RUNNING,9.84,89.8,34.67,35.4,35.0,08:00,17:00,3.0,17:00,1,4.5,0,50.0,18.45,18.45,0.0,35.13,0.0,0.0,0.0,0.0,1917.85,1
2026-06-02 11:40:00,1780380600,11.667,1,0,SOLAR_SURGE,29.27,926.1,0.07,7.47,91.01,6.12,97.12,24.41,RUNNING,19.62,RUNNING,35.36,RUNNING,9.71,89.09,34.12,35.36,35.0,08:00,17:00,3.0,17:00,1,4.5,0,50.0,8.03,8.03,0.0,35.45,0.0,0.0,0.0,0.0,1917.85,1
2026-06-02 11:45:00,1780380900,11.75,1,0,SOLAR_SURGE,29.43,916.3,0.08,9.02,89.93,14.99,104.92,24.41,RUNNING,19.4,RUNNING,34.77,RUNNING,10.14,88.72,34.55,34.77,35.0,08:00,17:00,3.0,17:00,1,4.5,0,50.0,16.2,16.2,0.0,36.09,0.0,0.0,0.0,0.0,1917.85,1
2026-06-02 11:50:00,1780381200,11.833,1,0,SOLAR_SURGE,29.09,967.7,0.03,8.83,94.83,13.57,108.4,25.44,RUNNING,20.35,RUNNING,34.27,RUNNING,10.3,90.35,35.73,34.27,35.0,08:00,17:00,3.0,17:00,1,4.5,0,50.0,18.05,18.05,0.0,36.8,0.0,0.0,0.0,0.0,1917.85,1
2026-06-02 11:55:00,1780381500,11.917,1,0,SOLAR_SURGE,29.25,946.7,0.05,7.41,93.21,5.86,99.08,24.9,RUNNING,20.31,RUNNING,35.26,RUNNING,9.79,90.26,34.69,35.26,35.0,08:00,17:00,3.0,17:00,1,4.5,0,50.0,8.82,8.82,0.0,37.15,0.0,0.0,0.0,0.0,1917.85,1
2026-06-02 12:00:00,1780381800,12.0,1,0,SOLAR_SURGE,29.59,931.3,0.07,8.74,91.01,12.98,103.99,24.36,RUNNING,3.0,STANDBY,0.0,OFF,10.15,37.51,34.51,0.0,35.0,08:00,17:00,3.0,17:00,1,4.5,0,50.0,50.0,50.0,0.0,39.13,0.0,16.48,0.0,-3.09,1914.76,1
2026-06-02 12:05:00,1780382100,12.083,1,0,SOLAR_SURGE,29.85,961.4,0.04,8.88,94.09,13.93,108.02,24.42,RUNNING,3.0,STANDBY,0.0,OFF,9.87,37.29,34.29,0.0,35.0,08:00,17:00,3.0,17:00,1,4.5,0,50.0,50.0,50.0,0.0,41.11,0.0,20.73,0.0,-3.8869,1910.87,1
2026-06-02 12:10:00,1780382400,12.167,1,0,SOLAR_SURGE,29.57,943.8,0.06,8.27,92.76,10.03,102.79,25.45,RUNNING,3.0,STANDBY,0.0,OFF,10.11,38.56,35.56,0.0,35.0,08:00,17:00,3.0,17:00,1,4.5,0,50.0,50.0,50.0,0.0,43.09,0.0,14.23,0.0,-2.6681,1908.2,1
2026-06-02 12:15:00,1780382700,12.25,1,0,SOLAR_SURGE,30.29,932.2,0.07,7.76,91.26,7.4,98.66,25.02,RUNNING,3.0,STANDBY,0.0,OFF,10.15,38.16,35.16,0.0,35.0,08:00,17:00,3.0,17:00,1,4.5,0,50.0,50.0,50.0,0.0,45.07,0.0,10.5,0.0,-1.9688,1906.23,1
2026-06-02 12:20:00,1780383000,12.333,1,0,SOLAR_SURGE,29.96,990.8,0.01,8.68,97.56,12.6,110.16,24.99,RUNNING,3.0,STANDBY,0.0,OFF,9.77,37.76,34.76,0.0,35.0,08:00,17:00,3.0,17:00,1,4.5,0,50.0,50.0,50.0,0.0,47.05,0.0,22.4,0.0,-4.2,1902.03,1
2026-06-02 12:25:00,1780383300,12.417,1,0,SOLAR_SURGE,30.24,935.0,0.06,8.06,92.02,8.89,100.91,25.78,RUNNING,3.0,STANDBY,0.0,OFF,10.26,39.04,36.04,0.0,35.0,08:00,17:00,3.0,17:00,1,4.5,0,50.0,50.0,50.0,0.0,49.03,0.0,11.87,0.0,-2.2256,1899.81,1
2026-06-02 12:30:00,1780383600,12.5,1,0,SOLAR_SURGE,30.05,906.1,0.09,8.09,88.64,9.06,97.7,25.29,RUNNING,3.0,STANDBY,0.0,OFF,10.16,38.45,35.45,0.0,35.0,08:00,17:00,3.0,17:00,1,4.5,0,50.0,50.0,50.0,0.0,51.0,0.0,9.25,0.0,-1.7344,1898.07,1
2026-06-02 12:35:00,1780383900,12.583,1,0,SOLAR_SURGE,30.82,912.2,0.08,7.18,88.67,5.0,93.66,24.62,RUNNING,3.0,STANDBY,0.0,OFF,9.72,37.34,34.34,0.0,35.0,08:00,17:00,3.0,17:00,1,4.5,0,50.0,50.0,50.0,0.0,52.98,0.0,6.32,0.0,-1.185,1896.89,1
2026-06-02 12:40:00,1780384200,12.667,1,0,SOLAR_SURGE,30.2,907.1,0.08,7.93,88.95,8.2,97.15,25.0,RUNNING,3.0,STANDBY,0.0,OFF,9.95,37.95,34.95,0.0,35.0,08:00,17:00,3.0,17:00,1,4.5,0,50.0,50.0,50.0,0.0,54.96,0.0,9.2,0.0,-1.725,1895.16,1
2026-06-02 12:45:00,1780384500,12.75,1,0,SOLAR_SURGE,30.81,972.7,0.01,7.94,95.12,8.26,103.38,24.64,RUNNING,3.0,STANDBY,0.0,OFF,9.89,37.53,34.53,0.0,35.0,08:00,17:00,3.0,17:00,1,4.5,0,50.0,50.0,50.0,0.0,56.94,0.0,15.85,0.0,-2.9719,1892.19,1
2026-06-02 12:50:00,1780384800,12.833,1,0,SOLAR_SURGE,30.76,956.5,0.02,8.34,93.48,10.42,103.9,24.83,RUNNING,3.0,STANDBY,0.0,OFF,10.08,37.91,34.91,0.0,35.0,08:00,17:00,3.0,17:00,1,4.5,0,50.0,50.0,50.0,0.0,58.92,0.0,15.99,0.0,-2.9981,1889.19,1
2026-06-02 12:55:00,1780385100,12.917,1,0,SOLAR_SURGE,31.11,905.2,0.07,7.11,88.51,4.77,93.27,25.37,RUNNING,3.0,STANDBY,0.0,OFF,10.21,38.58,35.58,0.0,35.0,08:00,17:00,3.0,17:00,1,4.5,0,50.0,50.0,50.0,0.0,60.9,0.0,4.69,0.0,-0.8794,1888.32,1
2026-06-02 13:00:00,1780385400,13.0,1,0,SOLAR_SURGE,30.57,957.6,0.01,7.66,93.58,6.95,100.53,25.17,RUNNING,19.73,RUNNING,0.0,OFF,10.15,55.05,35.32,0.0,35.0,08:00,17:00,3.0,17:00,1,4.5,0,50.0,45.48,45.48,0.0,62.7,0.0,0.0,0.0,0.0,1888.32,1
2026-06-02 13:05:00,1780385700,13.083,1,0,SOLAR_SURGE,31.21,948.6,0.01,8.06,92.7,8.89,101.6,24.46,RUNNING,20.63,RUNNING,0.0,OFF,10.01,55.11,34.48,0.0,35.0,08:00,17:00,3.0,17:00,1,4.5,0,50.0,46.49,46.49,0.0,64.54,0.0,0.0,0.0,0.0,1888.32,1
2026-06-02 13:10:00,1780386000,13.167,1,0,SOLAR_SURGE,31.32,885.0,0.07,7.16,85.89,4.92,90.81,25.45,RUNNING,19.68,RUNNING,0.0,OFF,10.23,55.36,35.68,0.0,35.0,08:00,17:00,3.0,17:00,1,4.5,0,50.0,35.45,35.45,0.0,65.94,0.0,0.0,0.0,0.0,1888.32,1
2026-06-02 13:15:00,1780386300,13.25,1,0,SOLAR_SURGE,31.39,944.2,0.0,8.14,91.77,9.31,101.09,24.3,RUNNING,20.3,RUNNING,0.0,OFF,10.05,54.65,34.35,0.0,35.0,08:00,17:00,3.0,17:00,1,4.5,0,50.0,46.44,46.44,0.0,67.78,0.0,0.0,0.0,0.0,1888.32,1
2026-06-02 13:20:00,1780386600,13.333,1,0,SOLAR_SURGE,30.91,896.9,0.05,7.38,87.57,5.78,93.35,25.11,RUNNING,19.81,RUNNING,0.0,OFF,9.85,54.77,34.96,0.0,35.0,08:00,17:00,3.0,17:00,1,4.5,0,50.0,38.58,38.58,0.0,69.31,0.0,0.0,0.0,0.0,1888.32,1
2026-06-02 13:25:00,1780386900,13.417,1,0,SOLAR_SURGE,31.0,878.5,0.06,7.92,85.47,8.17,93.64,25.01,RUNNING,19.36,RUNNING,0.0,OFF,10.22,54.59,35.23,0.0,35.0,08:00,17:00,3.0,17:00,1,4.5,0,50.0,39.05,39.05,0.0,70.85,0.0,0.0,0.0,0.0,1888.32,1
2026-06-02 13:30:00,1780387200,13.5,1,0,SOLAR_SURGE,31.19,880.3,0.05,7.33,85.5,5.59,91.09,25.69,RUNNING,20.5,RUNNING,0.0,OFF,10.03,56.22,35.72,0.0,35.0,08:00,17:00,3.0,17:00,1,4.5,0,50.0,34.87,34.87,0.0,72.24,0.0,0.0,0.0,0.0,1888.32,1
2026-06-02 13:35:00,1780387500,13.583,1,0,SOLAR_SURGE,31.79,847.5,0.07,7.35,82.27,5.64,87.92,24.87,RUNNING,20.31,RUNNING,0.0,OFF,9.86,55.04,34.73,0.0,35.0,08:00,17:00,3.0,17:00,1,4.5,0,50.0,32.88,32.88,0.0,73.54,0.0,0.0,0.0,0.0,1888.32,1
2026-06-02 13:40:00,1780387800,13.667,1,0,SOLAR_SURGE,31.18,872.5,0.04,7.44,85.5,5.99,91.49,24.49,RUNNING,20.43,RUNNING,0.0,OFF,10.29,55.2,34.78,0.0,35.0,08:00,17:00,3.0,17:00,1,4.5,0,50.0,36.29,36.29,0.0,74.97,0.0,0.0,0.0,0.0,1888.32,1
2026-06-02 13:45:00,1780388100,13.75,1,0,SOLAR_SURGE,31.94,890.7,0.01,7.33,86.38,5.58,91.96,25.55,RUNNING,19.76,RUNNING,0.0,OFF,10.03,55.34,35.58,0.0,35.0,08:00,17:00,3.0,17:00,1,4.5,0,50.0,36.62,36.62,0.0,76.42,0.0,0.0,0.0,0.0,1888.32,1
2026-06-02 13:50:00,1780388400,13.833,1,0,SOLAR_SURGE,31.24,869.2,0.02,7.45,84.56,6.03,90.58,25.2,RUNNING,19.95,RUNNING,0.0,OFF,10.06,55.2,35.25,0.0,35.0,08:00,17:00,3.0,17:00,1,4.5,0,50.0,35.38,35.38,0.0,77.82,0.0,0.0,0.0,0.0,1888.32,1
2026-06-02 13:55:00,1780388700,13.917,1,0,SOLAR_SURGE,31.68,809.0,0.08,6.81,79.14,3.79,82.93,25.42,RUNNING,19.64,RUNNING,0.0,OFF,9.7,54.76,35.12,0.0,35.0,08:00,17:00,3.0,17:00,1,4.5,0,50.0,28.17,28.17,0.0,78.94,0.0,0.0,0.0,0.0,1888.32,1
2026-06-02 14:00:00,1780389000,14.0,1,0,BATTERY_CHARGING,31.66,845.8,0.02,7.0,82.67,4.4,87.08,25.6,RUNNING,20.63,RUNNING,0.0,OFF,9.7,55.94,35.3,0.0,35.0,08:00,17:00,3.0,17:00,1,7.5,1,50.0,31.14,31.14,0.0,80.17,0.0,0.0,0.0,0.0,1888.32,1
2026-06-02 14:05:00,1780389300,14.083,1,0,BATTERY_CHARGING,31.9,782.3,0.08,7.57,75.68,6.53,82.21,25.05,RUNNING,19.63,RUNNING,0.0,OFF,10.0,54.68,35.04,0.0,35.0,08:00,17:00,3.0,17:00,1,7.5,1,50.0,27.53,27.53,0.0,81.26,0.0,0.0,0.0,0.0,1888.32,1
2026-06-02 14:10:00,1780389600,14.167,1,0,BATTERY_CHARGING,31.46,759.3,0.1,7.49,73.56,6.22,79.78,25.67,RUNNING,20.56,RUNNING,0.0,OFF,10.01,56.24,35.69,0.0,35.0,08:00,17:00,3.0,17:00,1,7.5,1,50.0,23.54,23.54,0.0,82.19,0.0,0.0,0.0,0.0,1888.32,1
2026-06-02 14:15:00,1780389900,14.25,1,0,BATTERY_CHARGING,32.01,800.5,0.04,7.87,77.39,7.9,85.29,24.35,RUNNING,19.49,RUNNING,0.0,OFF,10.19,54.03,34.54,0.0,35.0,08:00,17:00,3.0,17:00,1,7.5,1,50.0,31.26,31.26,0.0,83.43,0.0,0.0,0.0,0.0,1888.32,1
2026-06-02 14:20:00,1780390200,14.333,1,0,BATTERY_CHARGING,31.54,772.6,0.06,6.95,75.71,4.24,79.94,24.58,RUNNING,19.67,RUNNING,0.0,OFF,9.89,54.13,34.47,0.0,35.0,08:00,17:00,3.0,17:00,1,7.5,1,50.0,25.81,25.81,0.0,84.45,0.0,0.0,0.0,0.0,1888.32,1
2026-06-02 14:25:00,1780390500,14.417,1,0,BATTERY_CHARGING,32.15,749.9,0.07,7.38,72.67,5.78,78.44,24.64,RUNNING,19.4,RUNNING,0.0,OFF,9.82,53.86,34.46,0.0,35.0,08:00,17:00,3.0,17:00,1,7.5,1,50.0,24.58,24.58,0.0,85.42,0.0,0.0,0.0,0.0,1888.32,1
2026-06-02 14:30:00,1780390800,14.5,1,0,BATTERY_CHARGING,32.16,747.0,0.06,6.41,72.22,2.71,74.93,24.95,RUNNING,19.87,RUNNING,0.0,OFF,10.02,54.84,34.97,0.0,35.0,08:00,17:00,3.0,17:00,1,7.5,1,50.0,20.09,20.09,0.0,86.22,0.0,0.0,0.0,0.0,1888.32,1
2026-06-02 14:35:00,1780391100,14.583,1,0,BATTERY_CHARGING,32.32,763.7,0.02,6.6,73.9,3.2,77.1,24.39,RUNNING,19.52,RUNNING,0.0,OFF,10.11,54.02,34.5,0.0,35.0,08:00,17:00,3.0,17:00,1,7.5,1,50.0,23.08,23.08,0.0,87.13,0.0,0.0,0.0,0.0,1888.32,1
2026-06-02 14:40:00,1780391400,14.667,1,0,BATTERY_CHARGING,32.23,712.7,0.07,6.12,69.54,2.08,71.62,24.72,RUNNING,19.43,RUNNING,0.0,OFF,9.85,54.0,34.57,0.0,35.0,08:00,17:00,3.0,17:00,1,7.5,1,50.0,17.62,17.62,0.0,87.83,0.0,0.0,0.0,0.0,1888.32,1
2026-06-02 14:45:00,1780391700,14.75,1,0,BATTERY_CHARGING,31.87,713.2,0.05,7.09,69.12,4.68,73.81,25.79,RUNNING,19.34,RUNNING,0.0,OFF,9.94,55.07,35.73,0.0,35.0,08:00,17:00,3.0,17:00,1,7.5,1,50.0,18.74,18.74,0.0,88.57,0.0,0.0,0.0,0.0,1888.32,1
2026-06-02 14:50:00,1780392000,14.833,1,0,BATTERY_CHARGING,31.95,682.1,0.07,6.35,66.28,2.58,68.86,25.49,RUNNING,19.5,RUNNING,0.0,OFF,9.71,54.69,35.19,0.0,35.0,08:00,17:00,3.0,17:00,1,7.5,1,50.0,14.17,14.17,0.0,89.13,0.0,0.0,0.0,0.0,1888.32,1
2026-06-02 14:55:00,1780392300,14.917,1,0,BATTERY_CHARGING,32.26,651.4,0.1,6.11,63.57,2.06,65.63,24.8,RUNNING,20.18,RUNNING,0.0,OFF,10.09,55.06,34.88,0.0,35.0,08:00,17:00,3.0,17:00,1,7.5,1,50.0,10.57,10.57,0.0,89.55,0.0,0.0,0.0,0.0,1888.32,1
2026-06-02 15:00:00,1780392600,15.0,1,0,BATTERY_CHARGING,32.07,688.8,0.03,7.15,66.46,4.89,71.35,24.3,RUNNING,20.56,RUNNING,0.0,OFF,9.97,54.83,34.27,0.0,35.0,08:00,17:00,3.0,17:00,1,7.5,1,50.0,16.52,16.52,0.0,90.21,0.0,0.0,0.0,0.0,1888.32,1
2026-06-02 15:05:00,1780392900,15.083,1,0,BATTERY_CHARGING,31.7,628.9,0.09,7.12,61.04,4.8,65.84,24.27,RUNNING,19.95,RUNNING,0.0,OFF,9.8,54.01,34.07,0.0,35.0,08:00,17:00,3.0,17:00,1,7.5,1,50.0,11.83,11.83,0.0,90.67,0.0,0.0,0.0,0.0,1888.32,1
2026-06-02 15:10:00,1780393200,15.167,1,0,BATTERY_CHARGING,32.05,620.1,0.08,6.37,59.79,2.63,62.42,25.29,RUNNING,19.54,RUNNING,0.0,OFF,9.83,54.66,35.12,0.0,35.0,08:00,17:00,3.0,17:00,1,7.5,1,50.0,7.76,7.76,0.0,90.98,0.0,0.0,0.0,0.0,1888.32,1
2026-06-02 15:15:00,1780393500,15.25,1,0,BATTERY_CHARGING,31.73,640.9,0.03,7.1,61.9,4.73,66.63,25.19,RUNNING,19.64,RUNNING,0.0,OFF,9.88,54.71,35.07,0.0,35.0,08:00,17:00,3.0,17:00,1,7.5,1,50.0,11.92,11.92,0.0,91.45,0.0,0.0,0.0,0.0,1888.32,1
2026-06-02 15:20:00,1780393800,15.333,1,0,BATTERY_CHARGING,31.9,607.4,0.06,5.73,58.84,1.4,60.24,24.42,RUNNING,19.58,RUNNING,0.0,OFF,10.23,54.23,34.65,0.0,35.0,08:00,17:00,3.0,17:00,1,7.5,1,50.0,6.01,6.01,0.0,91.69,0.0,0.0,0.0,0.0,1888.32,1
2026-06-02 15:25:00,1780394100,15.417,1,0,BATTERY_CHARGING,31.97,586.4,0.06,6.86,57.3,3.96,61.26,25.78,RUNNING,20.39,RUNNING,0.0,OFF,9.92,56.09,35.7,0.0,35.0,08:00,17:00,3.0,17:00,1,7.5,1,50.0,5.17,5.17,0.0,91.9,0.0,0.0,0.0,0.0,1888.32,1
2026-06-02 15:30:00,1780394400,15.5,1,0,BATTERY_CHARGING,31.97,579.3,0.05,6.99,56.31,4.35,60.66,24.82,RUNNING,19.55,RUNNING,0.0,OFF,9.89,54.26,34.71,0.0,35.0,08:00,17:00,3.0,17:00,1,7.5,1,50.0,6.4,6.4,0.0,92.15,0.0,0.0,0.0,0.0,1888.32,1
2026-06-02 15:35:00,1780394700,15.583,1,0,NORMAL_OPERATION,31.68,538.3,0.09,6.72,51.95,3.52,55.48,25.79,RUNNING,20.04,RUNNING,0.0,OFF,10.16,55.99,35.95,0.0,35.0,08:00,17:00,3.0,17:00,1,7.5,1,50.0,-0.51,0.0,0.51,92.13,0.0,0.0,0.0,0.0,1888.32,1
2026-06-02 15:40:00,1780395000,15.667,1,0,NORMAL_OPERATION,32.28,517.7,0.1,5.58,50.42,1.18,51.6,24.63,RUNNING,20.44,RUNNING,0.0,OFF,10.25,55.32,34.88,0.0,35.0,08:00,17:00,3.0,17:00,1,7.5,1,50.0,-3.72,0.0,3.72,91.96,0.0,0.0,0.0,0.0,1888.32,1
2026-06-02 15:45:00,1780395300,15.75,1,0,NORMAL_OPERATION,31.49,500.2,0.1,5.71,49.07,1.37,50.44,25.48,RUNNING,19.8,RUNNING,0.0,OFF,10.2,55.48,35.68,0.0,35.0,08:00,17:00,3.0,17:00,1,7.5,1,50.0,-5.04,0.0,5.04,91.74,0.0,0.0,0.0,0.0,1888.32,1
2026-06-02 15:50:00,1780395600,15.833,1,0,NORMAL_OPERATION,32.09,527.8,0.02,6.26,51.59,2.37,53.96,25.32,RUNNING,20.58,RUNNING,0.0,OFF,9.72,55.61,35.03,0.0,35.0,08:00,17:00,3.0,17:00,1,7.5,1,50.0,-1.65,0.0,1.65,91.67,0.0,0.0,0.0,0.0,1888.32,1
2026-06-02 15:55:00,1780395900,15.917,1,0,NORMAL_OPERATION,31.93,469.6,0.09,6.16,45.72,2.16,47.88,24.5,RUNNING,20.68,RUNNING,0.0,OFF,10.23,55.41,34.73,0.0,35.0,08:00,17:00,3.0,17:00,1,7.5,1,50.0,-7.53,0.0,7.53,91.34,0.0,0.0,0.0,0.0,1888.32,1
2026-06-02 16:00:00,1780396200,16.0,1,0,NORMAL_OPERATION,31.72,484.5,0.03,5.98,46.74,1.82,48.57,24.57,RUNNING,19.61,RUNNING,0.0,OFF,10.02,54.19,34.59,0.0,35.0,08:00,17:00,3.0,17:00,1,7.5,1,50.0,-5.62,0.0,5.62,91.09,0.0,0.0,0.0,0.0,1888.32,1
2026-06-02 16:05:00,1780396500,16.083,1,0,NORMAL_OPERATION,31.28,436.8,0.09,5.47,42.22,1.03,43.25,25.35,RUNNING,20.59,RUNNING,0.0,OFF,10.21,56.14,35.55,0.0,35.0,08:00,17:00,3.0,17:00,1,7.5,1,50.0,-12.89,0.0,12.89,90.53,0.0,0.0,0.0,0.0,1888.32,1
2026-06-02 16:10:00,1780396800,16.167,1,0,NORMAL_OPERATION,31.49,460.7,0.0,6.03,45.3,1.91,47.2,25.44,RUNNING,20.49,RUNNING,0.0,OFF,10.22,56.14,35.66,0.0,35.0,08:00,17:00,3.0,17:00,1,7.5,1,50.0,-8.94,0.0,8.94,90.14,0.0,0.0,0.0,0.0,1888.32,1
2026-06-02 16:15:00,1780397100,16.25,1,0,NORMAL_OPERATION,31.94,425.8,0.04,6.54,41.29,3.05,44.34,24.36,RUNNING,19.72,RUNNING,0.0,OFF,9.78,53.87,34.14,0.0,35.0,08:00,17:00,3.0,17:00,1,7.5,1,50.0,-9.53,0.0,9.53,89.72,0.0,0.0,0.0,0.0,1888.32,1
2026-06-02 16:20:00,1780397400,16.333,1,0,NORMAL_OPERATION,31.24,382.5,0.09,6.25,37.76,2.35,40.11,25.24,RUNNING,19.54,RUNNING,0.0,OFF,10.28,55.06,35.52,0.0,35.0,08:00,17:00,3.0,17:00,1,7.5,1,50.0,-14.95,0.0,14.95,89.06,0.0,0.0,0.0,0.0,1888.32,1
2026-06-02 16:25:00,1780397700,16.417,1,0,NORMAL_OPERATION,31.61,365.3,0.09,6.19,35.29,2.22,37.51,25.14,RUNNING,19.55,RUNNING,0.0,OFF,9.88,54.57,35.03,0.0,35.0,08:00,17:00,3.0,17:00,1,7.5,1,50.0,-17.06,0.0,17.06,88.31,0.0,0.0,0.0,0.0,1888.32,1
2026-06-02 16:30:00,1780398000,16.5,1,0,NORMAL_OPERATION,31.54,377.8,0.01,6.04,37.24,1.93,39.17,25.72,RUNNING,19.85,RUNNING,0.0,OFF,10.3,55.86,36.01,0.0,35.0,08:00,17:00,3.0,17:00,1,7.5,1,50.0,-16.69,0.0,16.69,87.58,0.0,0.0,0.0,0.0,1888.32,1
2026-06-02 16:35:00,1780398300,16.583,1,0,NORMAL_OPERATION,31.69,361.3,0.0,5.78,35.58,1.48,37.06,25.75,RUNNING,19.61,RUNNING,0.0,OFF,10.04,55.4,35.79,0.0,35.0,08:00,17:00,3.0,17:00,1,7.5,1,50.0,-18.34,0.0,18.34,86.78,0.0,0.0,0.0,0.0,1888.32,1
2026-06-02 16:40:00,1780398600,16.667,1,0,NORMAL_OPERATION,31.6,337.2,0.01,5.96,32.57,1.78,34.34,25.77,RUNNING,19.54,RUNNING,0.0,OFF,10.23,55.54,36.0,0.0,35.0,08:00,17:00,3.0,17:00,1,7.5,1,50.0,-21.2,0.0,21.2,85.85,0.0,0.0,0.0,0.0,1888.32,1
2026-06-02 16:45:00,1780398900,16.75,1,0,NORMAL_OPERATION,30.85,298.7,0.07,5.73,29.55,1.4,30.96,24.91,RUNNING,19.67,RUNNING,0.0,OFF,9.85,54.44,34.76,0.0,35.0,08:00,17:00,3.0,17:00,1,7.5,1,50.0,-23.48,0.0,23.48,84.82,0.0,0.0,0.0,0.0,1888.32,1
2026-06-02 16:50:00,1780399200,16.833,1,0,NORMAL_OPERATION,30.75,293.0,0.03,4.83,28.13,0.42,28.55,24.82,RUNNING,20.33,RUNNING,0.0,OFF,10.28,55.42,35.1,0.0,35.0,08:00,17:00,3.0,17:00,1,7.5,1,50.0,-26.87,0.0,26.87,83.64,0.0,0.0,0.0,0.0,1888.32,1
2026-06-02 16:55:00,1780399500,16.917,1,0,NORMAL_OPERATION,31.32,266.0,0.05,5.21,25.98,0.74,26.72,24.36,RUNNING,19.97,RUNNING,0.0,OFF,10.22,54.55,34.58,0.0,35.0,08:00,17:00,3.0,17:00,1,7.5,1,50.0,-27.83,0.0,27.83,82.42,0.0,0.0,0.0,0.0,1888.32,1
2026-06-02 17:00:00,1780399800,17.0,1,0,NORMAL_OPERATION,31.05,241.0,0.07,4.81,23.09,0.41,23.5,25.55,RUNNING,0.0,OFF,0.0,OFF,9.88,35.43,35.43,0.0,35.0,08:00,17:00,3.0,17:00,1,7.5,1,50.0,-11.93,0.0,11.93,81.9,0.0,0.0,0.0,0.0,1888.32,1
2026-06-02 17:05:00,1780400100,17.083,1,0,NORMAL_OPERATION,30.69,215.1,0.1,4.62,20.69,0.29,20.98,24.8,RUNNING,0.0,OFF,0.0,OFF,10.14,34.94,34.94,0.0,35.0,08:00,17:00,3.0,17:00,1,7.5,1,50.0,-13.96,0.0,13.96,81.28,0.0,0.0,0.0,0.0,1888.32,1
2026-06-02 17:10:00,1780400400,17.167,1,0,NORMAL_OPERATION,30.78,197.0,0.09,4.6,19.34,0.28,19.62,25.18,RUNNING,0.0,OFF,0.0,OFF,9.99,35.17,35.17,0.0,35.0,08:00,17:00,3.0,17:00,1,7.5,1,50.0,-15.55,0.0,15.55,80.6,0.0,0.0,0.0,0.0,1888.32,1
2026-06-02 17:15:00,1780400700,17.25,1,0,NORMAL_OPERATION,30.28,176.7,0.09,4.66,17.69,0.31,18.0,24.45,RUNNING,0.0,OFF,0.0,OFF,9.76,34.21,34.21,0.0,35.0,08:00,17:00,3.0,17:00,1,7.5,1,50.0,-16.21,0.0,16.21,79.89,0.0,0.0,0.0,0.0,1888.32,1
2026-06-02 17:20:00,1780401000,17.333,1,0,NORMAL_OPERATION,30.32,170.3,0.02,5.46,16.89,1.02,17.92,25.37,RUNNING,0.0,OFF,0.0,OFF,9.86,35.23,35.23,0.0,35.0,08:00,17:00,3.0,17:00,1,7.5,1,50.0,-17.31,0.0,17.31,79.13,0.0,0.0,0.0,0.0,1888.32,1
2026-06-02 17:25:00,1780401300,17.417,1,0,NORMAL_OPERATION,30.28,148.5,0.02,4.37,14.61,0.18,14.79,25.54,RUNNING,0.0,OFF,0.0,OFF,9.79,35.34,35.34,0.0,35.0,08:00,17:00,3.0,17:00,1,7.5,1,50.0,-20.55,0.0,20.55,78.23,0.0,0.0,0.0,0.0,1888.32,1
2026-06-02 17:30:00,1780401600,17.5,1,0,NORMAL_OPERATION,30.24,124.9,0.04,4.71,12.39,0.35,12.74,25.16,RUNNING,0.0,OFF,0.0,OFF,9.82,34.98,34.98,0.0,35.0,08:00,17:00,3.0,17:00,1,7.5,1,50.0,-22.24,0.0,22.24,77.25,0.0,0.0,0.0,0.0,1888.32,1
2026-06-02 17:35:00,1780401900,17.583,1,0,NORMAL_OPERATION,29.86,107.0,0.02,4.66,10.07,0.31,10.39,25.55,RUNNING,0.0,OFF,0.0,OFF,9.89,35.44,35.44,0.0,35.0,08:00,17:00,3.0,17:00,1,7.5,1,50.0,-25.05,0.0,25.05,76.16,0.0,0.0,0.0,0.0,1888.32,1
2026-06-02 17:40:00,1780402200,17.667,1,0,NORMAL_OPERATION,30.05,82.9,0.05,5.2,7.71,0.73,8.44,25.07,RUNNING,0.0,OFF,0.0,OFF,9.81,34.88,34.88,0.0,35.0,08:00,17:00,3.0,17:00,1,7.5,1,50.0,-26.44,0.0,26.44,75.0,0.0,0.0,0.0,0.0,1888.32,1
2026-06-02 17:45:00,1780402500,17.75,1,0,NORMAL_OPERATION,30.32,63.0,0.04,4.81,5.93,0.41,6.33,24.94,RUNNING,0.0,OFF,0.0,OFF,9.84,34.78,34.78,0.0,35.0,08:00,17:00,3.0,17:00,1,7.5,1,50.0,-28.45,0.0,28.45,73.75,0.0,0.0,0.0,0.0,1888.32,1
2026-06-02 17:50:00,1780402800,17.833,1,0,NORMAL_OPERATION,29.71,43.4,0.01,5.25,4.42,0.78,5.2,24.34,RUNNING,0.0,OFF,0.0,OFF,9.91,34.24,34.24,0.0,35.0,08:00,17:00,3.0,17:00,1,7.5,1,50.0,-29.04,0.0,29.04,72.47,0.0,0.0,0.0,0.0,1888.32,1
2026-06-02 17:55:00,1780403100,17.917,1,0,NORMAL_OPERATION,29.81,19.7,0.1,4.94,1.99,0.5,2.49,25.55,RUNNING,0.0,OFF,0.0,OFF,10.19,35.74,35.74,0.0,35.0,08:00,17:00,3.0,17:00,1,7.5,1,50.0,-33.25,0.0,33.25,71.02,0.0,0.0,0.0,0.0,1888.32,1
2026-06-02 18:00:00,1780403400,18.0,1,0,NORMAL_OPERATION,29.59,0.0,0.05,5.34,0.0,0.88,0.88,25.61,RUNNING,0.0,OFF,0.0,OFF,9.99,35.6,35.6,0.0,35.0,08:00,17:00,3.0,17:00,1,7.5,1,50.0,-34.72,0.0,34.72,69.49,0.0,0.0,0.0,0.0,1888.32,1
2026-06-02 18:05:00,1780403700,18.083,1,0,NORMAL_OPERATION,29.2,0.0,0.09,5.05,0.0,0.59,0.59,25.0,RUNNING,0.0,OFF,0.0,OFF,10.24,35.24,35.24,0.0,35.0,08:00,17:00,3.0,17:00,1,7.5,1,50.0,-34.65,0.0,34.65,67.97,0.0,0.0,0.0,0.0,1888.32,1
2026-06-02 18:10:00,1780404000,18.167,1,0,NORMAL_OPERATION,29.65,0.0,0.07,4.85,0.0,0.43,0.43,24.39,RUNNING,0.0,OFF,0.0,OFF,10.15,34.55,34.55,0.0,35.0,08:00,17:00,3.0,17:00,1,7.5,1,50.0,-34.12,0.0,34.12,66.48,0.0,0.0,0.0,0.0,1888.32,1
2026-06-02 18:15:00,1780404300,18.25,1,0,NORMAL_OPERATION,29.01,0.0,0.1,5.37,0.0,0.91,0.91,25.49,RUNNING,0.0,OFF,0.0,OFF,9.78,35.27,35.27,0.0,35.0,08:00,17:00,3.0,17:00,1,7.5,1,50.0,-34.36,0.0,34.36,64.97,0.0,0.0,0.0,0.0,1888.32,1
2026-06-02 18:20:00,1780404600,18.333,1,0,NORMAL_OPERATION,29.08,0.0,0.1,4.46,0.0,0.21,0.21,25.8,RUNNING,0.0,OFF,0.0,OFF,10.08,35.87,35.87,0.0,35.0,08:00,17:00,3.0,17:00,1,7.5,1,50.0,-35.66,0.0,35.66,63.41,0.0,0.0,0.0,0.0,1888.32,1
2026-06-02 18:25:00,1780404900,18.417,1,0,NORMAL_OPERATION,29.27,0.0,0.03,5.18,0.0,0.71,0.71,25.66,RUNNING,0.0,OFF,0.0,OFF,9.74,35.4,35.4,0.0,35.0,08:00,17:00,3.0,17:00,1,7.5,1,50.0,-34.69,0.0,34.69,61.88,0.0,0.0,0.0,0.0,1888.32,1
2026-06-02 18:30:00,1780405200,18.5,1,0,NORMAL_OPERATION,28.78,0.0,0.04,4.2,0.0,0.12,0.12,24.64,RUNNING,0.0,OFF,0.0,OFF,9.97,34.62,34.62,0.0,35.0,08:00,17:00,3.0,17:00,1,7.5,1,50.0,-34.5,0.0,34.5,60.37,0.0,0.0,0.0,0.0,1888.32,1
2026-06-02 18:35:00,1780405500,18.583,1,0,NORMAL_OPERATION,29.03,0.0,0.08,4.63,0.0,0.3,0.3,25.04,RUNNING,0.0,OFF,0.0,OFF,9.95,34.99,34.99,0.0,35.0,08:00,17:00,3.0,17:00,1,7.5,1,50.0,-34.69,0.0,34.69,58.85,0.0,0.0,0.0,0.0,1888.32,1
2026-06-02 18:40:00,1780405800,18.667,1,0,NORMAL_OPERATION,28.52,0.0,0.01,4.53,0.0,0.25,0.25,25.41,RUNNING,0.0,OFF,0.0,OFF,10.26,35.68,35.68,0.0,35.0,08:00,17:00,3.0,17:00,1,7.5,1,50.0,-35.43,0.0,35.43,57.3,0.0,0.0,0.0,0.0,1888.32,1
2026-06-02 18:45:00,1780406100,18.75,1,0,NORMAL_OPERATION,28.78,0.0,0.06,3.71,0.0,0.02,0.02,24.66,RUNNING,0.0,OFF,0.0,OFF,10.02,34.68,34.68,0.0,35.0,08:00,17:00,3.0,17:00,1,7.5,1,50.0,-34.66,0.0,34.66,55.78,0.0,0.0,0.0,0.0,1888.32,1
2026-06-02 18:50:00,1780406400,18.833,1,0,NORMAL_OPERATION,28.17,0.0,0.04,4.12,0.0,0.1,0.1,24.98,RUNNING,0.0,OFF,0.0,OFF,10.07,35.04,35.04,0.0,35.0,08:00,17:00,3.0,17:00,1,7.5,1,50.0,-34.94,0.0,34.94,54.24,0.0,0.0,0.0,0.0,1888.32,1
2026-06-02 18:55:00,1780406700,18.917,1,0,NORMAL_OPERATION,27.78,0.0,0.03,3.7,0.0,0.02,0.02,25.17,RUNNING,0.0,OFF,0.0,OFF,10.12,35.29,35.29,0.0,35.0,08:00,17:00,3.0,17:00,1,7.5,1,50.0,-35.27,0.0,35.27,52.7,0.0,0.0,0.0,0.0,1888.32,1
2026-06-02 19:00:00,1780407000,19.0,1,0,NORMAL_OPERATION,27.63,0.0,0.09,3.96,0.0,0.06,0.06,24.58,RUNNING,0.0,OFF,0.0,OFF,10.15,34.73,34.73,0.0,35.0,08:00,17:00,3.0,17:00,1,7.5,1,50.0,-34.67,0.0,34.67,51.18,0.0,0.0,0.0,0.0,1888.32,1
2026-06-02 19:05:00,1780407300,19.083,1,0,NORMAL_OPERATION,28.18,0.0,0.09,3.43,0.0,0.01,0.01,25.51,RUNNING,0.0,OFF,0.0,OFF,9.88,35.39,35.39,0.0,35.0,08:00,17:00,3.0,17:00,1,7.5,1,50.0,-35.38,0.0,35.38,49.62,0.0,0.0,0.0,0.0,1888.32,1
2026-06-02 19:10:00,1780407600,19.167,1,0,NORMAL_OPERATION,27.52,0.0,0.05,4.47,0.0,0.22,0.22,24.36,RUNNING,0.0,OFF,0.0,OFF,10.22,34.58,34.58,0.0,35.0,08:00,17:00,3.0,17:00,1,7.5,1,50.0,-34.36,0.0,34.36,48.12,0.0,0.0,0.0,0.0,1888.32,1
2026-06-02 19:15:00,1780407900,19.25,1,0,NORMAL_OPERATION,27.25,0.0,0.1,4.03,0.0,0.07,0.07,25.52,RUNNING,0.0,OFF,0.0,OFF,9.86,35.38,35.38,0.0,35.0,08:00,17:00,3.0,17:00,1,7.5,1,50.0,-35.31,0.0,35.31,46.57,0.0,0.0,0.0,0.0,1888.32,1
2026-06-02 19:20:00,1780408200,19.333,1,0,NORMAL_OPERATION,27.31,0.0,0.06,3.59,0.0,0.01,0.01,24.54,RUNNING,0.0,OFF,0.0,OFF,10.19,34.73,34.73,0.0,35.0,08:00,17:00,3.0,17:00,1,7.5,1,50.0,-34.72,0.0,34.72,45.05,0.0,0.0,0.0,0.0,1888.32,1
2026-06-02 19:25:00,1780408500,19.417,1,0,NORMAL_OPERATION,27.41,0.0,0.08,4.64,0.0,0.3,0.3,25.51,RUNNING,0.0,OFF,0.0,OFF,10.01,35.52,35.52,0.0,35.0,08:00,17:00,3.0,17:00,1,7.5,1,50.0,-35.22,0.0,35.22,43.5,0.0,0.0,0.0,0.0,1888.32,1
2026-06-02 19:30:00,1780408800,19.5,1,0,NORMAL_OPERATION,26.79,0.0,0.03,4.03,0.0,0.07,0.07,24.42,RUNNING,0.0,OFF,0.0,OFF,10.21,34.63,34.63,0.0,35.0,08:00,17:00,3.0,17:00,1,7.5,1,50.0,-34.56,0.0,34.56,41.98,0.0,0.0,0.0,0.0,1888.32,1
2026-06-02 19:35:00,1780409100,19.583,1,0,NORMAL_OPERATION,27.2,0.0,0.0,3.49,0.0,0.01,0.01,25.53,RUNNING,0.0,OFF,0.0,OFF,10.2,35.73,35.73,0.0,35.0,08:00,17:00,3.0,17:00,1,7.5,1,50.0,-35.72,0.0,35.72,40.42,0.0,0.0,0.0,0.0,1888.32,1
2026-06-02 19:40:00,1780409400,19.667,1,0,NORMAL_OPERATION,26.54,0.0,0.05,4.62,0.0,0.29,0.29,25.33,RUNNING,0.0,OFF,0.0,OFF,9.86,35.19,35.19,0.0,35.0,08:00,17:00,3.0,17:00,1,7.5,1,50.0,-34.9,0.0,34.9,38.89,0.0,0.0,0.0,0.0,1888.32,1
2026-06-02 19:45:00,1780409700,19.75,1,0,NORMAL_OPERATION,26.83,0.0,0.05,4.14,0.0,0.1,0.1,24.4,RUNNING,0.0,OFF,0.0,OFF,9.72,34.12,34.12,0.0,35.0,08:00,17:00,3.0,17:00,1,7.5,1,50.0,-34.02,0.0,34.02,37.4,0.0,0.0,0.0,0.0,1888.32,1
2026-06-02 19:50:00,1780410000,19.833,1,0,NORMAL_OPERATION,26.3,0.0,0.06,3.38,0.0,0.0,0.0,25.59,RUNNING,0.0,OFF,0.0,OFF,10.05,35.64,35.64,0.0,35.0,08:00,17:00,3.0,17:00,1,7.5,1,50.0,-35.64,0.0,35.64,35.83,0.0,0.0,0.0,0.0,1888.32,1
2026-06-02 19:55:00,1780410300,19.917,1,0,NORMAL_OPERATION,26.12,0.0,0.02,4.49,0.0,0.23,0.23,25.4,RUNNING,0.0,OFF,0.0,OFF,10.11,35.51,35.51,0.0,35.0,08:00,17:00,3.0,17:00,1,7.5,1,50.0,-35.28,0.0,35.28,34.28,0.0,0.0,0.0,0.0,1888.32,1
2026-06-02 20:00:00,1780410600,20.0,1,0,NORMAL_OPERATION,25.9,0.0,0.04,3.3,0.0,0.0,0.0,25.12,RUNNING,0.0,OFF,0.0,OFF,10.28,35.39,35.39,0.0,35.0,08:00,17:00,3.0,17:00,1,4.5,0,50.0,-35.39,0.0,35.39,32.73,0.0,0.0,0.0,0.0,1888.32,1
2026-06-02 20:05:00,1780410900,20.083,1,0,NORMAL_OPERATION,26.19,0.0,0.06,4.09,0.0,0.09,0.09,24.63,RUNNING,0.0,OFF,0.0,OFF,9.95,34.58,34.58,0.0,35.0,08:00,17:00,3.0,17:00,1,4.5,0,50.0,-34.49,0.0,34.49,31.22,0.0,0.0,0.0,0.0,1888.32,1
2026-06-02 20:10:00,1780411200,20.167,1,0,NORMAL_OPERATION,25.35,0.0,0.08,4.21,0.0,0.12,0.12,24.21,RUNNING,0.0,OFF,0.0,OFF,10.25,34.46,34.46,0.0,35.0,08:00,17:00,3.0,17:00,1,4.5,0,50.0,-34.34,0.0,34.34,29.71,0.0,0.0,0.0,0.0,1888.32,1
2026-06-02 20:15:00,1780411500,20.25,1,0,BATTERY_DISCHARGING,25.68,0.0,0.06,2.97,0.0,0.0,0.0,24.6,RUNNING,0.0,OFF,0.0,OFF,10.18,34.79,34.79,0.0,35.0,08:00,17:00,3.0,17:00,1,4.5,0,50.0,-34.79,0.0,34.79,28.19,0.0,0.0,0.0,0.0,1888.32,1
2026-06-02 20:20:00,1780411800,20.333,1,0,NORMAL_OPERATION,25.23,0.0,0.1,3.96,0.0,0.06,0.06,24.88,RUNNING,0.0,OFF,0.0,OFF,9.93,34.8,34.8,0.0,35.0,08:00,17:00,3.0,17:00,1,4.5,0,50.0,-34.74,0.0,34.74,26.66,0.0,0.0,0.0,0.0,1888.32,1
2026-06-02 20:25:00,1780412100,20.417,1,0,NORMAL_OPERATION,25.1,0.0,0.03,3.66,0.0,0.02,0.02,25.28,RUNNING,0.0,OFF,0.0,OFF,10.19,35.48,35.48,0.0,35.0,08:00,17:00,3.0,17:00,1,4.5,0,50.0,-35.46,0.0,35.46,25.11,0.0,0.0,0.0,0.0,1888.32,1
2026-06-02 20:30:00,1780412400,20.5,1,0,NORMAL_OPERATION,24.96,0.0,0.01,3.71,0.0,0.02,0.02,25.26,RUNNING,0.0,OFF,0.0,OFF,10.21,35.47,35.47,0.0,35.0,08:00,17:00,3.0,17:00,1,4.5,0,50.0,-35.45,0.0,35.45,23.55,0.0,0.0,0.0,0.0,1888.32,1
2026-06-02 20:35:00,1780412700,20.583,1,0,NORMAL_OPERATION,24.77,0.0,0.06,3.84,0.0,0.04,0.04,24.68,RUNNING,0.0,OFF,0.0,OFF,9.76,34.44,34.44,0.0,35.0,08:00,17:00,3.0,17:00,1,4.5,0,50.0,-34.4,0.0,34.4,22.05,0.0,0.0,0.0,0.0,1888.32,1
2026-06-02 20:40:00,1780413000,20.667,1,0,NORMAL_OPERATION,24.35,0.0,0.1,3.88,0.0,0.05,0.05,25.58,RUNNING,0.0,OFF,0.0,OFF,9.86,35.44,35.44,0.0,35.0,08:00,17:00,3.0,17:00,1,4.5,0,50.0,-35.39,0.0,35.39,20.49,0.0,0.0,0.0,0.0,1888.32,1
2026-06-02 20:45:00,1780413300,20.75,1,0,GRID_FALLBACK,24.69,0.0,0.09,3.31,0.0,0.0,0.0,24.44,RUNNING,0.0,OFF,0.0,OFF,10.16,34.6,34.6,0.0,35.0,08:00,17:00,3.0,17:00,1,4.5,0,50.0,-11.24,0.0,11.24,20.0,23.36,0.0,0.0,8.76,1897.08,1
2026-06-02 20:50:00,1780413600,20.833,1,0,GRID_FALLBACK,24.67,0.0,0.08,4.1,0.0,0.09,0.09,25.16,RUNNING,0.0,OFF,0.0,OFF,10.1,35.26,35.26,0.0,35.0,08:00,17:00,3.0,17:00,1,4.5,0,50.0,0.0,0.0,0.0,20.0,35.17,0.0,0.0,13.1887,1910.26,1
2026-06-02 20:55:00,1780413900,20.917,1,0,GRID_FALLBACK,24.32,0.0,0.07,3.85,0.0,0.04,0.04,25.8,RUNNING,0.0,OFF,0.0,OFF,9.86,35.65,35.65,0.0,35.0,08:00,17:00,3.0,17:00,1,4.5,0,50.0,0.0,0.0,0.0,20.0,35.61,0.0,0.0,13.3537,1923.62,1
2026-06-02 21:00:00,1780414200,21.0,1,0,GRID_FALLBACK,23.93,0.0,0.04,2.84,0.0,0.0,0.0,25.33,RUNNING,0.0,OFF,0.0,OFF,10.04,35.38,35.38,0.0,35.0,08:00,17:00,3.0,17:00,1,4.5,0,50.0,0.0,0.0,0.0,20.0,35.38,0.0,0.0,13.2675,1936.89,1
2026-06-02 21:05:00,1780414500,21.083,1,0,GRID_FALLBACK,23.58,0.0,0.07,3.13,0.0,0.0,0.0,25.06,RUNNING,0.0,OFF,0.0,OFF,10.17,35.23,35.23,0.0,35.0,08:00,17:00,3.0,17:00,1,4.5,0,50.0,0.0,0.0,0.0,20.0,35.23,0.0,0.0,13.2112,1950.1,1
2026-06-02 21:10:00,1780414800,21.167,1,0,GRID_FALLBACK,23.98,0.0,0.07,3.57,0.0,0.01,0.01,25.55,RUNNING,0.0,OFF,0.0,OFF,10.2,35.76,35.76,0.0,35.0,08:00,17:00,3.0,17:00,1,4.5,0,50.0,0.0,0.0,0.0,20.0,35.75,0.0,0.0,13.4062,1963.5,1
2026-06-02 21:15:00,1780415100,21.25,1,0,GRID_FALLBACK,23.78,0.0,0.02,2.9,0.0,0.0,0.0,24.4,RUNNING,0.0,OFF,0.0,OFF,9.86,34.26,34.26,0.0,35.0,08:00,17:00,3.0,17:00,1,4.5,0,50.0,0.0,0.0,0.0,20.0,34.26,0.0,0.0,12.8475,1976.35,1
2026-06-02 21:20:00,1780415400,21.333,1,0,GRID_FALLBACK,23.55,0.0,0.08,3.03,0.0,0.0,0.0,25.29,RUNNING,0.0,OFF,0.0,OFF,9.9,35.19,35.19,0.0,35.0,08:00,17:00,3.0,17:00,1,4.5,0,50.0,0.0,0.0,0.0,20.0,35.19,0.0,0.0,13.1962,1989.55,1
2026-06-02 21:25:00,1780415700,21.417,1,0,GRID_FALLBACK,22.8,0.0,0.04,3.92,0.0,0.05,0.05,24.69,RUNNING,0.0,OFF,0.0,OFF,10.17,34.86,34.86,0.0,35.0,08:00,17:00,3.0,17:00,1,4.5,0,50.0,0.0,0.0,0.0,20.0,34.81,0.0,0.0,13.0538,2002.6,1
2026-06-02 21:30:00,1780416000,21.5,1,0,GRID_FALLBACK,22.82,0.0,0.03,3.19,0.0,0.0,0.0,25.56,RUNNING,0.0,OFF,0.0,OFF,9.98,35.54,35.54,0.0,35.0,08:00,17:00,3.0,17:00,1,4.5,0,50.0,0.0,0.0,0.0,20.0,35.54,0.0,0.0,13.3275,2015.93,1
2026-06-02 21:35:00,1780416300,21.583,1,0,GRID_FALLBACK,23.08,0.0,0.06,4.23,0.0,0.13,0.13,24.31,RUNNING,0.0,OFF,0.0,OFF,10.23,34.55,34.55,0.0,35.0,08:00,17:00,3.0,17:00,1,4.5,0,50.0,0.0,0.0,0.0,20.0,34.42,0.0,0.0,12.9075,2028.84,1
2026-06-02 21:40:00,1780416600,21.667,1,0,GRID_FALLBACK,22.61,0.0,0.09,3.32,0.0,0.0,0.0,24.68,RUNNING,0.0,OFF,0.0,OFF,9.73,34.41,34.41,0.0,35.0,08:00,17:00,3.0,17:00,1,4.5,0,50.0,0.0,0.0,0.0,20.0,34.41,0.0,0.0,12.9037,2041.74,1
2026-06-02 21:45:00,1780416900,21.75,1,0,GRID_FALLBACK,22.72,0.0,0.01,3.03,0.0,0.0,0.0,24.85,RUNNING,0.0,OFF,0.0,OFF,10.04,34.9,34.9,0.0,35.0,08:00,17:00,3.0,17:00,1,4.5,0,50.0,0.0,0.0,0.0,20.0,34.9,0.0,0.0,13.0875,2054.83,1
2026-06-02 21:50:00,1780417200,21.833,1,0,GRID_FALLBACK,22.59,0.0,0.05,3.21,0.0,0.0,0.0,25.35,RUNNING,0.0,OFF,0.0,OFF,10.17,35.51,35.51,0.0,35.0,08:00,17:00,3.0,17:00,1,4.5,0,50.0,0.0,0.0,0.0,20.0,35.51,0.0,0.0,13.3162,2068.14,1
2026-06-02 21:55:00,1780417500,21.917,1,0,GRID_FALLBACK,22.09,0.0,0.06,2.98,0.0,0.0,0.0,25.22,RUNNING,0.0,OFF,0.0,OFF,9.7,34.92,34.92,0.0,35.0,08:00,17:00,3.0,17:00,1,4.5,0,50.0,0.0,0.0,0.0,20.0,34.92,0.0,0.0,13.095,2081.24,1
2026-06-02 22:00:00,1780417800,22.0,1,0,GRID_FALLBACK,21.75,0.0,0.08,2.97,0.0,0.0,0.0,25.42,RUNNING,0.0,OFF,0.0,OFF,9.99,35.42,35.42,0.0,35.0,08:00,17:00,3.0,17:00,1,4.5,0,50.0,0.0,0.0,0.0,20.0,35.42,0.0,0.0,13.2825,2094.52,1
2026-06-02 22:05:00,1780418100,22.083,1,0,GRID_FALLBACK,21.97,0.0,0.01,3.68,0.0,0.02,0.02,25.21,RUNNING,0.0,OFF,0.0,OFF,9.94,35.16,35.16,0.0,35.0,08:00,17:00,3.0,17:00,1,4.5,0,50.0,0.0,0.0,0.0,20.0,35.14,0.0,0.0,13.1775,2107.7,1
2026-06-02 22:10:00,1780418400,22.167,1,0,GRID_FALLBACK,21.97,0.0,0.04,2.76,0.0,0.0,0.0,24.52,RUNNING,0.0,OFF,0.0,OFF,9.92,34.44,34.44,0.0,35.0,08:00,17:00,3.0,17:00,1,4.5,0,50.0,0.0,0.0,0.0,20.0,34.44,0.0,0.0,12.915,2120.61,1
2026-06-02 22:15:00,1780418700,22.25,1,0,GRID_FALLBACK,21.04,0.0,0.03,4.04,0.0,0.08,0.08,24.5,RUNNING,0.0,OFF,0.0,OFF,10.11,34.61,34.61,0.0,35.0,08:00,17:00,3.0,17:00,1,4.5,0,50.0,0.0,0.0,0.0,20.0,34.53,0.0,0.0,12.9487,2133.56,1
2026-06-02 22:20:00,1780419000,22.333,1,0,GRID_FALLBACK,21.37,0.0,0.02,3.82,0.0,0.04,0.04,24.75,RUNNING,0.0,OFF,0.0,OFF,9.78,34.53,34.53,0.0,35.0,08:00,17:00,3.0,17:00,1,4.5,0,50.0,0.0,0.0,0.0,20.0,34.49,0.0,0.0,12.9337,2146.5,1
2026-06-02 22:25:00,1780419300,22.417,1,0,GRID_FALLBACK,21.01,0.0,0.06,2.98,0.0,0.0,0.0,25.52,RUNNING,0.0,OFF,0.0,OFF,9.88,35.4,35.4,0.0,35.0,08:00,17:00,3.0,17:00,1,4.5,0,50.0,0.0,0.0,0.0,20.0,35.4,0.0,0.0,13.275,2159.77,1
2026-06-02 22:30:00,1780419600,22.5,1,0,GRID_FALLBACK,20.77,0.0,0.07,3.68,0.0,0.02,0.02,24.74,RUNNING,0.0,OFF,0.0,OFF,10.23,34.97,34.97,0.0,35.0,08:00,17:00,3.0,17:00,1,4.5,0,50.0,0.0,0.0,0.0,20.0,34.95,0.0,0.0,13.1062,2172.88,1
2026-06-02 22:35:00,1780419900,22.583,1,0,GRID_FALLBACK,21.17,0.0,0.03,4.17,0.0,0.11,0.11,24.77,RUNNING,0.0,OFF,0.0,OFF,9.81,34.59,34.59,0.0,35.0,08:00,17:00,3.0,17:00,1,4.5,0,50.0,0.0,0.0,0.0,20.0,34.48,0.0,0.0,12.93,2185.81,1
2026-06-02 22:40:00,1780420200,22.667,1,0,GRID_FALLBACK,20.98,0.0,0.09,3.38,0.0,0.0,0.0,24.57,RUNNING,0.0,OFF,0.0,OFF,10.14,34.7,34.7,0.0,35.0,08:00,17:00,3.0,17:00,1,4.5,0,50.0,0.0,0.0,0.0,20.0,34.7,0.0,0.0,13.0125,2198.82,1
2026-06-02 22:45:00,1780420500,22.75,1,0,GRID_FALLBACK,20.17,0.0,0.07,3.69,0.0,0.02,0.02,24.47,RUNNING,0.0,OFF,0.0,OFF,9.92,34.39,34.39,0.0,35.0,08:00,17:00,3.0,17:00,1,4.5,0,50.0,0.0,0.0,0.0,20.0,34.37,0.0,0.0,12.8887,2211.71,1
2026-06-02 22:50:00,1780420800,22.833,1,0,GRID_FALLBACK,20.43,0.0,0.0,4.16,0.0,0.11,0.11,24.61,RUNNING,0.0,OFF,0.0,OFF,10.02,34.63,34.63,0.0,35.0,08:00,17:00,3.0,17:00,1,4.5,0,50.0,0.0,0.0,0.0,20.0,34.52,0.0,0.0,12.945,2224.65,1
2026-06-02 22:55:00,1780421100,22.917,1,0,GRID_FALLBACK,19.79,0.0,0.1,3.83,0.0,0.04,0.04,25.25,RUNNING,0.0,OFF,0.0,OFF,9.71,34.96,34.96,0.0,35.0,08:00,17:00,3.0,17:00,1,4.5,0,50.0,0.0,0.0,0.0,20.0,34.92,0.0,0.0,13.095,2237.75,1
2026-06-02 23:00:00,1780421400,23.0,1,0,GRID_FALLBACK,20.15,0.0,0.04,3.39,0.0,0.0,0.0,25.08,RUNNING,0.0,OFF,0.0,OFF,9.98,35.06,35.06,0.0,35.0,08:00,17:00,3.0,17:00,1,4.5,0,50.0,0.0,0.0,0.0,20.0,35.06,0.0,0.0,13.1475,2250.9,1
2026-06-02 23:05:00,1780421700,23.083,1,0,GRID_FALLBACK,19.57,0.0,0.07,3.81,0.0,0.04,0.04,24.68,RUNNING,0.0,OFF,0.0,OFF,10.1,34.78,34.78,0.0,35.0,08:00,17:00,3.0,17:00,1,4.5,0,50.0,0.0,0.0,0.0,20.0,34.74,0.0,0.0,13.0275,2263.92,1
2026-06-02 23:10:00,1780422000,23.167,1,0,GRID_FALLBACK,19.83,0.0,0.03,3.78,0.0,0.03,0.03,24.42,RUNNING,0.0,OFF,0.0,OFF,10.2,34.62,34.62,0.0,35.0,08:00,17:00,3.0,17:00,1,4.5,0,50.0,0.0,0.0,0.0,20.0,34.59,0.0,0.0,12.9712,2276.89,1
2026-06-02 23:15:00,1780422300,23.25,1,0,GRID_FALLBACK,19.24,0.0,0.07,3.02,0.0,0.0,0.0,24.38,RUNNING,0.0,OFF,0.0,OFF,9.76,34.15,34.15,0.0,35.0,08:00,17:00,3.0,17:00,1,4.5,0,50.0,0.0,0.0,0.0,20.0,34.15,0.0,0.0,12.8062,2289.7,1
2026-06-02 23:20:00,1780422600,23.333,1,0,GRID_FALLBACK,19.17,0.0,0.02,3.27,0.0,0.0,0.0,25.04,RUNNING,0.0,OFF,0.0,OFF,9.82,34.86,34.86,0.0,35.0,08:00,17:00,3.0,17:00,1,4.5,0,50.0,0.0,0.0,0.0,20.0,34.86,0.0,0.0,13.0725,2302.77,1
2026-06-02 23:25:00,1780422900,23.417,1,0,GRID_FALLBACK,19.43,0.0,0.03,2.93,0.0,0.0,0.0,24.99,RUNNING,0.0,OFF,0.0,OFF,9.82,34.82,34.82,0.0,35.0,08:00,17:00,3.0,17:00,1,4.5,0,50.0,0.0,0.0,0.0,20.0,34.82,0.0,0.0,13.0575,2315.83,1
2026-06-02 23:30:00,1780423200,23.5,1,0,GRID_FALLBACK,19.48,0.0,0.03,2.89,0.0,0.0,0.0,25.27,RUNNING,0.0,OFF,0.0,OFF,10.24,35.52,35.52,0.0,35.0,08:00,17:00,3.0,17:00,1,4.5,0,50.0,0.0,0.0,0.0,20.0,35.52,0.0,0.0,13.32,2329.15,1
2026-06-02 23:35:00,1780423500,23.583,1,0,GRID_FALLBACK,19.26,0.0,0.07,3.15,0.0,0.0,0.0,24.34,RUNNING,0.0,OFF,0.0,OFF,10.01,34.35,34.35,0.0,35.0,08:00,17:00,3.0,17:00,1,4.5,0,50.0,0.0,0.0,0.0,20.0,34.35,0.0,0.0,12.8813,2342.03,1
2026-06-02 23:40:00,1780423800,23.667,1,0,GRID_FALLBACK,19.04,0.0,0.01,3.34,0.0,0.0,0.0,24.57,RUNNING,0.0,OFF,0.0,OFF,10.29,34.86,34.86,0.0,35.0,08:00,17:00,3.0,17:00,1,4.5,0,50.0,0.0,0.0,0.0,20.0,34.86,0.0,0.0,13.0725,2355.1,1
2026-06-02 23:45:00,1780424100,23.75,1,0,GRID_FALLBACK,18.56,0.0,0.05,3.12,0.0,0.0,0.0,24.48,RUNNING,0.0,OFF,0.0,OFF,9.72,34.2,34.2,0.0,35.0,08:00,17:00,3.0,17:00,1,4.5,0,50.0,0.0,0.0,0.0,20.0,34.2,0.0,0.0,12.825,2367.93,1
2026-06-02 23:50:00,1780424400,23.833,1,0,GRID_FALLBACK,18.43,0.0,0.08,3.48,0.0,0.01,0.01,25.38,RUNNING,0.0,OFF,0.0,OFF,9.76,35.14,35.14,0.0,35.0,08:00,17:00,3.0,17:00,1,4.5,0,50.0,0.0,0.0,0.0,20.0,35.13,0.0,0.0,13.1738,2381.1,1
2026-06-02 23:55:00,1780424700,23.917,1,0,GRID_FALLBACK,18.67,0.0,0.0,4.37,0.0,0.18,0.18,25.26,RUNNING,0.0,OFF,0.0,OFF,9.8,35.06,35.06,0.0,35.0,08:00,17:00,3.0,17:00,1,4.5,0,50.0,0.0,0.0,0.0,20.0,34.88,0.0,0.0,13.08,2394.18,1
2026-06-03 00:00:00,1780425000,0.0,2,0,GRID_FALLBACK,18.23,0.0,0.09,6.03,0.0,1.91,1.91,25.61,RUNNING,0.0,OFF,0.0,OFF,9.76,35.36,35.36,0.0,35.0,08:00,17:00,3.0,17:00,1,4.5,0,50.0,0.0,0.0,0.0,20.0,33.45,0.0,0.0,12.5437,2406.73,1
2026-06-03 00:05:00,1780425300,0.083,2,0,GRID_FALLBACK,18.47,0.0,0.07,5.7,0.0,1.36,1.36,25.74,RUNNING,0.0,OFF,0.0,OFF,9.86,35.6,35.6,0.0,35.0,08:00,17:00,3.0,17:00,1,4.5,0,50.0,0.0,0.0,0.0,20.0,34.24,0.0,0.0,12.84,2419.57,1
2026-06-03 00:10:00,1780425600,0.167,2,0,GRID_FALLBACK,18.01,0.0,0.14,6.37,0.0,2.63,2.63,25.24,RUNNING,0.0,OFF,0.0,OFF,10.18,35.42,35.42,0.0,35.0,08:00,17:00,3.0,17:00,1,4.5,0,50.0,0.0,0.0,0.0,20.0,32.79,0.0,0.0,12.2963,2431.86,1
2026-06-03 00:15:00,1780425900,0.25,2,0,GRID_FALLBACK,17.68,0.0,0.12,5.22,0.0,0.75,0.75,25.71,RUNNING,0.0,OFF,0.0,OFF,9.8,35.5,35.5,0.0,35.0,08:00,17:00,3.0,17:00,1,4.5,0,50.0,0.0,0.0,0.0,20.0,34.75,0.0,0.0,13.0312,2444.89,1
2026-06-03 00:20:00,1780426200,0.333,2,0,GRID_FALLBACK,17.8,0.0,0.11,6.44,0.0,2.78,2.78,25.29,RUNNING,0.0,OFF,0.0,OFF,9.81,35.09,35.09,0.0,35.0,08:00,17:00,3.0,17:00,1,4.5,0,50.0,0.0,0.0,0.0,20.0,32.31,0.0,0.0,12.1163,2457.01,1
2026-06-03 00:25:00,1780426500,0.417,2,0,GRID_FALLBACK,17.66,0.0,0.09,5.23,0.0,0.76,0.76,25.3,RUNNING,0.0,OFF,0.0,OFF,10.2,35.5,35.5,0.0,35.0,08:00,17:00,3.0,17:00,1,4.5,0,50.0,0.0,0.0,0.0,20.0,34.74,0.0,0.0,13.0275,2470.04,1
2026-06-03 00:30:00,1780426800,0.5,2,0,GRID_FALLBACK,18.03,0.0,0.06,6.69,0.0,3.44,3.44,24.38,RUNNING,0.0,OFF,0.0,OFF,9.95,34.33,34.33,0.0,35.0,08:00,17:00,3.0,17:00,1,4.5,0,50.0,0.0,0.0,0.0,20.0,30.89,0.0,0.0,11.5837,2481.62,1
2026-06-03 00:35:00,1780427100,0.583,2,0,GRID_FALLBACK,17.19,0.0,0.08,5.75,0.0,1.43,1.43,25.33,RUNNING,0.0,OFF,0.0,OFF,10.11,35.43,35.43,0.0,35.0,08:00,17:00,3.0,17:00,1,4.5,0,50.0,0.0,0.0,0.0,20.0,34.0,0.0,0.0,12.75,2494.37,1
2026-06-03 00:40:00,1780427400,0.667,2,0,GRID_FALLBACK,17.66,0.0,0.11,6.19,0.0,2.22,2.22,25.76,RUNNING,0.0,OFF,0.0,OFF,10.1,35.87,35.87,0.0,35.0,08:00,17:00,3.0,17:00,1,4.5,0,50.0,0.0,0.0,0.0,20.0,33.65,0.0,0.0,12.6187,2506.99,1
2026-06-03 00:45:00,1780427700,0.75,2,0,GRID_FALLBACK,17.22,0.0,0.1,6.44,0.0,2.8,2.8,24.35,RUNNING,0.0,OFF,0.0,OFF,10.1,34.45,34.45,0.0,35.0,08:00,17:00,3.0,17:00,1,4.5,0,50.0,0.0,0.0,0.0,20.0,31.65,0.0,0.0,11.8688,2518.86,1
2026-06-03 00:50:00,1780428000,0.833,2,0,GRID_FALLBACK,17.05,0.0,0.08,6.44,0.0,2.79,2.79,24.82,RUNNING,0.0,OFF,0.0,OFF,10.2,35.02,35.02,0.0,35.0,08:00,17:00,3.0,17:00,1,4.5,0,50.0,0.0,0.0,0.0,20.0,32.23,0.0,0.0,12.0863,2530.95,1
2026-06-03 00:55:00,1780428300,0.917,2,0,GRID_FALLBACK,17.21,0.0,0.15,5.48,0.0,1.05,1.05,25.23,RUNNING,0.0,OFF,0.0,OFF,9.79,35.02,35.02,0.0,35.0,08:00,17:00,3.0,17:00,1,4.5,0,50.0,0.0,0.0,0.0,20.0,33.97,0.0,0.0,12.7388,2543.68,1
2026-06-03 01:00:00,1780428600,1.0,2,0,GRID_FALLBACK,17.35,0.0,0.14,6.82,0.0,3.83,3.83,24.32,RUNNING,0.0,OFF,0.0,OFF,9.99,34.31,34.31,0.0,35.0,08:00,17:00,3.0,17:00,1,4.5,0,50.0,0.0,0.0,0.0,20.0,30.48,0.0,0.0,11.43,2555.11,1
2026-06-03 01:05:00,1780428900,1.083,2,0,GRID_FALLBACK,16.78,0.0,0.15,5.55,0.0,1.14,1.14,24.56,RUNNING,0.0,OFF,0.0,OFF,10.09,34.64,34.64,0.0,35.0,08:00,17:00,3.0,17:00,1,4.5,0,50.0,0.0,0.0,0.0,20.0,33.5,0.0,0.0,12.5625,2567.68,1
2026-06-03 01:10:00,1780429200,1.167,2,0,GRID_FALLBACK,16.83,0.0,0.07,6.25,0.0,2.34,2.34,25.48,RUNNING,0.0,OFF,0.0,OFF,9.97,35.45,35.45,0.0,35.0,08:00,17:00,3.0,17:00,1,4.5,0,50.0,0.0,0.0,0.0,20.0,33.11,0.0,0.0,12.4162,2580.09,1
2026-06-03 01:15:00,1780429500,1.25,2,0,GRID_FALLBACK,17.11,0.0,0.09,5.74,0.0,1.41,1.41,25.0,RUNNING,0.0,OFF,0.0,OFF,10.09,35.09,35.09,0.0,35.0,08:00,17:00,3.0,17:00,1,4.5,0,50.0,0.0,0.0,0.0,20.0,33.68,0.0,0.0,12.63,2592.72,1
2026-06-03 01:20:00,1780429800,1.333,2,0,GRID_FALLBACK,16.43,0.0,0.09,6.48,0.0,2.9,2.9,24.2,RUNNING,0.0,OFF,0.0,OFF,9.75,33.95,33.95,0.0,35.0,08:00,17:00,3.0,17:00,1,4.5,0,50.0,0.0,0.0,0.0,20.0,31.05,0.0,0.0,11.6438,2604.37,1
2026-06-03 01:25:00,1780430100,1.417,2,0,GRID_FALLBACK,16.76,0.0,0.11,6.12,0.0,2.09,2.09,25.01,RUNNING,0.0,OFF,0.0,OFF,9.82,34.84,34.84,0.0,35.0,08:00,17:00,3.0,17:00,1,4.5,0,50.0,0.0,0.0,0.0,20.0,32.75,0.0,0.0,12.2812,2616.65,1
2026-06-03 01:30:00,1780430400,1.5,2,0,GRID_FALLBACK,16.75,0.0,0.15,6.26,0.0,2.38,2.38,24.29,RUNNING,0.0,OFF,0.0,OFF,9.83,34.12,34.12,0.0,35.0,08:00,17:00,3.0,17:00,1,4.5,0,50.0,0.0,0.0,0.0,20.0,31.74,0.0,0.0,11.9025,2628.55,1
2026-06-03 01:35:00,1780430700,1.583,2,0,GRID_FALLBACK,16.51,0.0,0.11,6.71,0.0,3.51,3.51,24.96,RUNNING,0.0,OFF,0.0,OFF,10.09,35.05,35.05,0.0,35.0,08:00,17:00,3.0,17:00,1,4.5,0,50.0,0.0,0.0,0.0,20.0,31.54,0.0,0.0,11.8275,2640.38,1
2026-06-03 01:40:00,1780431000,1.667,2,0,GRID_FALLBACK,16.66,0.0,0.06,6.98,0.0,4.33,4.33,24.55,RUNNING,0.0,OFF,0.0,OFF,9.9,34.46,34.46,0.0,35.0,08:00,17:00,3.0,17:00,1,4.5,0,50.0,0.0,0.0,0.0,20.0,30.13,0.0,0.0,11.2988,2651.68,1
2026-06-03 01:45:00,1780431300,1.75,2,0,GRID_FALLBACK,16.69,0.0,0.15,6.28,0.0,2.42,2.42,25.04,RUNNING,0.0,OFF,0.0,OFF,10.12,35.16,35.16,0.0,35.0,08:00,17:00,3.0,17:00,1,4.5,0,50.0,0.0,0.0,0.0,20.0,32.74,0.0,0.0,12.2775,2663.95,1
2026-06-03 01:50:00,1780431600,1.833,2,0,GRID_FALLBACK,16.01,0.0,0.07,6.08,0.0,2.01,2.01,25.35,RUNNING,0.0,OFF,0.0,OFF,10.13,35.48,35.48,0.0,35.0,08:00,17:00,3.0,17:00,1,4.5,0,50.0,0.0,0.0,0.0,20.0,33.47,0.0,0.0,12.5512,2676.51,1
2026-06-03 01:55:00,1780431900,1.917,2,0,GRID_FALLBACK,16.01,0.0,0.11,6.2,0.0,2.25,2.25,25.69,RUNNING,0.0,OFF,0.0,OFF,9.94,35.62,35.62,0.0,35.0,08:00,17:00,3.0,17:00,1,4.5,0,50.0,0.0,0.0,0.0,20.0,33.37,0.0,0.0,12.5137,2689.02,1
2026-06-03 02:00:00,1780432200,2.0,2,0,GRID_FALLBACK,16.24,0.0,0.13,7.1,0.0,4.72,4.72,24.37,RUNNING,0.0,OFF,0.0,OFF,9.95,34.32,34.32,0.0,35.0,08:00,17:00,3.0,17:00,1,4.5,0,50.0,0.0,0.0,0.0,20.0,29.6,0.0,0.0,11.1,2700.12,1
2026-06-03 02:05:00,1780432500,2.083,2,0,GRID_FALLBACK,16.57,0.0,0.13,6.94,0.0,4.19,4.19,25.44,RUNNING,0.0,OFF,0.0,OFF,9.97,35.41,35.41,0.0,35.0,08:00,17:00,3.0,17:00,1,4.5,0,50.0,0.0,0.0,0.0,20.0,31.22,0.0,0.0,11.7075,2711.83,1
2026-06-03 02:10:00,1780432800,2.167,2,0,GRID_FALLBACK,16.32,0.0,0.15,6.26,0.0,2.38,2.38,25.0,RUNNING,0.0,OFF,0.0,OFF,10.02,35.02,35.02,0.0,35.0,08:00,17:00,3.0,17:00,1,4.5,0,50.0,0.0,0.0,0.0,20.0,32.64,0.0,0.0,12.24,2724.07,1
2026-06-03 02:15:00,1780433100,2.25,2,0,GRID_FALLBACK,15.79,0.0,0.14,7.44,0.0,5.99,5.99,24.97,RUNNING,0.0,OFF,0.0,OFF,10.0,34.98,34.98,0.0,35.0,08:00,17:00,3.0,17:00,1,4.5,0,50.0,0.0,0.0,0.0,20.0,28.99,0.0,0.0,10.8712,2734.94,1
2026-06-03 02:20:00,1780433400,2.333,2,0,GRID_FALLBACK,16.46,0.0,0.07,7.07,0.0,4.62,4.62,25.37,RUNNING,0.0,OFF,0.0,OFF,9.78,35.15,35.15,0.0,35.0,08:00,17:00,3.0,17:00,1,4.5,0,50.0,0.0,0.0,0.0,20.0,30.53,0.0,0.0,11.4487,2746.39,1
2026-06-03 02:25:00,1780433700,2.417,2,0,GRID_FALLBACK,16.0,0.0,0.11,7.61,0.0,6.7,6.7,25.01,RUNNING,0.0,OFF,0.0,OFF,9.93,34.94,34.94,0.0,35.0,08:00,17:00,3.0,17:00,1,4.5,0,50.0,0.0,0.0,0.0,20.0,28.24,0.0,0.0,10.59,2756.98,1
2026-06-03 02:30:00,1780434000,2.5,2,0,GRID_FALLBACK,16.45,0.0,0.14,7.46,0.0,6.1,6.1,24.64,RUNNING,0.0,OFF,0.0,OFF,10.28,34.92,34.92,0.0,35.0,08:00,17:00,3.0,17:00,1,4.5,0,50.0,0.0,0.0,0.0,20.0,28.82,0.0,0.0,10.8075,2767.78,1
2026-06-03 02:35:00,1780434300,2.583,2,0,GRID_FALLBACK,16.42,0.0,0.1,6.51,0.0,2.96,2.96,24.86,RUNNING,0.0,OFF,0.0,OFF,10.12,34.98,34.98,0.0,35.0,08:00,17:00,3.0,17:00,1,4.5,0,50.0,0.0,0.0,0.0,20.0,32.02,0.0,0.0,12.0075,2779.79,1
2026-06-03 02:40:00,1780434600,2.667,2,0,GRID_FALLBACK,16.23,0.0,0.08,7.47,0.0,6.11,6.11,25.58,RUNNING,0.0,OFF,0.0,OFF,10.13,35.7,35.7,0.0,35.0,08:00,17:00,3.0,17:00,1,4.5,0,50.0,0.0,0.0,0.0,20.0,29.59,0.0,0.0,11.0963,2790.89,1
2026-06-03 02:45:00,1780434900,2.75,2,0,GRID_FALLBACK,16.37,0.0,0.11,6.72,0.0,3.52,3.52,25.2,RUNNING,0.0,OFF,0.0,OFF,9.87,35.07,35.07,0.0,35.0,08:00,17:00,3.0,17:00,1,4.5,0,50.0,0.0,0.0,0.0,20.0,31.55,0.0,0.0,11.8312,2802.72,1
2026-06-03 02:50:00,1780435200,2.833,2,0,GRID_FALLBACK,15.88,0.0,0.12,8.02,0.0,8.67,8.67,25.24,RUNNING,0.0,OFF,0.0,OFF,10.27,35.52,35.52,0.0,35.0,08:00,17:00,3.0,17:00,1,4.5,0,50.0,0.0,0.0,0.0,20.0,26.85,0.0,0.0,10.0687,2812.79,1
2026-06-03 02:55:00,1780435500,2.917,2,0,GRID_FALLBACK,16.01,0.0,0.12,7.02,0.0,4.44,4.44,24.38,RUNNING,0.0,OFF,0.0,OFF,9.91,34.3,34.3,0.0,35.0,08:00,17:00,3.0,17:00,1,4.5,0,50.0,0.0,0.0,0.0,20.0,29.86,0.0,0.0,11.1975,2823.99,1
2026-06-03 03:00:00,1780435800,3.0,2,0,GRID_FALLBACK,15.98,0.0,0.11,7.62,0.0,6.77,6.77,24.87,RUNNING,0.0,OFF,0.0,OFF,10.15,35.02,35.02,0.0,35.0,08:00,17:00,3.0,17:00,1,4.5,0,50.0,0.0,0.0,0.0,20.0,28.25,0.0,0.0,10.5938,2834.58,1
2026-06-03 03:05:00,1780436100,3.083,2,0,GRID_FALLBACK,16.28,0.0,0.08,7.96,0.0,8.38,8.38,25.49,RUNNING,0.0,OFF,0.0,OFF,10.01,35.51,35.51,0.0,35.0,08:00,17:00,3.0,17:00,1,4.5,0,50.0,0.0,0.0,0.0,20.0,27.13,0.0,0.0,10.1737,2844.75,1
2026-06-03 03:10:00,1780436400,3.167,2,0,GRID_FALLBACK,15.63,0.0,0.06,7.73,0.0,7.26,7.26,24.52,RUNNING,0.0,OFF,0.0,OFF,10.15,34.67,34.67,0.0,35.0,08:00,17:00,3.0,17:00,1,4.5,0,50.0,0.0,0.0,0.0,20.0,27.41,0.0,0.0,10.2788,2855.03,1
2026-06-03 03:15:00,1780436700,3.25,2,0,GRID_FALLBACK,15.75,0.0,0.08,7.11,0.0,4.77,4.77,25.54,RUNNING,0.0,OFF,0.0,OFF,10.11,35.66,35.66,0.0,35.0,08:00,17:00,3.0,17:00,1,4.5,0,50.0,0.0,0.0,0.0,20.0,30.89,0.0,0.0,11.5837,2866.62,1
2026-06-03 03:20:00,1780437000,3.333,2,0,GRID_FALLBACK,15.87,0.0,0.13,6.82,0.0,3.82,3.82,25.5,RUNNING,0.0,OFF,0.0,OFF,9.76,35.26,35.26,0.0,35.0,08:00,17:00,3.0,17:00,1,4.5,0,50.0,0.0,0.0,0.0,20.0,31.44,0.0,0.0,11.79,2878.41,1
2026-06-03 03:25:00,1780437300,3.417,2,0,GRID_FALLBACK,16.34,0.0,0.12,8.2,0.0,9.66,9.66,25.39,RUNNING,0.0,OFF,0.0,OFF,10.04,35.42,35.42,0.0,35.0,08:00,17:00,3.0,17:00,1,4.5,0,50.0,0.0,0.0,0.0,20.0,25.76,0.0,0.0,9.66,2888.07,1
2026-06-03 03:30:00,1780437600,3.5,2,0,GRID_FALLBACK,15.86,0.0,0.13,8.15,0.0,9.38,9.38,24.66,RUNNING,0.0,OFF,0.0,OFF,10.1,34.76,34.76,0.0,35.0,08:00,17:00,3.0,17:00,1,4.5,0,50.0,0.0,0.0,0.0,20.0,25.38,0.0,0.0,9.5175,2897.58,1
2026-06-03 03:35:00,1780437900,3.583,2,0,GRID_FALLBACK,16.43,0.0,0.09,8.46,0.0,11.16,11.16,25.76,RUNNING,0.0,OFF,0.0,OFF,9.89,35.65,35.65,0.0,35.0,08:00,17:00,3.0,17:00,1,4.5,0,50.0,0.0,0.0,0.0,20.0,24.49,0.0,0.0,9.1837,2906.77,1
2026-06-03 03:40:00,1780438200,3.667,2,0,GRID_FALLBACK,16.16,0.0,0.05,7.38,0.0,5.78,5.78,25.19,RUNNING,0.0,OFF,0.0,OFF,10.17,35.36,35.36,0.0,35.0,08:00,17:00,3.0,17:00,1,4.5,0,50.0,0.0,0.0,0.0,20.0,29.58,0.0,0.0,11.0925,2917.86,1
2026-06-03 03:45:00,1780438500,3.75,2,0,GRID_FALLBACK,16.45,0.0,0.13,8.49,0.0,11.38,11.38,25.33,RUNNING,0.0,OFF,0.0,OFF,10.09,35.42,35.42,0.0,35.0,08:00,17:00,3.0,17:00,1,4.5,0,50.0,0.0,0.0,0.0,20.0,24.04,0.0,0.0,9.015,2926.87,1
2026-06-03 03:50:00,1780438800,3.833,2,0,GRID_FALLBACK,16.39,0.0,0.1,8.06,0.0,8.87,8.87,25.44,RUNNING,0.0,OFF,0.0,OFF,10.28,35.72,35.72,0.0,35.0,08:00,17:00,3.0,17:00,1,4.5,0,50.0,0.0,0.0,0.0,20.0,26.85,0.0,0.0,10.0687,2936.94,1
2026-06-03 03:55:00,1780439100,3.917,2,0,GRID_FALLBACK,16.06,0.0,0.07,8.24,0.0,9.86,9.86,24.5,RUNNING,0.0,OFF,0.0,OFF,9.8,34.3,34.3,0.0,35.0,08:00,17:00,3.0,17:00,1,4.5,0,50.0,0.0,0.0,0.0,20.0,24.44,0.0,0.0,9.165,2946.11,1
2026-06-03 04:00:00,1780439400,4.0,2,0,GRID_FALLBACK,16.28,0.0,0.09,7.89,0.0,8.0,8.0,25.09,RUNNING,0.0,OFF,0.0,OFF,9.78,34.87,34.87,0.0,35.0,08:00,17:00,3.0,17:00,1,4.5,0,50.0,0.0,0.0,0.0,20.0,26.87,0.0,0.0,10.0762,2956.18,1
2026-06-03 04:05:00,1780439700,4.083,2,0,GRID_FALLBACK,16.39,0.0,0.08,7.78,0.0,7.51,7.51,25.34,RUNNING,0.0,OFF,0.0,OFF,9.79,35.13,35.13,0.0,35.0,08:00,17:00,3.0,17:00,1,4.5,0,50.0,0.0,0.0,0.0,20.0,27.62,0.0,0.0,10.3575,2966.54,1
2026-06-03 04:10:00,1780440000,4.167,2,0,GRID_FALLBACK,16.09,0.0,0.08,7.39,0.0,5.8,5.8,25.69,RUNNING,0.0,OFF,0.0,OFF,10.07,35.76,35.76,0.0,35.0,08:00,17:00,3.0,17:00,1,4.5,0,50.0,0.0,0.0,0.0,20.0,29.96,0.0,0.0,11.235,2977.78,1
2026-06-03 04:15:00,1780440300,4.25,2,0,GRID_FALLBACK,16.55,0.0,0.1,8.28,0.0,10.09,10.09,24.77,RUNNING,0.0,OFF,0.0,OFF,10.17,34.94,34.94,0.0,35.0,08:00,17:00,3.0,17:00,1,4.5,0,50.0,0.0,0.0,0.0,20.0,24.85,0.0,0.0,9.3187,2987.1,1
2026-06-03 04:20:00,1780440600,4.333,2,0,GRID_FALLBACK,16.34,0.0,0.07,7.71,0.0,7.18,7.18,24.31,RUNNING,0.0,OFF,0.0,OFF,10.0,34.31,34.31,0.0,35.0,08:00,17:00,3.0,17:00,1,4.5,0,50.0,0.0,0.0,0.0,20.0,27.13,0.0,0.0,10.1738,2997.27,1
2026-06-03 04:25:00,1780440900,4.417,2,0,GRID_FALLBACK,16.48,0.0,0.1,7.62,0.0,6.76,6.76,24.55,RUNNING,0.0,OFF,0.0,OFF,9.83,34.38,34.38,0.0,35.0,08:00,17:00,3.0,17:00,1,4.5,0,50.0,0.0,0.0,0.0,20.0,27.62,0.0,0.0,10.3575,3007.63,1
2026-06-03 04:30:00,1780441200,4.5,2,0,GRID_FALLBACK,16.47,0.0,0.09,7.88,0.0,7.95,7.95,25.4,RUNNING,0.0,OFF,0.0,OFF,10.02,35.42,35.42,0.0,35.0,08:00,17:00,3.0,17:00,1,4.5,0,50.0,0.0,0.0,0.0,20.0,27.47,0.0,0.0,10.3012,3017.93,1
2026-06-03 04:35:00,1780441500,4.583,2,0,GRID_FALLBACK,17.07,0.0,0.13,9.15,0.0,15.95,15.95,24.21,RUNNING,0.0,OFF,0.0,OFF,10.1,34.32,34.32,0.0,35.0,08:00,17:00,3.0,17:00,1,4.5,0,50.0,0.0,0.0,0.0,20.0,18.37,0.0,0.0,6.8887,3024.82,1
2026-06-03 04:40:00,1780441800,4.667,2,0,GRID_FALLBACK,16.71,0.0,0.14,8.62,0.0,12.15,12.15,25.19,RUNNING,0.0,OFF,0.0,OFF,10.28,35.47,35.47,0.0,35.0,08:00,17:00,3.0,17:00,1,4.5,0,50.0,0.0,0.0,0.0,20.0,23.32,0.0,0.0,8.745,3033.56,1
2026-06-03 04:45:00,1780442100,4.75,2,0,GRID_FALLBACK,16.97,0.0,0.08,9.15,0.0,15.98,15.98,25.71,RUNNING,0.0,OFF,0.0,OFF,9.93,35.64,35.64,0.0,35.0,08:00,17:00,3.0,17:00,1,4.5,0,50.0,0.0,0.0,0.0,20.0,19.66,0.0,0.0,7.3725,3040.93,1
2026-06-03 04:50:00,1780442400,4.833,2,0,GRID_FALLBACK,16.94,0.0,0.08,9.2,0.0,16.34,16.34,25.52,RUNNING,0.0,OFF,0.0,OFF,9.92,35.44,35.44,0.0,35.0,08:00,17:00,3.0,17:00,1,4.5,0,50.0,0.0,0.0,0.0,20.0,19.1,0.0,0.0,7.1625,3048.1,1
2026-06-03 04:55:00,1780442700,4.917,2,0,GRID_FALLBACK,17.23,0.0,0.09,7.86,0.0,7.89,7.89,25.64,RUNNING,0.0,OFF,0.0,OFF,9.82,35.45,35.45,0.0,35.0,08:00,17:00,3.0,17:00,1,4.5,0,50.0,0.0,0.0,0.0,20.0,27.56,0.0,0.0,10.335,3058.43,1
2026-06-03 05:00:00,1780443000,5.0,2,0,GRID_FALLBACK,17.08,0.0,0.14,8.11,0.0,9.18,9.18,25.73,RUNNING,0.0,OFF,0.0,OFF,10.02,35.75,35.75,0.0,35.0,08:00,17:00,3.0,17:00,1,4.5,0,50.0,0.0,0.0,0.0,20.0,26.57,0.0,0.0,9.9637,3068.4,1
2026-06-03 05:05:00,1780443300,5.083,2,0,GRID_FALLBACK,16.77,0.0,0.06,8.97,0.0,14.61,14.61,25.44,RUNNING,0.0,OFF,0.0,OFF,10.22,35.66,35.66,0.0,35.0,08:00,17:00,3.0,17:00,1,4.5,0,50.0,0.0,0.0,0.0,20.0,21.05,0.0,0.0,7.8937,3076.29,1
2026-06-03 05:10:00,1780443600,5.167,2,0,GRID_FALLBACK,17.19,0.0,0.06,8.81,0.0,13.47,13.47,25.32,RUNNING,0.0,OFF,0.0,OFF,10.29,35.61,35.61,0.0,35.0,08:00,17:00,3.0,17:00,1,4.5,0,50.0,0.0,0.0,0.0,20.0,22.14,0.0,0.0,8.3025,3084.59,1
2026-06-03 05:15:00,1780443900,5.25,2,0,GRID_FALLBACK,17.57,0.0,0.11,9.51,0.0,18.9,18.9,25.4,RUNNING,0.0,OFF,0.0,OFF,9.79,35.19,35.19,0.0,35.0,08:00,17:00,3.0,17:00,1,4.5,0,50.0,0.0,0.0,0.0,20.0,16.29,0.0,0.0,6.1087,3090.7,1
2026-06-03 05:20:00,1780444200,5.333,2,0,GRID_FALLBACK,17.41,0.0,0.08,8.2,0.0,9.62,9.62,24.29,RUNNING,0.0,OFF,0.0,OFF,10.18,34.46,34.46,0.0,35.0,08:00,17:00,3.0,17:00,1,4.5,0,50.0,0.0,0.0,0.0,20.0,24.84,0.0,0.0,9.315,3100.02,1
2026-06-03 05:25:00,1780444500,5.417,2,0,GRID_FALLBACK,17.59,0.0,0.11,8.47,0.0,11.23,11.23,24.61,RUNNING,0.0,OFF,0.0,OFF,9.93,34.55,34.55,0.0,35.0,08:00,17:00,3.0,17:00,1,4.5,0,50.0,0.0,0.0,0.0,20.0,23.32,0.0,0.0,8.745,3108.76,1
2026-06-03 05:30:00,1780444800,5.5,2,0,GRID_FALLBACK,17.76,0.0,0.09,8.18,0.0,9.55,9.55,25.28,RUNNING,0.0,OFF,0.0,OFF,10.02,35.3,35.3,0.0,35.0,08:00,17:00,3.0,17:00,1,4.5,0,50.0,0.0,0.0,0.0,20.0,25.75,0.0,0.0,9.6562,3118.42,1
2026-06-03 05:35:00,1780445100,5.583,2,0,GRID_FALLBACK,17.87,0.0,0.11,9.42,0.0,18.12,18.12,25.14,RUNNING,0.0,OFF,0.0,OFF,10.12,35.26,35.26,0.0,35.0,08:00,17:00,3.0,17:00,1,4.5,0,50.0,0.0,0.0,0.0,20.0,17.14,0.0,0.0,6.4275,3124.84,1
2026-06-03 05:40:00,1780445400,5.667,2,0,GRID_FALLBACK,17.53,0.0,0.14,8.43,0.0,10.96,10.96,25.46,RUNNING,0.0,OFF,0.0,OFF,9.88,35.34,35.34,0.0,35.0,08:00,17:00,3.0,17:00,1,4.5,0,50.0,0.0,0.0,0.0,20.0,24.38,0.0,0.0,9.1425,3133.99,1
2026-06-03 05:45:00,1780445700,5.75,2,0,GRID_FALLBACK,17.65,0.0,0.13,9.01,0.0,14.86,14.86,24.83,RUNNING,0.0,OFF,0.0,OFF,10.1,34.93,34.93,0.0,35.0,08:00,17:00,3.0,17:00,1,4.5,0,50.0,0.0,0.0,0.0,20.0,20.07,0.0,0.0,7.5262,3141.51,1
2026-06-03 05:50:00,1780446000,5.833,2,0,GRID_FALLBACK,18.08,0.0,0.1,8.57,0.0,11.87,11.87,24.83,RUNNING,0.0,OFF,0.0,OFF,10.18,35.0,35.0,0.0,35.0,08:00,17:00,3.0,17:00,1,4.5,0,50.0,0.0,0.0,0.0,20.0,23.13,0.0,0.0,8.6738,3150.19,1
2026-06-03 05:55:00,1780446300,5.917,2,0,GRID_FALLBACK,18.26,0.0,0.15,8.63,0.0,12.26,12.26,25.28,RUNNING,0.0,OFF,0.0,OFF,10.25,35.53,35.53,0.0,35.0,08:00,17:00,3.0,17:00,1,4.5,0,50.0,0.0,0.0,0.0,20.0,23.27,0.0,0.0,8.7263,3158.91,1
2026-06-03 06:00:00,1780446600,6.0,2,0,GRID_FALLBACK,18.58,0.0,0.12,9.05,0.45,15.17,15.62,25.09,RUNNING,0.0,OFF,0.0,OFF,10.03,35.12,35.12,0.0,35.0,08:00,17:00,3.0,17:00,1,4.5,0,50.0,0.0,0.0,0.0,20.0,19.5,0.0,0.0,7.3125,3166.23,1
2026-06-03 06:05:00,1780446900,6.083,2,0,GRID_FALLBACK,18.17,20.7,0.05,9.45,2.17,18.42,20.58,25.72,RUNNING,0.0,OFF,0.0,OFF,9.88,35.6,35.6,0.0,35.0,08:00,17:00,3.0,17:00,1,4.5,0,50.0,0.0,0.0,0.0,20.0,15.02,0.0,0.0,5.6325,3171.86,1
2026-06-03 06:10:00,1780447200,6.167,2,0,GRID_FALLBACK,18.79,37.5,0.14,9.09,3.76,15.52,19.27,25.23,RUNNING,0.0,OFF,0.0,OFF,10.01,35.24,35.24,0.0,35.0,08:00,17:00,3.0,17:00,1,4.5,0,50.0,0.0,0.0,0.0,20.0,15.97,0.0,0.0,5.9888,3177.85,1
2026-06-03 06:15:00,1780447500,6.25,2,0,GRID_FALLBACK,18.45,60.7,0.07,9.92,5.92,22.77,28.69,24.49,RUNNING,0.0,OFF,0.0,OFF,10.18,34.67,34.67,0.0,35.0,08:00,17:00,3.0,17:00,1,4.5,0,50.0,0.0,0.0,0.0,20.0,5.98,0.0,0.0,2.2425,3180.09,1
2026-06-03 06:20:00,1780447800,6.333,2,0,GRID_FALLBACK,19.14,75.4,0.14,10.13,8.21,24.82,33.02,24.94,RUNNING,0.0,OFF,0.0,OFF,10.03,34.97,34.97,0.0,35.0,08:00,17:00,3.0,17:00,1,4.5,0,50.0,0.0,0.0,0.0,20.0,1.95,0.0,0.0,0.7312,3180.82,1
2026-06-03 06:25:00,1780448100,6.417,2,0,GRID_FALLBACK,18.83,102.7,0.06,8.84,10.75,13.63,24.38,24.98,RUNNING,0.0,OFF,0.0,OFF,9.9,34.88,34.88,0.0,35.0,08:00,17:00,3.0,17:00,1,4.5,0,50.0,0.0,0.0,0.0,20.0,10.5,0.0,0.0,3.9375,3184.76,1
2026-06-03 06:30:00,1780448400,6.5,2,0,GRID_FALLBACK,18.83,115.4,0.12,8.88,11.95,13.96,25.91,25.64,RUNNING,0.0,OFF,0.0,OFF,9.89,35.53,35.53,0.0,35.0,08:00,17:00,3.0,17:00,1,4.5,0,50.0,0.0,0.0,0.0,20.0,9.62,0.0,0.0,3.6075,3188.37,1
2026-06-03 06:35:00,1780448700,6.583,2,0,GRID_FALLBACK,19.23,135.1,0.11,9.25,13.91,16.78,30.69,25.1,RUNNING,0.0,OFF,0.0,OFF,9.92,35.02,35.02,0.0,35.0,08:00,17:00,3.0,17:00,1,4.5,0,50.0,0.0,0.0,0.0,20.0,4.33,0.0,0.0,1.6238,3189.99,1
2026-06-03 06:40:00,1780449000,6.667,2,0,GRID_FALLBACK,19.26,157.5,0.09,8.81,15.86,13.48,29.34,24.55,RUNNING,0.0,OFF,0.0,OFF,10.14,34.7,34.7,0.0,35.0,08:00,17:00,3.0,17:00,1,4.5,0,50.0,0.0,0.0,0.0,20.0,5.36,0.0,0.0,2.01,3192.0,1
2026-06-03 06:45:00,1780449300,6.75,2,0,GRID_FALLBACK,19.5,168.9,0.13,9.06,17.5,15.29,32.79,25.6,RUNNING,0.0,OFF,0.0,OFF,9.98,35.58,35.58,0.0,35.0,08:00,17:00,3.0,17:00,1,4.5,0,50.0,0.0,0.0,0.0,20.0,2.79,0.0,0.0,1.0462,3193.05,1
2026-06-03 06:50:00,1780449600,6.833,2,0,BATTERY_CHARGING,19.59,199.0,0.08,9.77,20.01,21.3,41.3,25.17,RUNNING,0.0,OFF,0.0,OFF,10.21,35.38,35.38,0.0,35.0,08:00,17:00,3.0,17:00,1,4.5,0,50.0,5.92,5.92,0.0,20.23,0.0,0.0,0.0,0.0,3193.05,1
2026-06-03 06:55:00,1780449900,6.917,2,0,BATTERY_CHARGING,20.14,222.5,0.06,9.79,22.44,21.48,43.92,25.62,RUNNING,0.0,OFF,0.0,OFF,9.75,35.36,35.36,0.0,35.0,08:00,17:00,3.0,17:00,1,4.5,0,50.0,8.56,8.56,0.0,20.57,0.0,0.0,0.0,0.0,3193.05,1
2026-06-03 07:00:00,1780450200,7.0,2,0,BATTERY_CHARGING,19.66,245.4,0.05,9.78,24.59,21.37,45.96,25.13,RUNNING,0.0,OFF,0.0,OFF,9.94,35.07,35.07,0.0,35.0,08:00,17:00,3.0,17:00,1,4.5,0,50.0,10.89,10.89,0.0,21.0,0.0,0.0,0.0,0.0,3193.05,1
2026-06-03 07:05:00,1780450500,7.083,2,0,BATTERY_CHARGING,20.22,240.5,0.14,9.89,24.55,22.42,46.97,25.8,RUNNING,0.0,OFF,0.0,OFF,9.98,35.78,35.78,0.0,35.0,08:00,17:00,3.0,17:00,1,4.5,0,50.0,11.19,11.19,0.0,21.45,0.0,0.0,0.0,0.0,3193.05,1
2026-06-03 07:10:00,1780450800,7.167,2,0,BATTERY_CHARGING,20.53,274.7,0.09,9.4,28.23,17.98,46.21,25.37,RUNNING,0.0,OFF,0.0,OFF,9.87,35.25,35.25,0.0,35.0,08:00,17:00,3.0,17:00,1,4.5,0,50.0,10.96,10.96,0.0,21.88,0.0,0.0,0.0,0.0,3193.05,1
2026-06-03 07:15:00,1780451100,7.25,2,0,BATTERY_CHARGING,20.43,289.0,0.1,9.71,29.43,20.76,50.19,25.26,RUNNING,0.0,OFF,0.0,OFF,10.21,35.47,35.47,0.0,35.0,08:00,17:00,3.0,17:00,1,4.5,0,50.0,14.72,14.72,0.0,22.46,0.0,0.0,0.0,0.0,3193.05,1
2026-06-03 07:20:00,1780451400,7.333,2,0,BATTERY_CHARGING,20.86,303.9,0.11,9.38,30.91,17.82,48.72,24.91,RUNNING,0.0,OFF,0.0,OFF,9.81,34.72,34.72,0.0,35.0,08:00,17:00,3.0,17:00,1,4.5,0,50.0,14.0,14.0,0.0,23.02,0.0,0.0,0.0,0.0,3193.05,1
2026-06-03 07:25:00,1780451700,7.417,2,0,BATTERY_CHARGING,21.14,320.4,0.12,10.7,32.77,31.29,64.06,24.97,RUNNING,0.0,OFF,0.0,OFF,9.92,34.89,34.89,0.0,35.0,08:00,17:00,3.0,17:00,1,4.5,0,50.0,29.17,29.17,0.0,24.17,0.0,0.0,0.0,0.0,3193.05,1
2026-06-03 07:30:00,1780452000,7.5,2,0,BATTERY_CHARGING,20.71,344.9,0.1,9.28,34.95,17.02,51.97,24.27,RUNNING,0.0,OFF,0.0,OFF,9.82,34.09,34.09,0.0,35.0,08:00,17:00,3.0,17:00,1,4.5,0,50.0,17.88,17.88,0.0,24.88,0.0,0.0,0.0,0.0,3193.05,1
2026-06-03 07:35:00,1780452300,7.583,2,0,BATTERY_CHARGING,21.43,368.1,0.09,9.97,37.29,23.2,60.49,24.27,RUNNING,0.0,OFF,0.0,OFF,10.29,34.56,34.56,0.0,35.0,08:00,17:00,3.0,17:00,1,4.5,0,50.0,25.93,25.93,0.0,25.91,0.0,0.0,0.0,0.0,3193.05,1
2026-06-03 07:40:00,1780452600,7.667,2,0,BATTERY_CHARGING,21.12,371.7,0.12,10.08,38.08,24.36,62.44,25.54,RUNNING,0.0,OFF,0.0,OFF,9.86,35.39,35.39,0.0,35.0,08:00,17:00,3.0,17:00,1,4.5,0,50.0,27.05,27.05,0.0,26.98,0.0,0.0,0.0,0.0,3193.05,1
2026-06-03 07:45:00,1780452900,7.75,2,0,BATTERY_CHARGING,21.46,412.5,0.07,10.32,41.7,26.95,68.65,25.25,RUNNING,0.0,OFF,0.0,OFF,10.2,35.45,35.45,0.0,35.0,08:00,17:00,3.0,17:00,1,4.5,0,50.0,33.2,33.2,0.0,28.29,0.0,0.0,0.0,0.0,3193.05,1
2026-06-03 07:50:00,1780453200,7.833,2,0,BATTERY_CHARGING,21.61,421.3,0.09,10.76,42.72,32.05,74.77,24.76,RUNNING,0.0,OFF,0.0,OFF,10.22,34.99,34.99,0.0,35.0,08:00,17:00,3.0,17:00,1,4.5,0,50.0,39.78,39.78,0.0,29.87,0.0,0.0,0.0,0.0,3193.05,1
2026-06-03 07:55:00,1780453500,7.917,2,0,BATTERY_CHARGING,21.75,433.8,0.1,10.3,43.94,26.73,70.67,24.42,RUNNING,0.0,OFF,0.0,OFF,9.8,34.22,34.22,0.0,35.0,08:00,17:00,3.0,17:00,1,4.5,0,50.0,36.45,36.45,0.0,31.31,0.0,0.0,0.0,0.0,3193.05,1
2026-06-03 08:00:00,1780453800,8.0,2,0,BATTERY_CHARGING,21.59,442.8,0.11,9.7,44.57,20.66,65.23,24.78,RUNNING,20.3,RUNNING,0.0,OFF,9.77,54.85,34.55,0.0,35.0,08:00,17:00,3.0,17:00,1,4.5,0,50.0,10.38,10.38,0.0,31.72,0.0,0.0,0.0,0.0,3193.05,1
2026-06-03 08:05:00,1780454100,8.083,2,0,BATTERY_CHARGING,21.88,450.8,0.13,10.54,45.62,29.45,75.07,24.97,RUNNING,19.59,RUNNING,0.0,OFF,9.8,54.36,34.76,0.0,35.0,08:00,17:00,3.0,17:00,1,4.5,0,50.0,20.71,20.71,0.0,32.54,0.0,0.0,0.0,0.0,3193.05,1
2026-06-03 08:10:00,1780454400,8.167,2,0,BATTERY_CHARGING,22.54,509.2,0.05,9.49,51.5,18.72,70.22,24.46,RUNNING,20.18,RUNNING,0.0,OFF,9.72,54.36,34.18,0.0,35.0,08:00,17:00,3.0,17:00,1,4.5,0,50.0,15.86,15.86,0.0,33.17,0.0,0.0,0.0,0.0,3193.05,1
2026-06-03 08:15:00,1780454700,8.25,2,0,BATTERY_CHARGING,22.5,524.7,0.06,9.86,52.67,22.1,74.77,25.73,RUNNING,20.14,RUNNING,0.0,OFF,10.04,55.91,35.77,0.0,35.0,08:00,17:00,3.0,17:00,1,4.5,0,50.0,18.86,18.86,0.0,33.91,0.0,0.0,0.0,0.0,3193.05,1
2026-06-03 08:20:00,1780455000,8.333,2,0,BATTERY_CHARGING,22.23,503.6,0.12,10.52,50.7,29.22,79.93,24.34,RUNNING,19.93,RUNNING,0.0,OFF,10.3,54.56,34.63,0.0,35.0,08:00,17:00,3.0,17:00,1,4.5,0,50.0,25.37,25.37,0.0,34.92,0.0,0.0,0.0,0.0,3193.05,1
2026-06-03 08:25:00,1780455300,8.417,2,0,BATTERY_CHARGING,23.08,551.7,0.07,10.82,55.69,32.76,88.45,25.47,RUNNING,20.45,RUNNING,0.0,OFF,9.81,55.73,35.28,0.0,35.0,08:00,17:00,3.0,17:00,1,4.5,0,50.0,32.72,32.72,0.0,36.21,0.0,0.0,0.0,0.0,3193.05,1
2026-06-03 08:30:00,1780455600,8.5,2,0,BATTERY_CHARGING,23.08,562.2,0.08,10.67,56.5,30.93,87.42,24.93,RUNNING,20.13,RUNNING,0.0,OFF,9.84,54.89,34.76,0.0,35.0,08:00,17:00,3.0,17:00,1,4.5,0,50.0,32.53,32.53,0.0,37.5,0.0,0.0,0.0,0.0,3193.05,1
2026-06-03 08:35:00,1780455900,8.583,2,0,BATTERY_CHARGING,23.04,587.8,0.06,9.85,59.6,22.08,81.69,25.01,RUNNING,19.89,RUNNING,0.0,OFF,9.79,54.68,34.8,0.0,35.0,08:00,17:00,3.0,17:00,1,4.5,0,50.0,27.01,27.01,0.0,38.57,0.0,0.0,0.0,0.0,3193.05,1
2026-06-03 08:40:00,1780456200,8.667,2,0,BATTERY_CHARGING,22.98,580.1,0.1,10.53,58.01,29.32,87.33,25.45,RUNNING,20.0,RUNNING,0.0,OFF,9.77,55.23,35.22,0.0,35.0,08:00,17:00,3.0,17:00,1,4.5,0,50.0,32.1,32.1,0.0,39.84,0.0,0.0,0.0,0.0,3193.05,1
2026-06-03 08:45:00,1780456500,8.75,2,0,BATTERY_CHARGING,23.46,617.8,0.06,10.53,62.49,29.32,91.8,25.64,RUNNING,20.38,RUNNING,0.0,OFF,10.09,56.11,35.72,0.0,35.0,08:00,17:00,3.0,17:00,1,4.5,0,50.0,35.69,35.69,0.0,41.25,0.0,0.0,0.0,0.0,3193.05,1
2026-06-03 08:50:00,1780456800,8.833,2,0,BATTERY_CHARGING,23.67,616.8,0.09,9.65,62.04,20.2,82.24,24.57,RUNNING,20.42,RUNNING,0.0,OFF,10.17,55.16,34.74,0.0,35.0,08:00,17:00,3.0,17:00,1,4.5,0,50.0,27.08,27.08,0.0,42.33,0.0,0.0,0.0,0.0,3193.05,1
2026-06-03 08:55:00,1780457100,8.917,2,0,BATTERY_CHARGING,23.73,616.2,0.11,10.79,62.19,32.38,94.57,25.31,RUNNING,19.44,RUNNING,0.0,OFF,9.78,54.53,35.1,0.0,35.0,08:00,17:00,3.0,17:00,1,4.5,0,50.0,40.04,40.04,0.0,43.91,0.0,0.0,0.0,0.0,3193.05,1
2026-06-03 09:00:00,1780457400,9.0,2,0,BATTERY_CHARGING,23.98,655.3,0.07,10.99,65.58,34.98,100.56,25.6,RUNNING,19.87,RUNNING,34.38,RUNNING,10.13,89.98,35.73,34.38,35.0,08:00,17:00,3.0,17:00,1,4.5,0,50.0,10.58,10.58,0.0,44.33,0.0,0.0,0.0,0.0,3193.05,1
2026-06-03 09:05:00,1780457700,9.083,2,0,NORMAL_OPERATION,24.41,644.5,0.11,9.82,64.11,21.73,85.84,25.25,RUNNING,20.26,RUNNING,34.63,RUNNING,9.92,90.06,35.16,34.63,35.0,08:00,17:00,3.0,17:00,1,4.5,0,50.0,-4.22,0.0,4.22,44.14,0.0,0.0,0.0,0.0,3193.05,1
2026-06-03 09:10:00,1780458000,9.167,2,0,BATTERY_CHARGING,24.07,652.4,0.12,10.05,65.83,24.0,89.83,24.88,RUNNING,19.81,RUNNING,34.55,RUNNING,10.11,89.35,34.99,34.55,35.0,08:00,17:00,3.0,17:00,1,4.5,0,50.0,0.48,0.48,0.0,44.16,0.0,0.0,0.0,0.0,3193.05,1
2026-06-03 09:15:00,1780458300,9.25,2,0,BATTERY_CHARGING,24.73,683.2,0.09,10.91,68.37,33.89,102.27,24.79,RUNNING,20.08,RUNNING,34.51,RUNNING,9.88,89.26,34.68,34.51,35.0,08:00,17:00,3.0,17:00,1,4.5,0,50.0,13.01,13.01,0.0,44.68,0.0,0.0,0.0,0.0,3193.05,1
2026-06-03 09:20:00,1780458600,9.333,2,0,BATTERY_CHARGING,24.57,673.7,0.12,10.84,67.84,33.04,100.88,25.25,RUNNING,20.35,RUNNING,34.89,RUNNING,10.12,90.61,35.37,34.89,35.0,08:00,17:00,3.0,17:00,1,4.5,0,50.0,10.27,10.27,0.0,45.08,0.0,0.0,0.0,0.0,3193.05,1
2026-06-03 09:25:00,1780458900,9.417,2,0,BATTERY_CHARGING,24.6,724.2,0.07,10.31,72.37,26.81,99.18,25.08,RUNNING,20.28,RUNNING,35.41,RUNNING,9.8,90.57,34.88,35.41,35.0,08:00,17:00,3.0,17:00,1,4.5,0,50.0,8.61,8.61,0.0,45.43,0.0,0.0,0.0,0.0,3193.05,1
2026-06-03 09:30:00,1780459200,9.5,2,0,BATTERY_CHARGING,25.42,753.3,0.05,9.82,74.85,21.8,96.65,25.68,RUNNING,19.91,RUNNING,34.13,RUNNING,9.83,89.55,35.51,34.13,35.0,08:00,17:00,3.0,17:00,1,4.5,0,50.0,7.1,7.1,0.0,45.71,0.0,0.0,0.0,0.0,3193.05,1
2026-06-03 09:35:00,1780459500,9.583,2,0,BATTERY_CHARGING,24.88,763.1,0.05,10.3,76.83,26.68,103.51,25.18,RUNNING,20.03,RUNNING,35.42,RUNNING,10.06,90.69,35.24,35.42,35.0,08:00,17:00,3.0,17:00,1,4.5,0,50.0,12.82,12.82,0.0,46.21,0.0,0.0,0.0,0.0,3193.05,1
2026-06-03 09:40:00,1780459800,9.667,2,0,BATTERY_CHARGING,25.75,711.0,0.13,10.71,70.83,31.5,102.32,24.52,RUNNING,20.22,RUNNING,35.61,RUNNING,9.87,90.22,34.39,35.61,35.0,08:00,17:00,3.0,17:00,1,4.5,0,50.0,12.1,12.1,0.0,46.69,0.0,0.0,0.0,0.0,3193.05,1
2026-06-03 09:45:00,1780460100,9.75,2,0,BATTERY_CHARGING,25.19,740.0,0.11,10.52,73.68,29.17,102.85,24.47,RUNNING,19.35,RUNNING,34.48,RUNNING,9.7,88.0,34.17,34.48,35.0,08:00,17:00,3.0,17:00,1,4.5,0,50.0,14.85,14.85,0.0,47.28,0.0,0.0,0.0,0.0,3193.05,1
2026-06-03 09:50:00,1780460400,9.833,2,0,BATTERY_CHARGING,25.46,717.2,0.15,10.95,71.44,34.4,105.84,24.83,RUNNING,20.12,RUNNING,35.04,RUNNING,10.14,90.13,34.97,35.04,35.0,08:00,17:00,3.0,17:00,1,4.5,0,50.0,15.71,15.71,0.0,47.9,0.0,0.0,0.0,0.0,3193.05,1
2026-06-03 09:55:00,1780460700,9.917,2,0,BATTERY_CHARGING,25.56,804.5,0.06,10.15,80.6,25.12,105.72,25.66,RUNNING,19.79,RUNNING,35.93,RUNNING,9.87,91.24,35.53,35.93,35.0,08:00,17:00,3.0,17:00,1,4.5,0,50.0,14.48,14.48,0.0,48.48,0.0,0.0,0.0,0.0,3193.05,1
2026-06-03 10:00:00,1780461000,10.0,2,0,BATTERY_CHARGING,26.16,805.9,0.07,11.19,80.29,37.64,117.93,24.62,RUNNING,19.87,RUNNING,34.21,RUNNING,9.74,88.44,34.36,34.21,35.0,08:00,17:00,3.0,17:00,1,4.5,0,50.0,29.49,29.49,0.0,49.64,0.0,0.0,0.0,0.0,3193.05,1
2026-06-03 10:05:00,1780461300,10.083,2,0,BATTERY_CHARGING,26.07,749.9,0.14,10.98,75.12,34.91,110.03,25.6,RUNNING,20.44,RUNNING,35.15,RUNNING,10.12,91.31,35.72,35.15,35.0,08:00,17:00,3.0,17:00,1,4.5,0,50.0,18.72,18.72,0.0,50.38,0.0,0.0,0.0,0.0,3193.05,1
2026-06-03 10:10:00,1780461600,10.167,2,0,BATTERY_CHARGING,26.78,792.7,0.11,10.93,78.96,34.2,113.16,25.74,RUNNING,19.94,RUNNING,34.92,RUNNING,10.05,90.65,35.79,34.92,35.0,08:00,17:00,3.0,17:00,1,4.5,0,50.0,22.51,22.51,0.0,51.27,0.0,0.0,0.0,0.0,3193.05,1
2026-06-03 10:15:00,1780461900,10.25,2,0,BATTERY_CHARGING,26.19,841.6,0.06,9.8,83.89,21.59,105.48,25.79,RUNNING,20.25,RUNNING,34.46,RUNNING,9.89,90.39,35.68,34.46,35.0,08:00,17:00,3.0,17:00,1,4.5,0,50.0,15.09,15.09,0.0,51.87,0.0,0.0,0.0,0.0,3193.05,1
2026-06-03 10:20:00,1780462200,10.333,2,0,BATTERY_CHARGING,27.1,814.2,0.1,9.71,81.07,20.68,101.75,24.6,RUNNING,19.43,RUNNING,35.35,RUNNING,10.19,89.57,34.79,35.35,35.0,08:00,17:00,3.0,17:00,1,4.5,0,50.0,12.18,12.18,0.0,52.35,0.0,0.0,0.0,0.0,3193.05,1
2026-06-03 10:25:00,1780462500,10.417,2,0,BATTERY_CHARGING,26.56,784.3,0.14,10.45,77.79,28.33,106.13,25.63,RUNNING,19.68,RUNNING,35.89,RUNNING,10.11,91.31,35.74,35.89,35.0,08:00,17:00,3.0,17:00,1,4.5,0,50.0,14.82,14.82,0.0,52.94,0.0,0.0,0.0,0.0,3193.05,1
2026-06-03 10:30:00,1780462800,10.5,2,0,BATTERY_CHARGING,27.39,831.6,0.1,10.0,82.6,23.51,106.11,25.6,RUNNING,19.59,RUNNING,34.41,RUNNING,9.85,89.44,35.45,34.41,35.0,08:00,17:00,3.0,17:00,1,4.5,0,50.0,16.67,16.67,0.0,53.6,0.0,0.0,0.0,0.0,3193.05,1
2026-06-03 10:35:00,1780463100,10.583,2,0,BATTERY_CHARGING,27.32,870.9,0.07,9.84,86.7,21.96,108.66,25.28,RUNNING,20.23,RUNNING,35.23,RUNNING,10.16,90.9,35.44,35.23,35.0,08:00,17:00,3.0,17:00,1,4.5,0,50.0,17.76,17.76,0.0,54.3,0.0,0.0,0.0,0.0,3193.05,1
2026-06-03 10:40:00,1780463400,10.667,2,0,BATTERY_CHARGING,27.41,888.7,0.05,10.43,88.14,28.17,116.31,24.99,RUNNING,20.68,RUNNING,35.79,RUNNING,10.22,91.68,35.21,35.79,35.0,08:00,17:00,3.0,17:00,1,4.5,0,50.0,24.63,24.63,0.0,55.28,0.0,0.0,0.0,0.0,3193.05,1
2026-06-03 10:45:00,1780463700,10.75,2,0,BATTERY_CHARGING,27.53,806.4,0.15,11.12,79.6,36.69,116.29,24.56,RUNNING,20.11,RUNNING,34.11,RUNNING,10.18,88.95,34.73,34.11,35.0,08:00,17:00,3.0,17:00,1,4.5,0,50.0,27.34,27.34,0.0,56.36,0.0,0.0,0.0,0.0,3193.05,1
2026-06-03 10:50:00,1780464000,10.833,2,0,BATTERY_CHARGING,27.68,854.5,0.1,10.44,84.42,28.3,112.72,25.3,RUNNING,19.54,RUNNING,35.95,RUNNING,10.12,90.91,35.42,35.95,35.0,08:00,17:00,3.0,17:00,1,4.5,0,50.0,21.81,21.81,0.0,57.22,0.0,0.0,0.0,0.0,3193.05,1
2026-06-03 10:55:00,1780464300,10.917,2,0,BATTERY_CHARGING,27.82,845.9,0.12,9.65,83.35,20.15,103.49,25.13,RUNNING,19.76,RUNNING,35.23,RUNNING,9.86,89.97,34.99,35.23,35.0,08:00,17:00,3.0,17:00,1,4.5,0,50.0,13.52,13.52,0.0,57.76,0.0,0.0,0.0,0.0,3193.05,1
2026-06-03 11:00:00,1780464600,11.0,2,0,BATTERY_CHARGING,28.04,894.7,0.07,10.37,88.5,27.44,115.94,24.79,RUNNING,20.0,RUNNING,34.42,RUNNING,10.12,89.33,34.91,34.42,35.0,08:00,17:00,3.0,17:00,1,4.5,0,50.0,26.61,26.61,0.0,58.81,0.0,0.0,0.0,0.0,3193.05,1
2026-06-03 11:05:00,1780464900,11.083,2,0,BATTERY_CHARGING,28.05,839.8,0.14,10.05,82.64,24.01,106.64,24.41,RUNNING,20.11,RUNNING,34.46,RUNNING,9.76,88.73,34.17,34.46,35.0,08:00,17:00,3.0,17:00,1,4.5,0,50.0,17.91,17.91,0.0,59.52,0.0,0.0,0.0,0.0,3193.05,1
2026-06-03 11:10:00,1780465200,11.167,2,0,BATTERY_CHARGING,28.11,904.5,0.07,10.28,89.2,26.42,115.62,24.43,RUNNING,20.64,RUNNING,34.3,RUNNING,10.18,89.56,34.62,34.3,35.0,08:00,17:00,3.0,17:00,1,4.5,0,50.0,26.06,26.06,0.0,60.55,0.0,0.0,0.0,0.0,3193.05,1
2026-06-03 11:15:00,1780465500,11.25,2,0,BATTERY_CHARGING,28.19,882.7,0.1,11.16,87.5,37.27,124.77,25.03,RUNNING,20.31,RUNNING,35.57,RUNNING,9.88,90.79,34.91,35.57,35.0,08:00,17:00,3.0,17:00,1,4.5,0,50.0,33.98,33.98,0.0,61.9,0.0,0.0,0.0,0.0,3193.05,1
2026-06-03 11:20:00,1780465800,11.333,2,0,BATTERY_CHARGING,28.64,879.6,0.11,10.19,86.88,25.46,112.33,24.3,RUNNING,20.44,RUNNING,34.95,RUNNING,10.08,89.77,34.37,34.95,35.0,08:00,17:00,3.0,17:00,1,4.5,0,50.0,22.56,22.56,0.0,62.79,0.0,0.0,0.0,0.0,3193.05,1
2026-06-03 11:25:00,1780466100,11.417,2,0,BATTERY_CHARGING,28.69,905.9,0.08,10.11,89.31,24.63,113.94,25.69,RUNNING,19.66,RUNNING,34.04,RUNNING,9.77,89.16,35.46,34.04,35.0,08:00,17:00,3.0,17:00,1,4.5,0,50.0,24.78,24.78,0.0,63.77,0.0,0.0,0.0,0.0,3193.05,1
2026-06-03 11:30:00,1780466400,11.5,2,0,BATTERY_CHARGING,29.16,846.4,0.15,9.83,83.3,21.83,105.14,25.24,RUNNING,19.54,RUNNING,35.56,RUNNING,9.91,90.26,35.15,35.56,35.0,08:00,17:00,3.0,17:00,1,4.5,0,50.0,14.88,14.88,0.0,64.36,0.0,0.0,0.0,0.0,3193.05,1
2026-06-03 11:35:00,1780466700,11.583,2,0,BATTERY_CHARGING,29.15,895.9,0.1,10.67,88.49,30.91,119.4,24.81,RUNNING,19.7,RUNNING,35.26,RUNNING,9.79,89.56,34.6,35.26,35.0,08:00,17:00,3.0,17:00,1,4.5,0,50.0,29.84,29.84,0.0,65.54,0.0,0.0,0.0,0.0,3193.05,1
2026-06-03 11:40:00,1780467000,11.667,2,0,BATTERY_CHARGING,28.88,865.9,0.13,10.01,85.38,23.58,108.96,25.11,RUNNING,20.49,RUNNING,34.14,RUNNING,9.8,89.54,34.91,34.14,35.0,08:00,17:00,3.0,17:00,1,4.5,0,50.0,19.42,19.42,0.0,66.31,0.0,0.0,0.0,0.0,3193.05,1
2026-06-03 11:45:00,1780467300,11.75,2,0,BATTERY_CHARGING,29.06,916.3,0.08,9.91,89.91,22.61,112.53,25.23,RUNNING,19.68,RUNNING,34.89,RUNNING,10.22,90.02,35.45,34.89,35.0,08:00,17:00,3.0,17:00,1,4.5,0,50.0,22.51,22.51,0.0,67.2,0.0,0.0,0.0,0.0,3193.05,1
2026-06-03 11:50:00,1780467600,11.833,2,0,BATTERY_CHARGING,29.3,890.5,0.11,10.96,87.43,34.62,122.05,24.49,RUNNING,19.33,RUNNING,35.46,RUNNING,10.1,89.38,34.59,35.46,35.0,08:00,17:00,3.0,17:00,1,4.5,0,50.0,32.67,32.67,0.0,68.5,0.0,0.0,0.0,0.0,3193.05,1
2026-06-03 11:55:00,1780467900,11.917,2,0,BATTERY_CHARGING,29.88,879.7,0.12,9.52,85.92,19.01,104.93,24.36,RUNNING,19.39,RUNNING,35.76,RUNNING,10.03,89.54,34.39,35.76,35.0,08:00,17:00,3.0,17:00,1,4.5,0,50.0,15.39,15.39,0.0,69.1,0.0,0.0,0.0,0.0,3193.05,1
2026-06-03 12:00:00,1780468200,12.0,2,0,GRID_EXPORT,29.28,910.3,0.09,10.59,89.06,29.98,119.03,24.62,RUNNING,3.0,STANDBY,0.0,OFF,9.79,37.41,34.41,0.0,35.0,08:00,17:00,3.0,17:00,1,4.5,0,50.0,50.0,50.0,0.0,71.08,0.0,31.62,0.0,-5.9288,3187.12,1
2026-06-03 12:05:00,1780468500,12.083,2,0,GRID_EXPORT,29.9,861.2,0.14,9.83,84.18,21.87,106.06,24.65,RUNNING,3.0,STANDBY,0.0,OFF,10.08,37.73,34.73,0.0,35.0,08:00,17:00,3.0,17:00,1,4.5,0,50.0,50.0,50.0,0.0,73.06,0.0,18.33,0.0,-3.4369,3183.68,1
2026-06-03 12:10:00,1780468800,12.167,2,0,GRID_EXPORT,29.6,865.3,0.13,9.35,85.1,17.6,102.7,25.58,RUNNING,3.0,STANDBY,0.0,OFF,9.9,38.47,35.47,0.0,35.0,08:00,17:00,3.0,17:00,1,4.5,0,50.0,50.0,50.0,0.0,75.04,0.0,14.23,0.0,-2.6681,3181.01,1
2026-06-03 12:15:00,1780469100,12.25,2,0,GRID_EXPORT,30.0,850.7,0.15,10.14,83.14,25.0,108.14,24.91,RUNNING,3.0,STANDBY,0.0,OFF,10.28,38.19,35.19,0.0,35.0,08:00,17:00,3.0,17:00,1,4.5,0,50.0,50.0,50.0,0.0,77.02,0.0,19.95,0.0,-3.7406,3177.27,1
2026-06-03 12:20:00,1780469400,12.333,2,0,GRID_EXPORT,30.29,928.7,0.07,10.2,91.04,25.64,116.68,25.22,RUNNING,3.0,STANDBY,0.0,OFF,10.04,38.26,35.26,0.0,35.0,08:00,17:00,3.0,17:00,1,4.5,0,50.0,50.0,50.0,0.0,79.0,0.0,28.42,0.0,-5.3288,3171.94,1
2026-06-03 12:25:00,1780469700,12.417,2,0,GRID_EXPORT,30.26,880.8,0.11,9.71,86.07,20.74,106.81,25.06,RUNNING,3.0,STANDBY,0.0,OFF,10.18,38.25,35.25,0.0,35.0,08:00,17:00,3.0,17:00,1,4.5,0,50.0,50.0,50.0,0.0,80.98,0.0,18.56,0.0,-3.48,3168.46,1
2026-06-03 12:30:00,1780470000,12.5,2,0,GRID_EXPORT,30.3,905.6,0.09,9.6,88.44,19.71,108.15,24.2,RUNNING,3.0,STANDBY,0.0,OFF,10.19,37.39,34.39,0.0,35.0,08:00,17:00,3.0,17:00,1,4.5,0,50.0,50.0,50.0,0.0,82.96,0.0,20.76,0.0,-3.8925,3164.57,1
2026-06-03 12:35:00,1780470300,12.583,2,0,GRID_EXPORT,30.73,905.0,0.08,9.9,87.93,22.54,110.47,25.68,RUNNING,3.0,STANDBY,0.0,OFF,10.27,38.94,35.94,0.0,35.0,08:00,17:00,3.0,17:00,1,4.5,0,50.0,50.0,50.0,0.0,84.94,0.0,21.53,0.0,-4.0369,3160.53,1
2026-06-03 12:40:00,1780470600,12.667,2,0,GRID_EXPORT,30.53,934.7,0.05,9.8,91.19,21.6,112.79,24.57,RUNNING,3.0,STANDBY,0.0,OFF,9.7,37.27,34.27,0.0,35.0,08:00,17:00,3.0,17:00,1,4.5,0,50.0,50.0,50.0,0.0,86.92,0.0,25.52,0.0,-4.785,3155.75,1
2026-06-03 12:45:00,1780470900,12.75,2,0,GRID_EXPORT,30.55,891.4,0.09,9.98,87.05,23.29,110.34,24.46,RUNNING,3.0,STANDBY,0.0,OFF,10.14,37.6,34.6,0.0,35.0,08:00,17:00,3.0,17:00,1,4.5,0,50.0,50.0,50.0,0.0,88.9,0.0,22.74,0.0,-4.2638,3151.48,1
2026-06-03 12:50:00,1780471200,12.833,2,0,GRID_EXPORT,30.66,890.5,0.09,9.46,86.96,18.52,105.48,24.58,RUNNING,3.0,STANDBY,0.0,OFF,10.16,37.74,34.74,0.0,35.0,08:00,17:00,3.0,17:00,1,4.5,0,50.0,50.0,50.0,0.0,90.88,0.0,17.74,0.0,-3.3263,3148.16,1
2026-06-03 12:55:00,1780471500,12.917,2,0,GRID_EXPORT,31.17,844.3,0.13,10.1,82.13,24.56,106.7,25.39,RUNNING,3.0,STANDBY,0.0,OFF,10.19,38.57,35.57,0.0,35.0,08:00,17:00,3.0,17:00,1,4.5,0,50.0,50.0,50.0,0.0,92.85,0.0,18.13,0.0,-3.3994,3144.76,1
2026-06-03 13:00:00,1780471800,13.0,2,0,BATTERY_CHARGING,30.86,835.2,0.14,9.26,81.35,16.82,98.17,25.22,RUNNING,20.16,RUNNING,0.0,OFF,9.86,55.25,35.08,0.0,35.0,08:00,17:00,3.0,17:00,1,4.5,0,50.0,42.92,42.92,0.0,94.55,0.0,0.0,0.0,0.0,3144.76,1
2026-06-03 13:05:00,1780472100,13.083,2,0,GRID_EXPORT,31.11,894.0,0.07,8.96,86.77,14.52,101.28,25.06,RUNNING,19.56,RUNNING,0.0,OFF,9.76,54.38,34.82,0.0,35.0,08:00,17:00,3.0,17:00,1,4.5,0,50.0,11.28,11.28,0.0,95.0,0.0,35.62,0.0,-6.6782,3138.08,1
2026-06-03 13:10:00,1780472400,13.167,2,0,UNAVOIDABLE_CURTAILMENT,30.91,837.8,0.12,10.05,81.53,24.06,105.59,24.44,RUNNING,19.99,RUNNING,0.0,OFF,9.91,54.34,34.35,0.0,35.0,08:00,17:00,3.0,17:00,1,4.5,0,50.0,0.0,0.0,0.0,95.0,0.0,50.0,1.25,-9.375,3128.71,1
2026-06-03 13:15:00,1780472700,13.25,2,0,UNAVOIDABLE_CURTAILMENT,31.02,823.9,0.13,10.45,80.37,28.3,108.67,25.47,RUNNING,19.76,RUNNING,0.0,OFF,10.21,55.43,35.67,0.0,35.0,08:00,17:00,3.0,17:00,1,4.5,0,50.0,0.0,0.0,0.0,95.0,0.0,50.0,3.24,-9.375,3119.33,1
2026-06-03 13:20:00,1780473000,13.333,2,0,UNAVOIDABLE_CURTAILMENT,31.61,887.4,0.06,10.05,85.97,24.01,109.98,24.95,RUNNING,19.57,RUNNING,0.0,OFF,10.2,54.73,35.16,0.0,35.0,08:00,17:00,3.0,17:00,1,4.5,0,50.0,0.0,0.0,0.0,95.0,0.0,50.0,5.25,-9.375,3109.96,1
2026-06-03 13:25:00,1780473300,13.417,2,0,GRID_EXPORT,31.58,808.2,0.13,8.96,78.96,14.52,93.48,24.6,RUNNING,20.38,RUNNING,0.0,OFF,9.97,54.94,34.56,0.0,35.0,08:00,17:00,3.0,17:00,1,4.5,0,50.0,0.0,0.0,0.0,95.0,0.0,38.54,0.0,-7.2263,3102.73,1
2026-06-03 13:30:00,1780473600,13.5,2,0,GRID_EXPORT,31.58,874.6,0.05,9.46,85.43,18.48,103.91,25.03,RUNNING,20.67,RUNNING,0.0,OFF,9.98,55.69,35.02,0.0,35.0,08:00,17:00,3.0,17:00,1,4.5,0,50.0,0.0,0.0,0.0,95.0,0.0,48.22,0.0,-9.0412,3093.69,1
2026-06-03 13:35:00,1780473900,13.583,2,0,GRID_EXPORT,31.6,841.0,0.08,9.2,82.01,16.31,98.31,24.27,RUNNING,20.61,RUNNING,0.0,OFF,10.01,54.89,34.28,0.0,35.0,08:00,17:00,3.0,17:00,1,4.5,0,50.0,0.0,0.0,0.0,95.0,0.0,43.42,0.0,-8.1412,3085.55,1
2026-06-03 13:40:00,1780474200,13.667,2,0,GRID_EXPORT,31.32,803.1,0.11,8.95,78.67,14.46,93.13,25.58,RUNNING,19.6,RUNNING,0.0,OFF,9.77,54.95,35.35,0.0,35.0,08:00,17:00,3.0,17:00,1,4.5,0,50.0,0.0,0.0,0.0,95.0,0.0,38.18,0.0,-7.1587,3078.39,1
2026-06-03 13:45:00,1780474500,13.75,2,0,GRID_EXPORT,31.68,822.9,0.08,8.86,79.87,13.78,93.65,24.39,RUNNING,20.4,RUNNING,0.0,OFF,9.71,54.5,34.1,0.0,35.0,08:00,17:00,3.0,17:00,1,4.5,0,50.0,0.0,0.0,0.0,95.0,0.0,39.15,0.0,-7.3406,3071.05,1
2026-06-03 13:50:00,1780474800,13.833,2,0,GRID_EXPORT,31.26,773.2,0.13,9.3,75.48,17.18,92.66,24.79,RUNNING,19.43,RUNNING,0.0,OFF,9.79,54.01,34.59,0.0,35.0,08:00,17:00,3.0,17:00,1,4.5,0,50.0,0.0,0.0,0.0,95.0,0.0,38.65,0.0,-7.2469,3063.8,1
2026-06-03 13:55:00,1780475100,13.917,2,0,GRID_EXPORT,31.35,778.7,0.11,9.99,76.38,23.39,99.77,25.2,RUNNING,19.38,RUNNING,0.0,OFF,10.09,54.67,35.29,0.0,35.0,08:00,17:00,3.0,17:00,1,4.5,0,50.0,0.0,0.0,0.0,95.0,0.0,45.1,0.0,-8.4562,3055.34,1
2026-06-03 14:00:00,1780475400,14.0,2,0,GRID_EXPORT,31.89,754.2,0.13,8.65,73.07,12.38,85.45,25.77,RUNNING,20.4,RUNNING,0.0,OFF,10.15,56.33,35.92,0.0,35.0,08:00,17:00,3.0,17:00,1,7.5,1,50.0,0.0,0.0,0.0,95.0,0.0,29.12,0.0,-9.1,3046.24,1
2026-06-03 14:05:00,1780475700,14.083,2,0,GRID_EXPORT,32.02,774.7,0.09,8.71,75.48,12.78,88.26,24.77,RUNNING,19.49,RUNNING,0.0,OFF,10.24,54.5,35.01,0.0,35.0,08:00,17:00,3.0,17:00,1,7.5,1,50.0,0.0,0.0,0.0,95.0,0.0,33.76,0.0,-10.55,3035.69,1
2026-06-03 14:10:00,1780476000,14.167,2,0,GRID_EXPORT,31.8,764.3,0.09,8.83,74.55,13.56,88.11,24.5,RUNNING,19.56,RUNNING,0.0,OFF,9.91,53.97,34.41,0.0,35.0,08:00,17:00,3.0,17:00,1,7.5,1,50.0,0.0,0.0,0.0,95.0,0.0,34.14,0.0,-10.6687,3025.03,1
2026-06-03 14:15:00,1780476300,14.25,2,0,GRID_EXPORT,32.03,767.0,0.08,9.64,74.96,20.04,95.0,25.09,RUNNING,19.4,RUNNING,0.0,OFF,9.79,54.28,34.88,0.0,35.0,08:00,17:00,3.0,17:00,1,7.5,1,50.0,0.0,0.0,0.0,95.0,0.0,40.72,0.0,-12.725,3012.3,1
2026-06-03 14:20:00,1780476600,14.333,2,0,GRID_EXPORT,31.72,756.6,0.08,8.84,73.13,13.69,86.82,25.22,RUNNING,19.83,RUNNING,0.0,OFF,9.81,54.86,35.03,0.0,35.0,08:00,17:00,3.0,17:00,1,7.5,1,50.0,0.0,0.0,0.0,95.0,0.0,31.96,0.0,-9.9875,3002.31,1
2026-06-03 14:25:00,1780476900,14.417,2,0,GRID_EXPORT,31.52,697.0,0.14,9.45,67.62,18.39,86.01,25.35,RUNNING,20.22,RUNNING,0.0,OFF,10.02,55.6,35.38,0.0,35.0,08:00,17:00,3.0,17:00,1,7.5,1,50.0,0.0,0.0,0.0,95.0,0.0,30.41,0.0,-9.5031,2992.81,1
2026-06-03 14:30:00,1780477200,14.5,2,0,GRID_EXPORT,31.84,712.1,0.1,8.95,69.31,14.47,83.78,25.18,RUNNING,19.75,RUNNING,0.0,OFF,10.08,55.02,35.27,0.0,35.0,08:00,17:00,3.0,17:00,1,7.5,1,50.0,0.0,0.0,0.0,95.0,0.0,28.76,0.0,-8.9875,2983.82,1
2026-06-03 14:35:00,1780477500,14.583,2,0,GRID_EXPORT,31.64,700.1,0.1,8.21,68.48,9.72,78.2,24.41,RUNNING,20.52,RUNNING,0.0,OFF,9.82,54.75,34.23,0.0,35.0,08:00,17:00,3.0,17:00,1,7.5,1,50.0,0.0,0.0,0.0,95.0,0.0,23.45,0.0,-7.3281,2976.49,1
2026-06-03 14:40:00,1780477800,14.667,2,0,GRID_EXPORT,31.96,720.2,0.06,8.97,70.35,14.58,84.93,25.25,RUNNING,20.04,RUNNING,0.0,OFF,10.12,55.41,35.37,0.0,35.0,08:00,17:00,3.0,17:00,1,7.5,1,50.0,0.0,0.0,0.0,95.0,0.0,29.52,0.0,-9.225,2967.27,1
2026-06-03 14:45:00,1780478100,14.75,2,0,GRID_EXPORT,31.79,686.7,0.09,8.97,66.38,14.62,80.99,25.69,RUNNING,19.59,RUNNING,0.0,OFF,9.99,55.28,35.68,0.0,35.0,08:00,17:00,3.0,17:00,1,7.5,1,50.0,0.0,0.0,0.0,95.0,0.0,25.71,0.0,-8.0344,2959.23,1
2026-06-03 14:50:00,1780478400,14.833,2,0,GRID_EXPORT,32.3,694.5,0.06,9.23,66.98,16.61,83.6,25.09,RUNNING,20.61,RUNNING,0.0,OFF,9.95,55.66,35.04,0.0,35.0,08:00,17:00,3.0,17:00,1,7.5,1,50.0,0.0,0.0,0.0,95.0,0.0,27.94,0.0,-8.7312,2950.5,1
2026-06-03 14:55:00,1780478700,14.917,2,0,GRID_EXPORT,31.89,635.1,0.12,9.22,61.52,16.48,78.01,24.27,RUNNING,19.4,RUNNING,0.0,OFF,9.88,53.55,34.15,0.0,35.0,08:00,17:00,3.0,17:00,1,7.5,1,50.0,0.0,0.0,0.0,95.0,0.0,24.46,0.0,-7.6438,2942.86,1
2026-06-03 15:00:00,1780479000,15.0,2,0,GRID_EXPORT,32.36,603.8,0.15,8.0,58.83,8.59,67.42,25.05,RUNNING,19.57,RUNNING,0.0,OFF,10.02,54.63,35.07,0.0,35.0,08:00,17:00,3.0,17:00,1,7.5,1,50.0,0.0,0.0,0.0,95.0,0.0,12.79,0.0,-3.9969,2938.86,1
2026-06-03 15:05:00,1780479300,15.083,2,0,GRID_EXPORT,31.8,613.7,0.11,8.08,59.95,8.99,68.94,24.86,RUNNING,19.45,RUNNING,0.0,OFF,10.08,54.4,34.95,0.0,35.0,08:00,17:00,3.0,17:00,1,7.5,1,50.0,0.0,0.0,0.0,95.0,0.0,14.54,0.0,-4.5437,2934.32,1
2026-06-03 15:10:00,1780479600,15.167,2,0,GRID_EXPORT,31.88,610.8,0.1,8.81,59.78,13.42,73.2,24.47,RUNNING,19.55,RUNNING,0.0,OFF,9.94,53.96,34.41,0.0,35.0,08:00,17:00,3.0,17:00,1,7.5,1,50.0,0.0,0.0,0.0,95.0,0.0,19.24,0.0,-6.0125,2928.31,1
2026-06-03 15:15:00,1780479900,15.25,2,0,GRID_EXPORT,31.85,615.9,0.07,9.29,59.85,17.03,76.88,24.76,RUNNING,19.74,RUNNING,0.0,OFF,10.29,54.8,35.06,0.0,35.0,08:00,17:00,3.0,17:00,1,7.5,1,50.0,0.0,0.0,0.0,95.0,0.0,22.08,0.0,-6.9,2921.41,1
2026-06-03 15:20:00,1780480200,15.333,2,0,GRID_EXPORT,31.83,586.8,0.09,8.86,57.0,13.78,70.78,25.36,RUNNING,20.15,RUNNING,0.0,OFF,10.04,55.55,35.4,0.0,35.0,08:00,17:00,3.0,17:00,1,7.5,1,50.0,0.0,0.0,0.0,95.0,0.0,15.23,0.0,-4.7594,2916.65,1
2026-06-03 15:25:00,1780480500,15.417,2,0,GRID_EXPORT,31.72,546.7,0.13,9.06,52.95,15.28,68.23,25.74,RUNNING,19.93,RUNNING,0.0,OFF,9.94,55.6,35.68,0.0,35.0,08:00,17:00,3.0,17:00,1,7.5,1,50.0,0.0,0.0,0.0,95.0,0.0,12.63,0.0,-3.9469,2912.7,1
2026-06-03 15:30:00,1780480800,15.5,2,0,GRID_EXPORT,32.11,518.5,0.15,8.48,50.39,11.28,61.68,25.79,RUNNING,19.72,RUNNING,0.0,OFF,9.88,55.39,35.67,0.0,35.0,08:00,17:00,3.0,17:00,1,7.5,1,50.0,0.0,0.0,0.0,95.0,0.0,6.29,0.0,-1.9656,2910.73,1
2026-06-03 15:35:00,1780481100,15.583,2,0,GRID_EXPORT,31.68,511.1,0.14,7.51,50.07,6.28,56.35,25.3,RUNNING,19.69,RUNNING,0.0,OFF,10.03,55.02,35.34,0.0,35.0,08:00,17:00,3.0,17:00,1,7.5,1,50.0,0.0,0.0,0.0,95.0,0.0,1.33,0.0,-0.4156,2910.32,1
2026-06-03 15:40:00,1780481400,15.667,2,0,GRID_EXPORT,31.92,491.8,0.14,7.67,47.35,6.96,54.32,24.77,RUNNING,19.49,RUNNING,0.0,OFF,9.92,54.18,34.69,0.0,35.0,08:00,17:00,3.0,17:00,1,7.5,1,50.0,0.0,0.0,0.0,95.0,0.0,0.14,0.0,-0.0438,2910.28,1
2026-06-03 15:45:00,1780481700,15.75,2,0,GRID_EXPORT,31.91,514.8,0.07,8.66,49.65,12.44,62.1,24.84,RUNNING,20.59,RUNNING,0.0,OFF,10.14,55.57,34.98,0.0,35.0,08:00,17:00,3.0,17:00,1,7.5,1,50.0,0.0,0.0,0.0,95.0,0.0,6.53,0.0,-2.0406,2908.23,1
2026-06-03 15:50:00,1780482000,15.833,2,0,NORMAL_OPERATION,31.99,467.8,0.13,7.59,45.8,6.61,52.41,25.3,RUNNING,20.11,RUNNING,0.0,OFF,10.24,55.65,35.55,0.0,35.0,08:00,17:00,3.0,17:00,1,7.5,1,50.0,-3.24,0.0,3.24,94.86,0.0,0.0,0.0,0.0,2908.23,1
2026-06-03 15:55:00,1780482300,15.917,2,0,BATTERY_CHARGING,31.85,477.3,0.08,8.42,46.49,10.94,57.44,24.33,RUNNING,19.38,RUNNING,0.0,OFF,10.16,53.87,34.49,0.0,35.0,08:00,17:00,3.0,17:00,1,7.5,1,50.0,3.57,3.57,0.0,95.0,0.0,0.0,0.0,0.0,2908.23,1
2026-06-03 16:00:00,1780482600,16.0,2,0,NORMAL_OPERATION,31.61,434.1,0.13,7.87,42.63,7.9,50.54,25.59,RUNNING,19.62,RUNNING,0.0,OFF,10.09,55.3,35.68,0.0,35.0,08:00,17:00,3.0,17:00,1,7.5,1,50.0,-4.76,0.0,4.76,94.79,0.0,0.0,0.0,0.0,2908.23,1
2026-06-03 16:05:00,1780482900,16.083,2,0,BATTERY_CHARGING,31.76,456.4,0.05,8.39,44.29,10.74,55.02,24.69,RUNNING,19.36,RUNNING,0.0,OFF,10.02,54.07,34.71,0.0,35.0,08:00,17:00,3.0,17:00,1,7.5,1,50.0,0.95,0.95,0.0,94.83,0.0,0.0,0.0,0.0,2908.23,1
2026-06-03 16:10:00,1780483200,16.167,2,0,NORMAL_OPERATION,31.35,415.5,0.1,7.44,40.04,6.02,46.06,25.37,RUNNING,19.85,RUNNING,0.0,OFF,9.97,55.19,35.34,0.0,35.0,08:00,17:00,3.0,17:00,1,7.5,1,50.0,-9.13,0.0,9.13,94.43,0.0,0.0,0.0,0.0,2908.23,1
2026-06-03 16:15:00,1780483500,16.25,2,0,NORMAL_OPERATION,31.65,397.9,0.1,7.39,38.52,5.81,44.33,24.83,RUNNING,19.49,RUNNING,0.0,OFF,9.75,54.07,34.58,0.0,35.0,08:00,17:00,3.0,17:00,1,7.5,1,50.0,-9.74,0.0,9.74,94.0,0.0,0.0,0.0,0.0,2908.23,1
2026-06-03 16:20:00,1780483800,16.333,2,0,NORMAL_OPERATION,31.57,399.4,0.05,7.62,38.48,6.77,45.24,25.0,RUNNING,20.38,RUNNING,0.0,OFF,9.78,55.16,34.78,0.0,35.0,08:00,17:00,3.0,17:00,1,7.5,1,50.0,-9.92,0.0,9.92,93.57,0.0,0.0,0.0,0.0,2908.23,1
2026-06-03 16:25:00,1780484100,16.417,2,0,NORMAL_OPERATION,31.16,360.1,0.11,7.71,35.27,7.16,42.43,24.51,RUNNING,20.16,RUNNING,0.0,OFF,10.14,54.82,34.66,0.0,35.0,08:00,17:00,3.0,17:00,1,7.5,1,50.0,-12.39,0.0,12.39,93.02,0.0,0.0,0.0,0.0,2908.23,1
2026-06-03 16:30:00,1780484400,16.5,2,0,NORMAL_OPERATION,31.19,360.8,0.06,8.12,35.01,9.19,44.2,25.68,RUNNING,19.43,RUNNING,0.0,OFF,10.1,55.21,35.78,0.0,35.0,08:00,17:00,3.0,17:00,1,7.5,1,50.0,-11.01,0.0,11.01,92.54,0.0,0.0,0.0,0.0,2908.23,1
2026-06-03 16:35:00,1780484700,16.583,2,0,NORMAL_OPERATION,31.26,331.7,0.08,7.33,32.43,5.58,38.01,24.24,RUNNING,19.73,RUNNING,0.0,OFF,10.29,54.26,34.53,0.0,35.0,08:00,17:00,3.0,17:00,1,7.5,1,50.0,-16.25,0.0,16.25,91.83,0.0,0.0,0.0,0.0,2908.23,1
2026-06-03 16:40:00,1780485000,16.667,2,0,NORMAL_OPERATION,31.34,291.1,0.15,7.47,28.01,6.14,34.15,24.27,RUNNING,20.45,RUNNING,0.0,OFF,9.82,54.54,34.09,0.0,35.0,08:00,17:00,3.0,17:00,1,7.5,1,50.0,-20.39,0.0,20.39,90.93,0.0,0.0,0.0,0.0,2908.23,1
2026-06-03 16:45:00,1780485300,16.75,2,0,NORMAL_OPERATION,31.07,281.0,0.13,8.08,27.03,8.97,36.0,24.29,RUNNING,20.63,RUNNING,0.0,OFF,10.26,55.17,34.54,0.0,35.0,08:00,17:00,3.0,17:00,1,7.5,1,50.0,-19.17,0.0,19.17,90.09,0.0,0.0,0.0,0.0,2908.23,1
2026-06-03 16:50:00,1780485600,16.833,2,0,NORMAL_OPERATION,31.39,261.0,0.13,6.68,25.63,3.42,29.05,24.38,RUNNING,19.93,RUNNING,0.0,OFF,9.71,54.02,34.09,0.0,35.0,08:00,17:00,3.0,17:00,1,7.5,1,50.0,-24.97,0.0,24.97,89.0,0.0,0.0,0.0,0.0,2908.23,1
2026-06-03 16:55:00,1780485900,16.917,2,0,NORMAL_OPERATION,30.78,250.8,0.1,6.93,24.52,4.17,28.69,24.61,RUNNING,19.98,RUNNING,0.0,OFF,10.14,54.73,34.75,0.0,35.0,08:00,17:00,3.0,17:00,1,7.5,1,50.0,-26.04,0.0,26.04,87.85,0.0,0.0,0.0,0.0,2908.23,1
2026-06-03 17:00:00,1780486200,17.0,2,0,NORMAL_OPERATION,30.64,227.8,0.12,6.58,22.35,3.15,25.5,25.26,RUNNING,0.0,OFF,0.0,OFF,9.73,34.99,34.99,0.0,35.0,08:00,17:00,3.0,17:00,1,7.5,1,50.0,-9.49,0.0,9.49,87.44,0.0,0.0,0.0,0.0,2908.23,1
2026-06-03 17:05:00,1780486500,17.083,2,0,NORMAL_OPERATION,30.58,219.1,0.08,7.76,21.53,7.41,28.95,24.28,RUNNING,0.0,OFF,0.0,OFF,10.09,34.38,34.38,0.0,35.0,08:00,17:00,3.0,17:00,1,7.5,1,50.0,-5.43,0.0,5.43,87.2,0.0,0.0,0.0,0.0,2908.23,1
2026-06-03 17:10:00,1780486800,17.167,2,0,NORMAL_OPERATION,30.35,197.2,0.09,6.88,19.65,4.01,23.66,25.26,RUNNING,0.0,OFF,0.0,OFF,10.22,35.47,35.47,0.0,35.0,08:00,17:00,3.0,17:00,1,7.5,1,50.0,-11.81,0.0,11.81,86.68,0.0,0.0,0.0,0.0,2908.23,1
2026-06-03 17:15:00,1780487100,17.25,2,0,NORMAL_OPERATION,30.27,168.4,0.14,7.44,16.22,5.98,22.2,24.81,RUNNING,0.0,OFF,0.0,OFF,10.29,35.1,35.1,0.0,35.0,08:00,17:00,3.0,17:00,1,7.5,1,50.0,-12.9,0.0,12.9,86.12,0.0,0.0,0.0,0.0,2908.23,1
2026-06-03 17:20:00,1780487400,17.333,2,0,NORMAL_OPERATION,30.23,159.5,0.08,7.73,15.65,7.27,22.91,24.5,RUNNING,0.0,OFF,0.0,OFF,10.0,34.5,34.5,0.0,35.0,08:00,17:00,3.0,17:00,1,7.5,1,50.0,-11.59,0.0,11.59,85.61,0.0,0.0,0.0,0.0,2908.23,1
2026-06-03 17:25:00,1780487700,17.417,2,0,NORMAL_OPERATION,30.42,130.4,0.14,6.33,12.51,2.53,15.04,25.05,RUNNING,0.0,OFF,0.0,OFF,9.9,34.95,34.95,0.0,35.0,08:00,17:00,3.0,17:00,1,7.5,1,50.0,-19.91,0.0,19.91,84.73,0.0,0.0,0.0,0.0,2908.23,1
2026-06-03 17:30:00,1780488000,17.5,2,0,NORMAL_OPERATION,30.26,122.0,0.07,6.8,11.79,3.76,15.55,25.2,RUNNING,0.0,OFF,0.0,OFF,9.84,35.04,35.04,0.0,35.0,08:00,17:00,3.0,17:00,1,7.5,1,50.0,-19.49,0.0,19.49,83.88,0.0,0.0,0.0,0.0,2908.23,1
2026-06-03 17:35:00,1780488300,17.583,2,0,NORMAL_OPERATION,30.62,98.0,0.1,7.49,9.7,6.22,15.92,25.61,RUNNING,0.0,OFF,0.0,OFF,10.23,35.84,35.84,0.0,35.0,08:00,17:00,3.0,17:00,1,7.5,1,50.0,-19.92,0.0,19.92,83.01,0.0,0.0,0.0,0.0,2908.23,1
2026-06-03 17:40:00,1780488600,17.667,2,0,NORMAL_OPERATION,30.38,82.5,0.05,7.03,7.86,4.49,12.35,24.44,RUNNING,0.0,OFF,0.0,OFF,10.24,34.68,34.68,0.0,35.0,08:00,17:00,3.0,17:00,1,7.5,1,50.0,-22.33,0.0,22.33,82.03,0.0,0.0,0.0,0.0,2908.23,1
2026-06-03 17:45:00,1780488900,17.75,2,0,NORMAL_OPERATION,30.14,61.6,0.06,6.71,6.49,3.49,9.98,25.18,RUNNING,0.0,OFF,0.0,OFF,10.08,35.26,35.26,0.0,35.0,08:00,17:00,3.0,17:00,1,7.5,1,50.0,-25.28,0.0,25.28,80.92,0.0,0.0,0.0,0.0,2908.23,1
2026-06-03 17:50:00,1780489200,17.833,2,0,NORMAL_OPERATION,29.68,40.4,0.07,6.29,4.43,2.44,6.88,25.66,RUNNING,0.0,OFF,0.0,OFF,9.9,35.55,35.55,0.0,35.0,08:00,17:00,3.0,17:00,1,7.5,1,50.0,-28.67,0.0,28.67,79.66,0.0,0.0,0.0,0.0,2908.23,1
2026-06-03 17:55:00,1780489500,17.917,2,0,NORMAL_OPERATION,29.81,20.3,0.07,6.22,2.03,2.29,4.32,25.48,RUNNING,0.0,OFF,0.0,OFF,10.22,35.7,35.7,0.0,35.0,08:00,17:00,3.0,17:00,1,7.5,1,50.0,-31.38,0.0,31.38,78.28,0.0,0.0,0.0,0.0,2908.23,1
2026-06-03 18:00:00,1780489800,18.0,2,0,NORMAL_OPERATION,29.5,0.0,0.12,6.79,0.0,3.73,3.73,25.79,RUNNING,0.0,OFF,0.0,OFF,10.29,36.08,36.08,0.0,35.0,08:00,17:00,3.0,17:00,1,7.5,1,50.0,-32.35,0.0,32.35,76.86,0.0,0.0,0.0,0.0,2908.23,1
2026-06-03 18:05:00,1780490100,18.083,2,0,NORMAL_OPERATION,29.25,0.0,0.14,7.37,0.0,5.73,5.73,24.71,RUNNING,0.0,OFF,0.0,OFF,10.03,34.74,34.74,0.0,35.0,08:00,17:00,3.0,17:00,1,7.5,1,50.0,-29.01,0.0,29.01,75.59,0.0,0.0,0.0,0.0,2908.23,1
2026-06-03 18:10:00,1780490400,18.167,2,0,NORMAL_OPERATION,29.76,0.0,0.06,6.36,0.0,2.61,2.61,25.61,RUNNING,0.0,OFF,0.0,OFF,10.14,35.74,35.74,0.0,35.0,08:00,17:00,3.0,17:00,1,7.5,1,50.0,-33.13,0.0,33.13,74.14,0.0,0.0,0.0,0.0,2908.23,1
2026-06-03 18:15:00,1780490700,18.25,2,0,NORMAL_OPERATION,29.49,0.0,0.14,6.47,0.0,2.87,2.87,24.86,RUNNING,0.0,OFF,0.0,OFF,9.97,34.82,34.82,0.0,35.0,08:00,17:00,3.0,17:00,1,7.5,1,50.0,-31.95,0.0,31.95,72.74,0.0,0.0,0.0,0.0,2908.23,1
2026-06-03 18:20:00,1780491000,18.333,2,0,NORMAL_OPERATION,29.49,0.0,0.14,7.26,0.0,5.3,5.3,24.64,RUNNING,0.0,OFF,0.0,OFF,10.17,34.81,34.81,0.0,35.0,08:00,17:00,3.0,17:00,1,7.5,1,50.0,-29.51,0.0,29.51,71.44,0.0,0.0,0.0,0.0,2908.23,1
2026-06-03 18:25:00,1780491300,18.417,2,0,NORMAL_OPERATION,28.69,0.0,0.07,6.94,0.0,4.2,4.2,25.18,RUNNING,0.0,OFF,0.0,OFF,9.86,35.04,35.04,0.0,35.0,08:00,17:00,3.0,17:00,1,7.5,1,50.0,-30.84,0.0,30.84,70.09,0.0,0.0,0.0,0.0,2908.23,1
2026-06-03 18:30:00,1780491600,18.5,2,0,NORMAL_OPERATION,28.92,0.0,0.07,6.05,0.0,1.95,1.95,25.3,RUNNING,0.0,OFF,0.0,OFF,9.92,35.22,35.22,0.0,35.0,08:00,17:00,3.0,17:00,1,7.5,1,50.0,-33.27,0.0,33.27,68.63,0.0,0.0,0.0,0.0,2908.23,1
2026-06-03 18:35:00,1780491900,18.583,2,0,NORMAL_OPERATION,28.88,0.0,0.1,6.44,0.0,2.79,2.79,25.17,RUNNING,0.0,OFF,0.0,OFF,10.13,35.29,35.29,0.0,35.0,08:00,17:00,3.0,17:00,1,7.5,1,50.0,-32.5,0.0,32.5,67.21,0.0,0.0,0.0,0.0,2908.23,1
2026-06-03 18:40:00,1780492200,18.667,2,0,NORMAL_OPERATION,28.49,0.0,0.14,6.38,0.0,2.65,2.65,24.42,RUNNING,0.0,OFF,0.0,OFF,9.82,34.24,34.24,0.0,35.0,08:00,17:00,3.0,17:00,1,7.5,1,50.0,-31.59,0.0,31.59,65.82,0.0,0.0,0.0,0.0,2908.23,1
2026-06-03 18:45:00,1780492500,18.75,2,0,NORMAL_OPERATION,28.07,0.0,0.13,5.58,0.0,1.17,1.17,24.63,RUNNING,0.0,OFF,0.0,OFF,9.95,34.58,34.58,0.0,35.0,08:00,17:00,3.0,17:00,1,7.5,1,50.0,-33.41,0.0,33.41,64.36,0.0,0.0,0.0,0.0,2908.23,1
2026-06-03 18:50:00,1780492800,18.833,2,0,NORMAL_OPERATION,28.49,0.0,0.15,6.72,0.0,3.54,3.54,24.31,RUNNING,0.0,OFF,0.0,OFF,10.26,34.56,34.56,0.0,35.0,08:00,17:00,3.0,17:00,1,7.5,1,50.0,-31.02,0.0,31.02,63.0,0.0,0.0,0.0,0.0,2908.23,1
2026-06-03 18:55:00,1780493100,18.917,2,0,NORMAL_OPERATION,28.54,0.0,0.14,6.26,0.0,2.37,2.37,24.72,RUNNING,0.0,OFF,0.0,OFF,9.97,34.69,34.69,0.0,35.0,08:00,17:00,3.0,17:00,1,7.5,1,50.0,-32.32,0.0,32.32,61.58,0.0,0.0,0.0,0.0,2908.23,1
2026-06-03 19:00:00,1780493400,19.0,2,0,NORMAL_OPERATION,27.8,0.0,0.09,5.5,0.0,1.07,1.07,25.38,RUNNING,0.0,OFF,0.0,OFF,9.93,35.3,35.3,0.0,35.0,08:00,17:00,3.0,17:00,1,7.5,1,50.0,-34.23,0.0,34.23,60.08,0.0,0.0,0.0,0.0,2908.23,1
2026-06-03 19:05:00,1780493700,19.083,2,0,NORMAL_OPERATION,27.7,0.0,0.11,6.58,0.0,3.15,3.15,25.15,RUNNING,0.0,OFF,0.0,OFF,10.02,35.17,35.17,0.0,35.0,08:00,17:00,3.0,17:00,1,7.5,1,50.0,-32.02,0.0,32.02,58.67,0.0,0.0,0.0,0.0,2908.23,1
2026-06-03 19:10:00,1780494000,19.167,2,0,NORMAL_OPERATION,27.99,0.0,0.13,6.19,0.0,2.23,2.23,24.92,RUNNING,0.0,OFF,0.0,OFF,10.2,35.12,35.12,0.0,35.0,08:00,17:00,3.0,17:00,1,7.5,1,50.0,-32.89,0.0,32.89,57.23,0.0,0.0,0.0,0.0,2908.23,1
2026-06-03 19:15:00,1780494300,19.25,2,0,NORMAL_OPERATION,27.17,0.0,0.15,6.15,0.0,2.14,2.14,24.83,RUNNING,0.0,OFF,0.0,OFF,10.14,34.97,34.97,0.0,35.0,08:00,17:00,3.0,17:00,1,7.5,1,50.0,-32.83,0.0,32.83,55.79,0.0,0.0,0.0,0.0,2908.23,1
2026-06-03 19:20:00,1780494600,19.333,2,0,NORMAL_OPERATION,27.43,0.0,0.1,6.29,0.0,2.45,2.45,24.28,RUNNING,0.0,OFF,0.0,OFF,9.87,34.15,34.15,0.0,35.0,08:00,17:00,3.0,17:00,1,7.5,1,50.0,-31.7,0.0,31.7,54.4,0.0,0.0,0.0,0.0,2908.23,1
2026-06-03 19:25:00,1780494900,19.417,2,0,NORMAL_OPERATION,27.14,0.0,0.08,6.57,0.0,3.13,3.13,24.94,RUNNING,0.0,OFF,0.0,OFF,9.95,34.89,34.89,0.0,35.0,08:00,17:00,3.0,17:00,1,7.5,1,50.0,-31.76,0.0,31.76,53.01,0.0,0.0,0.0,0.0,2908.23,1
2026-06-03 19:30:00,1780495200,19.5,2,0,NORMAL_OPERATION,27.15,0.0,0.06,6.04,0.0,1.93,1.93,24.43,RUNNING,0.0,OFF,0.0,OFF,10.2,34.63,34.63,0.0,35.0,08:00,17:00,3.0,17:00,1,7.5,1,50.0,-32.7,0.0,32.7,51.57,0.0,0.0,0.0,0.0,2908.23,1
2026-06-03 19:35:00,1780495500,19.583,2,0,NORMAL_OPERATION,26.86,0.0,0.12,5.36,0.0,0.91,0.91,25.45,RUNNING,0.0,OFF,0.0,OFF,10.26,35.71,35.71,0.0,35.0,08:00,17:00,3.0,17:00,1,7.5,1,50.0,-34.8,0.0,34.8,50.05,0.0,0.0,0.0,0.0,2908.23,1
2026-06-03 19:40:00,1780495800,19.667,2,0,NORMAL_OPERATION,26.89,0.0,0.06,5.81,0.0,1.53,1.53,24.92,RUNNING,0.0,OFF,0.0,OFF,9.81,34.73,34.73,0.0,35.0,08:00,17:00,3.0,17:00,1,7.5,1,50.0,-33.2,0.0,33.2,48.59,0.0,0.0,0.0,0.0,2908.23,1
2026-06-03 19:45:00,1780496100,19.75,2,0,NORMAL_OPERATION,26.64,0.0,0.12,5.44,0.0,1.0,1.0,24.93,RUNNING,0.0,OFF,0.0,OFF,9.85,34.78,34.78,0.0,35.0,08:00,17:00,3.0,17:00,1,7.5,1,50.0,-33.78,0.0,33.78,47.11,0.0,0.0,0.0,0.0,2908.23,1
2026-06-03 19:50:00,1780496400,19.833,2,0,NORMAL_OPERATION,26.56,0.0,0.14,6.37,0.0,2.62,2.62,25.35,RUNNING,0.0,OFF,0.0,OFF,9.77,35.12,35.12,0.0,35.0,08:00,17:00,3.0,17:00,1,7.5,1,50.0,-32.5,0.0,32.5,45.68,0.0,0.0,0.0,0.0,2908.23,1
2026-06-03 19:55:00,1780496700,19.917,2,0,NORMAL_OPERATION,25.93,0.0,0.09,5.64,0.0,1.27,1.27,25.04,RUNNING,0.0,OFF,0.0,OFF,9.93,34.97,34.97,0.0,35.0,08:00,17:00,3.0,17:00,1,7.5,1,50.0,-33.7,0.0,33.7,44.2,0.0,0.0,0.0,0.0,2908.23,1
2026-06-03 20:00:00,1780497000,20.0,2,0,NORMAL_OPERATION,26.3,0.0,0.1,6.55,0.0,3.08,3.08,24.81,RUNNING,0.0,OFF,0.0,OFF,9.93,34.73,34.73,0.0,35.0,08:00,17:00,3.0,17:00,1,4.5,0,50.0,-31.65,0.0,31.65,42.82,0.0,0.0,0.0,0.0,2908.23,1
2026-06-03 20:05:00,1780497300,20.083,2,0,NORMAL_OPERATION,26.12,0.0,0.14,5.91,0.0,1.7,1.7,25.26,RUNNING,0.0,OFF,0.0,OFF,9.79,35.05,35.05,0.0,35.0,08:00,17:00,3.0,17:00,1,4.5,0,50.0,-33.35,0.0,33.35,41.35,0.0,0.0,0.0,0.0,2908.23,1
2026-06-03 20:10:00,1780497600,20.167,2,0,NORMAL_OPERATION,26.03,0.0,0.07,6.12,0.0,2.09,2.09,24.87,RUNNING,0.0,OFF,0.0,OFF,9.89,34.76,34.76,0.0,35.0,08:00,17:00,3.0,17:00,1,4.5,0,50.0,-32.67,0.0,32.67,39.92,0.0,0.0,0.0,0.0,2908.23,1
2026-06-03 20:15:00,1780497900,20.25,2,0,NORMAL_OPERATION,25.78,0.0,0.09,5.96,0.0,1.78,1.78,24.39,RUNNING,0.0,OFF,0.0,OFF,9.78,34.17,34.17,0.0,35.0,08:00,17:00,3.0,17:00,1,4.5,0,50.0,-32.39,0.0,32.39,38.5,0.0,0.0,0.0,0.0,2908.23,1
2026-06-03 20:20:00,1780498200,20.333,2,0,NORMAL_OPERATION,25.15,0.0,0.11,5.34,0.0,0.88,0.88,24.93,RUNNING,0.0,OFF,0.0,OFF,10.21,35.15,35.15,0.0,35.0,08:00,17:00,3.0,17:00,1,4.5,0,50.0,-34.27,0.0,34.27,37.0,0.0,0.0,0.0,0.0,2908.23,1
2026-06-03 20:25:00,1780498500,20.417,2,0,NORMAL_OPERATION,25.25,0.0,0.05,6.32,0.0,2.52,2.52,24.58,RUNNING,0.0,OFF,0.0,OFF,10.05,34.63,34.63,0.0,35.0,08:00,17:00,3.0,17:00,1,4.5,0,50.0,-32.11,0.0,32.11,35.59,0.0,0.0,0.0,0.0,2908.23,1
2026-06-03 20:30:00,1780498800,20.5,2,0,NORMAL_OPERATION,25.02,0.0,0.09,5.02,0.0,0.56,0.56,25.16,RUNNING,0.0,OFF,0.0,OFF,9.85,35.01,35.01,0.0,35.0,08:00,17:00,3.0,17:00,1,4.5,0,50.0,-34.45,0.0,34.45,34.08,0.0,0.0,0.0,0.0,2908.23,1
2026-06-03 20:35:00,1780499100,20.583,2,0,NORMAL_OPERATION,24.91,0.0,0.11,5.76,0.0,1.45,1.45,25.52,RUNNING,0.0,OFF,0.0,OFF,9.73,35.25,35.25,0.0,35.0,08:00,17:00,3.0,17:00,1,4.5,0,50.0,-33.8,0.0,33.8,32.6,0.0,0.0,0.0,0.0,2908.23,1
2026-06-03 20:40:00,1780499400,20.667,2,0,NORMAL_OPERATION,24.42,0.0,0.12,4.91,0.0,0.48,0.48,25.57,RUNNING,0.0,OFF,0.0,OFF,10.1,35.67,35.67,0.0,35.0,08:00,17:00,3.0,17:00,1,4.5,0,50.0,-35.19,0.0,35.19,31.05,0.0,0.0,0.0,0.0,2908.23,1
2026-06-03 20:45:00,1780499700,20.75,2,0,NORMAL_OPERATION,24.79,0.0,0.08,6.31,0.0,2.48,2.48,24.28,RUNNING,0.0,OFF,0.0,OFF,9.95,34.23,34.23,0.0,35.0,08:00,17:00,3.0,17:00,1,4.5,0,50.0,-31.75,0.0,31.75,29.66,0.0,0.0,0.0,0.0,2908.23,1
2026-06-03 20:50:00,1780500000,20.833,2,0,NORMAL_OPERATION,24.09,0.0,0.12,5.79,0.0,1.5,1.5,25.31,RUNNING,0.0,OFF,0.0,OFF,10.06,35.36,35.36,0.0,35.0,08:00,17:00,3.0,17:00,1,4.5,0,50.0,-33.86,0.0,33.86,28.17,0.0,0.0,0.0,0.0,2908.23,1
2026-06-03 20:55:00,1780500300,20.917,2,0,NORMAL_OPERATION,24.4,0.0,0.07,5.53,0.0,1.11,1.11,25.13,RUNNING,0.0,OFF,0.0,OFF,10.26,35.39,35.39,0.0,35.0,08:00,17:00,3.0,17:00,1,4.5,0,50.0,-34.28,0.0,34.28,26.67,0.0,0.0,0.0,0.0,2908.23,1
2026-06-03 21:00:00,1780500600,21.0,2,0,NORMAL_OPERATION,23.67,0.0,0.08,5.37,0.0,0.92,0.92,24.81,RUNNING,0.0,OFF,0.0,OFF,9.74,34.55,34.55,0.0,35.0,08:00,17:00,3.0,17:00,1,4.5,0,50.0,-33.63,0.0,33.63,25.2,0.0,0.0,0.0,0.0,2908.23,1
2026-06-03 21:05:00,1780500900,21.083,2,0,NORMAL_OPERATION,23.77,0.0,0.11,5.24,0.0,0.77,0.77,24.42,RUNNING,0.0,OFF,0.0,OFF,10.12,34.53,34.53,0.0,35.0,08:00,17:00,3.0,17:00,1,4.5,0,50.0,-33.76,0.0,33.76,23.71,0.0,0.0,0.0,0.0,2908.23,1
2026-06-03 21:10:00,1780501200,21.167,2,0,NORMAL_OPERATION,23.47,0.0,0.1,5.6,0.0,1.2,1.2,25.31,RUNNING,0.0,OFF,0.0,OFF,10.07,35.38,35.38,0.0,35.0,08:00,17:00,3.0,17:00,1,4.5,0,50.0,-34.18,0.0,34.18,22.22,0.0,0.0,0.0,0.0,2908.23,1
2026-06-03 21:15:00,1780501500,21.25,2,0,NORMAL_OPERATION,23.16,0.0,0.12,5.75,0.0,1.43,1.43,25.78,RUNNING,0.0,OFF,0.0,OFF,9.99,35.77,35.77,0.0,35.0,08:00,17:00,3.0,17:00,1,4.5,0,50.0,-34.34,0.0,34.34,20.71,0.0,0.0,0.0,0.0,2908.23,1
2026-06-03 21:20:00,1780501800,21.333,2,0,GRID_FALLBACK,23.45,0.0,0.14,6.32,0.0,2.5,2.5,24.66,RUNNING,0.0,OFF,0.0,OFF,10.07,34.72,34.72,0.0,35.0,08:00,17:00,3.0,17:00,1,4.5,0,50.0,-16.18,0.0,16.18,20.0,16.04,0.0,0.0,6.0153,2914.25,1
2026-06-03 21:25:00,1780502100,21.417,2,0,GRID_FALLBACK,22.98,0.0,0.1,6.32,0.0,2.51,2.51,24.77,RUNNING,0.0,OFF,0.0,OFF,9.78,34.54,34.54,0.0,35.0,08:00,17:00,3.0,17:00,1,4.5,0,50.0,0.0,0.0,0.0,20.0,32.03,0.0,0.0,12.0112,2926.26,1
2026-06-03 21:30:00,1780502400,21.5,2,0,GRID_FALLBACK,23.01,0.0,0.1,5.73,0.0,1.4,1.4,24.99,RUNNING,0.0,OFF,0.0,OFF,9.81,34.8,34.8,0.0,35.0,08:00,17:00,3.0,17:00,1,4.5,0,50.0,0.0,0.0,0.0,20.0,33.4,0.0,0.0,12.525,2938.79,1
2026-06-03 21:35:00,1780502700,21.583,2,0,GRID_FALLBACK,22.87,0.0,0.12,6.28,0.0,2.42,2.42,24.2,RUNNING,0.0,OFF,0.0,OFF,9.71,33.92,33.92,0.0,35.0,08:00,17:00,3.0,17:00,1,4.5,0,50.0,0.0,0.0,0.0,20.0,31.5,0.0,0.0,11.8125,2950.6,1
2026-06-03 21:40:00,1780503000,21.667,2,0,GRID_FALLBACK,22.71,0.0,0.06,6.07,0.0,1.98,1.98,25.48,RUNNING,0.0,OFF,0.0,OFF,10.3,35.78,35.78,0.0,35.0,08:00,17:00,3.0,17:00,1,4.5,0,50.0,0.0,0.0,0.0,20.0,33.8,0.0,0.0,12.675,2963.27,1
2026-06-03 21:45:00,1780503300,21.75,2,0,GRID_FALLBACK,22.37,0.0,0.08,5.6,0.0,1.21,1.21,25.22,RUNNING,0.0,OFF,0.0,OFF,9.71,34.93,34.93,0.0,35.0,08:00,17:00,3.0,17:00,1,4.5,0,50.0,0.0,0.0,0.0,20.0,33.72,0.0,0.0,12.645,2975.92,1
2026-06-03 21:50:00,1780503600,21.833,2,0,GRID_FALLBACK,22.03,0.0,0.08,5.97,0.0,1.79,1.79,24.69,RUNNING,0.0,OFF,0.0,OFF,10.0,34.7,34.7,0.0,35.0,08:00,17:00,3.0,17:00,1,4.5,0,50.0,0.0,0.0,0.0,20.0,32.91,0.0,0.0,12.3413,2988.26,1
2026-06-03 21:55:00,1780503900,21.917,2,0,GRID_FALLBACK,21.96,0.0,0.05,5.8,0.0,1.5,1.5,24.75,RUNNING,0.0,OFF,0.0,OFF,10.13,34.88,34.88,0.0,35.0,08:00,17:00,3.0,17:00,1,4.5,0,50.0,0.0,0.0,0.0,20.0,33.38,0.0,0.0,12.5175,3000.78,1
2026-06-03 22:00:00,1780504200,22.0,2,0,GRID_FALLBACK,22.02,0.0,0.05,4.98,0.0,0.53,0.53,24.73,RUNNING,0.0,OFF,0.0,OFF,9.9,34.63,34.63,0.0,35.0,08:00,17:00,3.0,17:00,1,4.5,0,50.0,0.0,0.0,0.0,20.0,34.1,0.0,0.0,12.7875,3013.56,1
2026-06-03 22:05:00,1780504500,22.083,2,0,GRID_FALLBACK,21.9,0.0,0.14,5.98,0.0,1.81,1.81,25.23,RUNNING,0.0,OFF,0.0,OFF,9.99,35.22,35.22,0.0,35.0,08:00,17:00,3.0,17:00,1,4.5,0,50.0,0.0,0.0,0.0,20.0,33.41,0.0,0.0,12.5287,3026.09,1
2026-06-03 22:10:00,1780504800,22.167,2,0,GRID_FALLBACK,21.7,0.0,0.14,5.56,0.0,1.15,1.15,24.74,RUNNING,0.0,OFF,0.0,OFF,10.17,34.91,34.91,0.0,35.0,08:00,17:00,3.0,17:00,1,4.5,0,50.0,0.0,0.0,0.0,20.0,33.76,0.0,0.0,12.66,3038.75,1
2026-06-03 22:15:00,1780505100,22.25,2,0,GRID_FALLBACK,21.36,0.0,0.12,6.04,0.0,1.93,1.93,24.68,RUNNING,0.0,OFF,0.0,OFF,10.13,34.81,34.81,0.0,35.0,08:00,17:00,3.0,17:00,1,4.5,0,50.0,0.0,0.0,0.0,20.0,32.88,0.0,0.0,12.33,3051.08,1
2026-06-03 22:20:00,1780505400,22.333,2,0,GRID_FALLBACK,21.12,0.0,0.1,5.04,0.0,0.58,0.58,25.3,RUNNING,0.0,OFF,0.0,OFF,10.18,35.48,35.48,0.0,35.0,08:00,17:00,3.0,17:00,1,4.5,0,50.0,0.0,0.0,0.0,20.0,34.9,0.0,0.0,13.0875,3064.17,1
2026-06-03 22:25:00,1780505700,22.417,2,0,GRID_FALLBACK,21.41,0.0,0.09,6.27,0.0,2.39,2.39,24.65,RUNNING,0.0,OFF,0.0,OFF,9.72,34.37,34.37,0.0,35.0,08:00,17:00,3.0,17:00,1,4.5,0,50.0,0.0,0.0,0.0,20.0,31.98,0.0,0.0,11.9925,3076.16,1
2026-06-03 22:30:00,1780506000,22.5,2,0,GRID_FALLBACK,21.33,0.0,0.11,6.07,0.0,1.98,1.98,25.11,RUNNING,0.0,OFF,0.0,OFF,9.93,35.05,35.05,0.0,35.0,08:00,17:00,3.0,17:00,1,4.5,0,50.0,0.0,0.0,0.0,20.0,33.07,0.0,0.0,12.4012,3088.56,1
2026-06-03 22:35:00,1780506300,22.583,2,0,GRID_FALLBACK,20.85,0.0,0.14,5.93,0.0,1.73,1.73,25.33,RUNNING,0.0,OFF,0.0,OFF,9.89,35.22,35.22,0.0,35.0,08:00,17:00,3.0,17:00,1,4.5,0,50.0,0.0,0.0,0.0,20.0,33.49,0.0,0.0,12.5587,3101.12,1
2026-06-03 22:40:00,1780506600,22.667,2,0,GRID_FALLBACK,20.24,0.0,0.09,5.53,0.0,1.12,1.12,24.58,RUNNING,0.0,OFF,0.0,OFF,9.97,34.55,34.55,0.0,35.0,08:00,17:00,3.0,17:00,1,4.5,0,50.0,0.0,0.0,0.0,20.0,33.43,0.0,0.0,12.5362,3113.66,1
2026-06-03 22:45:00,1780506900,22.75,2,0,GRID_FALLBACK,20.82,0.0,0.07,5.23,0.0,0.76,0.76,24.38,RUNNING,0.0,OFF,0.0,OFF,10.17,34.55,34.55,0.0,35.0,08:00,17:00,3.0,17:00,1,4.5,0,50.0,0.0,0.0,0.0,20.0,33.79,0.0,0.0,12.6713,3126.33,1
2026-06-03 22:50:00,1780507200,22.833,2,0,GRID_FALLBACK,20.53,0.0,0.14,5.47,0.0,1.03,1.03,24.24,RUNNING,0.0,OFF,0.0,OFF,9.99,34.23,34.23,0.0,35.0,08:00,17:00,3.0,17:00,1,4.5,0,50.0,0.0,0.0,0.0,20.0,33.2,0.0,0.0,12.45,3138.78,1
2026-06-03 22:55:00,1780507500,22.917,2,0,GRID_FALLBACK,20.15,0.0,0.07,6.25,0.0,2.35,2.35,25.37,RUNNING,0.0,OFF,0.0,OFF,10.01,35.39,35.39,0.0,35.0,08:00,17:00,3.0,17:00,1,4.5,0,50.0,0.0,0.0,0.0,20.0,33.04,0.0,0.0,12.39,3151.17,1
2026-06-03 23:00:00,1780507800,23.0,2,0,GRID_FALLBACK,20.22,0.0,0.06,6.18,0.0,2.21,2.21,25.52,RUNNING,0.0,OFF,0.0,OFF,10.26,35.78,35.78,0.0,35.0,08:00,17:00,3.0,17:00,1,4.5,0,50.0,0.0,0.0,0.0,20.0,33.57,0.0,0.0,12.5887,3163.76,1
2026-06-03 23:05:00,1780508100,23.083,2,0,GRID_FALLBACK,19.99,0.0,0.06,5.96,0.0,1.78,1.78,24.93,RUNNING,0.0,OFF,0.0,OFF,10.13,35.06,35.06,0.0,35.0,08:00,17:00,3.0,17:00,1,4.5,0,50.0,0.0,0.0,0.0,20.0,33.28,0.0,0.0,12.48,3176.24,1
2026-06-03 23:10:00,1780508400,23.167,2,0,GRID_FALLBACK,19.72,0.0,0.05,6.31,0.0,2.48,2.48,25.3,RUNNING,0.0,OFF,0.0,OFF,10.06,35.36,35.36,0.0,35.0,08:00,17:00,3.0,17:00,1,4.5,0,50.0,0.0,0.0,0.0,20.0,32.88,0.0,0.0,12.33,3188.57,1
2026-06-03 23:15:00,1780508700,23.25,2,0,GRID_FALLBACK,19.23,0.0,0.1,4.91,0.0,0.48,0.48,25.03,RUNNING,0.0,OFF,0.0,OFF,10.1,35.13,35.13,0.0,35.0,08:00,17:00,3.0,17:00,1,4.5,0,50.0,0.0,0.0,0.0,20.0,34.65,0.0,0.0,12.9938,3201.56,1
2026-06-03 23:20:00,1780509000,23.333,2,0,GRID_FALLBACK,19.26,0.0,0.11,5.35,0.0,0.89,0.89,25.63,RUNNING,0.0,OFF,0.0,OFF,9.89,35.52,35.52,0.0,35.0,08:00,17:00,3.0,17:00,1,4.5,0,50.0,0.0,0.0,0.0,20.0,34.63,0.0,0.0,12.9863,3214.55,1
2026-06-03 23:25:00,1780509300,23.417,2,0,GRID_FALLBACK,19.02,0.0,0.08,5.38,0.0,0.93,0.93,24.91,RUNNING,0.0,OFF,0.0,OFF,9.77,34.68,34.68,0.0,35.0,08:00,17:00,3.0,17:00,1,4.5,0,50.0,0.0,0.0,0.0,20.0,33.75,0.0,0.0,12.6562,3227.21,1
2026-06-03 23:30:00,1780509600,23.5,2,0,GRID_FALLBACK,18.85,0.0,0.08,4.91,0.0,0.48,0.48,25.2,RUNNING,0.0,OFF,0.0,OFF,10.01,35.21,35.21,0.0,35.0,08:00,17:00,3.0,17:00,1,4.5,0,50.0,0.0,0.0,0.0,20.0,34.73,0.0,0.0,13.0238,3240.23,1
2026-06-03 23:35:00,1780509900,23.583,2,0,GRID_FALLBACK,18.76,0.0,0.09,5.42,0.0,0.97,0.97,24.43,RUNNING,0.0,OFF,0.0,OFF,10.12,34.55,34.55,0.0,35.0,08:00,17:00,3.0,17:00,1,4.5,0,50.0,0.0,0.0,0.0,20.0,33.58,0.0,0.0,12.5925,3252.82,1
2026-06-03 23:40:00,1780510200,23.667,2,0,GRID_FALLBACK,18.68,0.0,0.07,5.05,0.0,0.59,0.59,25.18,RUNNING,0.0,OFF,0.0,OFF,9.9,35.08,35.08,0.0,35.0,08:00,17:00,3.0,17:00,1,4.5,0,50.0,0.0,0.0,0.0,20.0,34.49,0.0,0.0,12.9337,3265.76,1
2026-06-03 23:45:00,1780510500,23.75,2,0,GRID_FALLBACK,18.68,0.0,0.06,5.71,0.0,1.37,1.37,25.28,RUNNING,0.0,OFF,0.0,OFF,9.76,35.04,35.04,0.0,35.0,08:00,17:00,3.0,17:00,1,4.5,0,50.0,0.0,0.0,0.0,20.0,33.67,0.0,0.0,12.6263,3278.38,1
2026-06-03 23:50:00,1780510800,23.833,2,0,GRID_FALLBACK,18.24,0.0,0.09,5.27,0.0,0.8,0.8,25.15,RUNNING,0.0,OFF,0.0,OFF,10.06,35.21,35.21,0.0,35.0,08:00,17:00,3.0,17:00,1,4.5,0,50.0,0.0,0.0,0.0,20.0,34.41,0.0,0.0,12.9038,3291.29,1
2026-06-03 23:55:00,1780511100,23.917,2,0,GRID_FALLBACK,18.74,0.0,0.12,5.99,0.0,1.84,1.84,24.7,RUNNING,0.0,OFF,0.0,OFF,10.19,34.89,34.89,0.0,35.0,08:00,17:00,3.0,17:00,1,4.5,0,50.0,0.0,0.0,0.0,20.0,33.05,0.0,0.0,12.3937,3303.68,1
2026-06-04 00:00:00,1780511400,0.0,3,0,GRID_FALLBACK,18.51,0.0,0.77,1.39,0.0,0.0,0.0,25.76,RUNNING,0.0,OFF,0.0,OFF,10.15,35.91,35.91,0.0,35.0,08:00,17:00,3.0,17:00,1,4.5,0,50.0,0.0,0.0,0.0,20.0,35.91,0.0,0.0,13.4662,3317.15,1
2026-06-04 00:05:00,1780511700,0.083,3,0,GRID_FALLBACK,18.19,0.0,0.71,1.86,0.0,0.0,0.0,25.67,RUNNING,0.0,OFF,0.0,OFF,9.98,35.65,35.65,0.0,35.0,08:00,17:00,3.0,17:00,1,4.5,0,50.0,0.0,0.0,0.0,20.0,35.65,0.0,0.0,13.3687,3330.51,1
2026-06-04 00:10:00,1780512000,0.167,3,0,GRID_FALLBACK,18.07,0.0,0.77,1.73,0.0,0.0,0.0,24.94,RUNNING,0.0,OFF,0.0,OFF,9.84,34.78,34.78,0.0,35.0,08:00,17:00,3.0,17:00,1,4.5,0,50.0,0.0,0.0,0.0,20.0,34.78,0.0,0.0,13.0425,3343.56,1
2026-06-04 00:15:00,1780512300,0.25,3,0,GRID_FALLBACK,17.76,0.0,0.79,1.61,0.0,0.0,0.0,25.66,RUNNING,0.0,OFF,0.0,OFF,9.94,35.6,35.6,0.0,35.0,08:00,17:00,3.0,17:00,1,4.5,0,50.0,0.0,0.0,0.0,20.0,35.6,0.0,0.0,13.35,3356.91,1
2026-06-04 00:20:00,1780512600,0.333,3,0,GRID_FALLBACK,18.03,0.0,0.77,1.91,0.0,0.0,0.0,25.61,RUNNING,0.0,OFF,0.0,OFF,9.97,35.58,35.58,0.0,35.0,08:00,17:00,3.0,17:00,1,4.5,0,50.0,0.0,0.0,0.0,20.0,35.58,0.0,0.0,13.3425,3370.25,1
2026-06-04 00:25:00,1780512900,0.417,3,0,GRID_FALLBACK,17.39,0.0,0.75,1.25,0.0,0.0,0.0,24.94,RUNNING,0.0,OFF,0.0,OFF,9.8,34.74,34.74,0.0,35.0,08:00,17:00,3.0,17:00,1,4.5,0,50.0,0.0,0.0,0.0,20.0,34.74,0.0,0.0,13.0275,3383.28,1
2026-06-04 00:30:00,1780513200,0.5,3,0,GRID_FALLBACK,17.87,0.0,0.76,0.92,0.0,0.0,0.0,24.36,RUNNING,0.0,OFF,0.0,OFF,10.19,34.56,34.56,0.0,35.0,08:00,17:00,3.0,17:00,1,4.5,0,50.0,0.0,0.0,0.0,20.0,34.56,0.0,0.0,12.96,3396.24,1
2026-06-04 00:35:00,1780513500,0.583,3,0,GRID_FALLBACK,17.79,0.0,0.73,1.79,0.0,0.0,0.0,25.47,RUNNING,0.0,OFF,0.0,OFF,10.02,35.49,35.49,0.0,35.0,08:00,17:00,3.0,17:00,1,4.5,0,50.0,0.0,0.0,0.0,20.0,35.49,0.0,0.0,13.3087,3409.55,1
2026-06-04 00:40:00,1780513800,0.667,3,0,GRID_FALLBACK,17.37,0.0,0.74,1.78,0.0,0.0,0.0,25.08,RUNNING,0.0,OFF,0.0,OFF,10.28,35.36,35.36,0.0,35.0,08:00,17:00,3.0,17:00,1,4.5,0,50.0,0.0,0.0,0.0,20.0,35.36,0.0,0.0,13.26,3422.81,1
2026-06-04 00:45:00,1780514100,0.75,3,0,GRID_FALLBACK,17.26,0.0,0.73,2.12,0.0,0.0,0.0,25.15,RUNNING,0.0,OFF,0.0,OFF,10.17,35.32,35.32,0.0,35.0,08:00,17:00,3.0,17:00,1,4.5,0,50.0,0.0,0.0,0.0,20.0,35.32,0.0,0.0,13.245,3436.05,1
2026-06-04 00:50:00,1780514400,0.833,3,0,GRID_FALLBACK,17.2,0.0,0.78,1.73,0.0,0.0,0.0,24.58,RUNNING,0.0,OFF,0.0,OFF,10.1,34.68,34.68,0.0,35.0,08:00,17:00,3.0,17:00,1,4.5,0,50.0,0.0,0.0,0.0,20.0,34.68,0.0,0.0,13.005,3449.06,1
2026-06-04 00:55:00,1780514700,0.917,3,0,GRID_FALLBACK,16.82,0.0,0.79,1.81,0.0,0.0,0.0,24.98,RUNNING,0.0,OFF,0.0,OFF,10.06,35.03,35.03,0.0,35.0,08:00,17:00,3.0,17:00,1,4.5,0,50.0,0.0,0.0,0.0,20.0,35.03,0.0,0.0,13.1362,3462.19,1
2026-06-04 01:00:00,1780515000,1.0,3,0,GRID_FALLBACK,17.04,0.0,0.76,2.25,0.0,0.0,0.0,24.48,RUNNING,0.0,OFF,0.0,OFF,10.27,34.76,34.76,0.0,35.0,08:00,17:00,3.0,17:00,1,4.5,0,50.0,0.0,0.0,0.0,20.0,34.76,0.0,0.0,13.035,3475.23,1
2026-06-04 01:05:00,1780515300,1.083,3,0,GRID_FALLBACK,16.64,0.0,0.71,2.27,0.0,0.0,0.0,25.43,RUNNING,0.0,OFF,0.0,OFF,9.93,35.36,35.36,0.0,35.0,08:00,17:00,3.0,17:00,1,4.5,0,50.0,0.0,0.0,0.0,20.0,35.36,0.0,0.0,13.26,3488.49,1
2026-06-04 01:10:00,1780515600,1.167,3,0,GRID_FALLBACK,16.9,0.0,0.77,1.16,0.0,0.0,0.0,25.51,RUNNING,0.0,OFF,0.0,OFF,10.23,35.74,35.74,0.0,35.0,08:00,17:00,3.0,17:00,1,4.5,0,50.0,0.0,0.0,0.0,20.0,35.74,0.0,0.0,13.4025,3501.89,1
2026-06-04 01:15:00,1780515900,1.25,3,0,GRID_FALLBACK,17.15,0.0,0.76,1.05,0.0,0.0,0.0,24.43,RUNNING,0.0,OFF,0.0,OFF,9.79,34.22,34.22,0.0,35.0,08:00,17:00,3.0,17:00,1,4.5,0,50.0,0.0,0.0,0.0,20.0,34.22,0.0,0.0,12.8325,3514.72,1
2026-06-04 01:20:00,1780516200,1.333,3,0,GRID_FALLBACK,16.77,0.0,0.74,2.02,0.0,0.0,0.0,24.51,RUNNING,0.0,OFF,0.0,OFF,10.11,34.62,34.62,0.0,35.0,08:00,17:00,3.0,17:00,1,4.5,0,50.0,0.0,0.0,0.0,20.0,34.62,0.0,0.0,12.9825,3527.7,1
2026-06-04 01:25:00,1780516500,1.417,3,0,GRID_FALLBACK,16.53,0.0,0.76,2.6,0.0,0.0,0.0,24.69,RUNNING,0.0,OFF,0.0,OFF,10.27,34.95,34.95,0.0,35.0,08:00,17:00,3.0,17:00,1,4.5,0,50.0,0.0,0.0,0.0,20.0,34.95,0.0,0.0,13.1062,3540.81,1
2026-06-04 01:30:00,1780516800,1.5,3,0,GRID_FALLBACK,16.56,0.0,0.8,1.73,0.0,0.0,0.0,24.34,RUNNING,0.0,OFF,0.0,OFF,9.7,34.05,34.05,0.0,35.0,08:00,17:00,3.0,17:00,1,4.5,0,50.0,0.0,0.0,0.0,20.0,34.05,0.0,0.0,12.7687,3553.58,1
2026-06-04 01:35:00,1780517100,1.583,3,0,GRID_FALLBACK,16.93,0.0,0.74,1.43,0.0,0.0,0.0,24.67,RUNNING,0.0,OFF,0.0,OFF,9.92,34.59,34.59,0.0,35.0,08:00,17:00,3.0,17:00,1,4.5,0,50.0,0.0,0.0,0.0,20.0,34.59,0.0,0.0,12.9713,3566.55,1
2026-06-04 01:40:00,1780517400,1.667,3,0,GRID_FALLBACK,16.52,0.0,0.71,2.39,0.0,0.0,0.0,25.51,RUNNING,0.0,OFF,0.0,OFF,9.92,35.43,35.43,0.0,35.0,08:00,17:00,3.0,17:00,1,4.5,0,50.0,0.0,0.0,0.0,20.0,35.43,0.0,0.0,13.2862,3579.84,1
2026-06-04 01:45:00,1780517700,1.75,3,0,GRID_FALLBACK,16.71,0.0,0.79,1.69,0.0,0.0,0.0,25.32,RUNNING,0.0,OFF,0.0,OFF,9.94,35.26,35.26,0.0,35.0,08:00,17:00,3.0,17:00,1,4.5,0,50.0,0.0,0.0,0.0,20.0,35.26,0.0,0.0,13.2225,3593.06,1
2026-06-04 01:50:00,1780518000,1.833,3,0,GRID_FALLBACK,16.22,0.0,0.74,1.97,0.0,0.0,0.0,25.07,RUNNING,0.0,OFF,0.0,OFF,10.1,35.17,35.17,0.0,35.0,08:00,17:00,3.0,17:00,1,4.5,0,50.0,0.0,0.0,0.0,20.0,35.17,0.0,0.0,13.1888,3606.25,1
2026-06-04 01:55:00,1780518300,1.917,3,0,GRID_FALLBACK,16.3,0.0,0.72,2.02,0.0,0.0,0.0,25.68,RUNNING,0.0,OFF,0.0,OFF,10.2,35.88,35.88,0.0,35.0,08:00,17:00,3.0,17:00,1,4.5,0,50.0,0.0,0.0,0.0,20.0,35.88,0.0,0.0,13.455,3619.7,1
2026-06-04 02:00:00,1780518600,2.0,3,0,GRID_FALLBACK,16.0,0.0,0.8,2.52,0.0,0.0,0.0,24.41,RUNNING,0.0,OFF,0.0,OFF,9.74,34.16,34.16,0.0,35.0,08:00,17:00,3.0,17:00,1,4.5,0,50.0,0.0,0.0,0.0,20.0,34.16,0.0,0.0,12.81,3632.51,1
2026-06-04 02:05:00,1780518900,2.083,3,0,GRID_FALLBACK,15.84,0.0,0.77,2.28,0.0,0.0,0.0,24.9,RUNNING,0.0,OFF,0.0,OFF,10.29,35.19,35.19,0.0,35.0,08:00,17:00,3.0,17:00,1,4.5,0,50.0,0.0,0.0,0.0,20.0,35.19,0.0,0.0,13.1962,3645.71,1
2026-06-04 02:10:00,1780519200,2.167,3,0,GRID_FALLBACK,15.86,0.0,0.76,2.21,0.0,0.0,0.0,24.93,RUNNING,0.0,OFF,0.0,OFF,10.17,35.1,35.1,0.0,35.0,08:00,17:00,3.0,17:00,1,4.5,0,50.0,0.0,0.0,0.0,20.0,35.1,0.0,0.0,13.1625,3658.87,1
2026-06-04 02:15:00,1780519500,2.25,3,0,GRID_FALLBACK,16.24,0.0,0.74,1.88,0.0,0.0,0.0,25.02,RUNNING,0.0,OFF,0.0,OFF,10.03,35.05,35.05,0.0,35.0,08:00,17:00,3.0,17:00,1,4.5,0,50.0,0.0,0.0,0.0,20.0,35.05,0.0,0.0,13.1437,3672.02,1
2026-06-04 02:20:00,1780519800,2.333,3,0,GRID_FALLBACK,16.08,0.0,0.74,1.94,0.0,0.0,0.0,25.17,RUNNING,0.0,OFF,0.0,OFF,10.05,35.21,35.21,0.0,35.0,08:00,17:00,3.0,17:00,1,4.5,0,50.0,0.0,0.0,0.0,20.0,35.21,0.0,0.0,13.2037,3685.22,1
2026-06-04 02:25:00,1780520100,2.417,3,0,GRID_FALLBACK,16.37,0.0,0.72,2.5,0.0,0.0,0.0,24.86,RUNNING,0.0,OFF,0.0,OFF,10.03,34.89,34.89,0.0,35.0,08:00,17:00,3.0,17:00,1,4.5,0,50.0,0.0,0.0,0.0,20.0,34.89,0.0,0.0,13.0837,3698.3,1
2026-06-04 02:30:00,1780520400,2.5,3,0,GRID_FALLBACK,15.96,0.0,0.8,2.65,0.0,0.0,0.0,25.33,RUNNING,0.0,OFF,0.0,OFF,9.77,35.1,35.1,0.0,35.0,08:00,17:00,3.0,17:00,1,4.5,0,50.0,0.0,0.0,0.0,20.0,35.1,0.0,0.0,13.1625,3711.47,1
2026-06-04 02:35:00,1780520700,2.583,3,0,GRID_FALLBACK,16.03,0.0,0.77,2.02,0.0,0.0,0.0,25.37,RUNNING,0.0,OFF,0.0,OFF,10.29,35.66,35.66,0.0,35.0,08:00,17:00,3.0,17:00,1,4.5,0,50.0,0.0,0.0,0.0,20.0,35.66,0.0,0.0,13.3725,3724.84,1
2026-06-04 02:40:00,1780521000,2.667,3,0,GRID_FALLBACK,16.42,0.0,0.78,2.59,0.0,0.0,0.0,24.33,RUNNING,0.0,OFF,0.0,OFF,10.23,34.56,34.56,0.0,35.0,08:00,17:00,3.0,17:00,1,4.5,0,50.0,0.0,0.0,0.0,20.0,34.56,0.0,0.0,12.96,3737.8,1
2026-06-04 02:45:00,1780521300,2.75,3,0,GRID_FALLBACK,15.69,0.0,0.75,3.08,0.0,0.0,0.0,25.74,RUNNING,0.0,OFF,0.0,OFF,9.75,35.48,35.48,0.0,35.0,08:00,17:00,3.0,17:00,1,4.5,0,50.0,0.0,0.0,0.0,20.0,35.48,0.0,0.0,13.305,3751.1,1
2026-06-04 02:50:00,1780521600,2.833,3,0,GRID_FALLBACK,16.11,0.0,0.78,2.45,0.0,0.0,0.0,24.28,RUNNING,0.0,OFF,0.0,OFF,9.91,34.19,34.19,0.0,35.0,08:00,17:00,3.0,17:00,1,4.5,0,50.0,0.0,0.0,0.0,20.0,34.19,0.0,0.0,12.8212,3763.92,1
2026-06-04 02:55:00,1780521900,2.917,3,0,GRID_FALLBACK,16.22,0.0,0.75,2.82,0.0,0.0,0.0,24.95,RUNNING,0.0,OFF,0.0,OFF,10.14,35.09,35.09,0.0,35.0,08:00,17:00,3.0,17:00,1,4.5,0,50.0,0.0,0.0,0.0,20.0,35.09,0.0,0.0,13.1588,3777.08,1
2026-06-04 03:00:00,1780522200,3.0,3,0,GRID_FALLBACK,15.94,0.0,0.8,3.33,0.0,0.0,0.0,24.66,RUNNING,0.0,OFF,0.0,OFF,9.72,34.38,34.38,0.0,35.0,08:00,17:00,3.0,17:00,1,4.5,0,50.0,0.0,0.0,0.0,20.0,34.38,0.0,0.0,12.8925,3789.98,1
2026-06-04 03:05:00,1780522500,3.083,3,0,GRID_FALLBACK,16.34,0.0,0.77,3.27,0.0,0.0,0.0,25.1,RUNNING,0.0,OFF,0.0,OFF,9.74,34.84,34.84,0.0,35.0,08:00,17:00,3.0,17:00,1,4.5,0,50.0,0.0,0.0,0.0,20.0,34.84,0.0,0.0,13.065,3803.04,1
2026-06-04 03:10:00,1780522800,3.167,3,0,GRID_FALLBACK,15.99,0.0,0.72,2.24,0.0,0.0,0.0,25.78,RUNNING,0.0,OFF,0.0,OFF,10.19,35.97,35.97,0.0,35.0,08:00,17:00,3.0,17:00,1,4.5,0,50.0,0.0,0.0,0.0,20.0,35.97,0.0,0.0,13.4887,3816.53,1
2026-06-04 03:15:00,1780523100,3.25,3,0,GRID_FALLBACK,16.12,0.0,0.73,2.34,0.0,0.0,0.0,25.01,RUNNING,0.0,OFF,0.0,OFF,10.21,35.22,35.22,0.0,35.0,08:00,17:00,3.0,17:00,1,4.5,0,50.0,0.0,0.0,0.0,20.0,35.22,0.0,0.0,13.2075,3829.74,1
2026-06-04 03:20:00,1780523400,3.333,3,0,GRID_FALLBACK,15.85,0.0,0.71,2.72,0.0,0.0,0.0,25.57,RUNNING,0.0,OFF,0.0,OFF,9.71,35.28,35.28,0.0,35.0,08:00,17:00,3.0,17:00,1,4.5,0,50.0,0.0,0.0,0.0,20.0,35.28,0.0,0.0,13.23,3842.97,1
2026-06-04 03:25:00,1780523700,3.417,3,0,GRID_FALLBACK,15.74,0.0,0.72,3.27,0.0,0.0,0.0,24.44,RUNNING,0.0,OFF,0.0,OFF,9.97,34.41,34.41,0.0,35.0,08:00,17:00,3.0,17:00,1,4.5,0,50.0,0.0,0.0,0.0,20.0,34.41,0.0,0.0,12.9037,3855.87,1
2026-06-04 03:30:00,1780524000,3.5,3,0,GRID_FALLBACK,16.31,0.0,0.73,3.49,0.0,0.01,0.01,24.98,RUNNING,0.0,OFF,0.0,OFF,10.18,35.16,35.16,0.0,35.0,08:00,17:00,3.0,17:00,1,4.5,0,50.0,0.0,0.0,0.0,20.0,35.15,0.0,0.0,13.1812,3869.05,1
2026-06-04 03:35:00,1780524300,3.583,3,0,GRID_FALLBACK,16.38,0.0,0.73,2.56,0.0,0.0,0.0,24.43,RUNNING,0.0,OFF,0.0,OFF,10.26,34.69,34.69,0.0,35.0,08:00,17:00,3.0,17:00,1,4.5,0,50.0,0.0,0.0,0.0,20.0,34.69,0.0,0.0,13.0087,3882.06,1
2026-06-04 03:40:00,1780524600,3.667,3,0,GRID_FALLBACK,15.84,0.0,0.75,4.07,0.0,0.08,0.08,25.43,RUNNING,0.0,OFF,0.0,OFF,9.84,35.28,35.28,0.0,35.0,08:00,17:00,3.0,17:00,1,4.5,0,50.0,0.0,0.0,0.0,20.0,35.2,0.0,0.0,13.2,3895.26,1
2026-06-04 03:45:00,1780524900,3.75,3,0,GRID_FALLBACK,16.11,0.0,0.76,2.87,0.0,0.0,0.0,25.37,RUNNING,0.0,OFF,0.0,OFF,9.91,35.28,35.28,0.0,35.0,08:00,17:00,3.0,17:00,1,4.5,0,50.0,0.0,0.0,0.0,20.0,35.28,0.0,0.0,13.23,3908.49,1
2026-06-04 03:50:00,1780525200,3.833,3,0,GRID_FALLBACK,16.3,0.0,0.78,2.78,0.0,0.0,0.0,24.47,RUNNING,0.0,OFF,0.0,OFF,9.94,34.41,34.41,0.0,35.0,08:00,17:00,3.0,17:00,1,4.5,0,50.0,0.0,0.0,0.0,20.0,34.41,0.0,0.0,12.9037,3921.39,1
2026-06-04 03:55:00,1780525500,3.917,3,0,GRID_FALLBACK,16.07,0.0,0.77,3.85,0.0,0.04,0.04,25.05,RUNNING,0.0,OFF,0.0,OFF,9.93,34.98,34.98,0.0,35.0,08:00,17:00,3.0,17:00,1,4.5,0,50.0,0.0,0.0,0.0,20.0,34.94,0.0,0.0,13.1025,3934.5,1
2026-06-04 04:00:00,1780525800,4.0,3,0,GRID_FALLBACK,16.44,0.0,0.75,2.93,0.0,0.0,0.0,25.59,RUNNING,0.0,OFF,0.0,OFF,9.71,35.3,35.3,0.0,35.0,08:00,17:00,3.0,17:00,1,4.5,0,50.0,0.0,0.0,0.0,20.0,35.3,0.0,0.0,13.2375,3947.73,1
2026-06-04 04:05:00,1780526100,4.083,3,0,GRID_FALLBACK,16.66,0.0,0.74,3.84,0.0,0.04,0.04,25.74,RUNNING,0.0,OFF,0.0,OFF,10.11,35.85,35.85,0.0,35.0,08:00,17:00,3.0,17:00,1,4.5,0,50.0,0.0,0.0,0.0,20.0,35.81,0.0,0.0,13.4288,3961.16,1
2026-06-04 04:10:00,1780526400,4.167,3,0,GRID_FALLBACK,16.0,0.0,0.79,3.83,0.0,0.04,0.04,25.73,RUNNING,0.0,OFF,0.0,OFF,9.96,35.69,35.69,0.0,35.0,08:00,17:00,3.0,17:00,1,4.5,0,50.0,0.0,0.0,0.0,20.0,35.65,0.0,0.0,13.3687,3974.53,1
2026-06-04 04:15:00,1780526700,4.25,3,0,GRID_FALLBACK,16.76,0.0,0.79,3.4,0.0,0.0,0.0,24.63,RUNNING,0.0,OFF,0.0,OFF,9.76,34.39,34.39,0.0,35.0,08:00,17:00,3.0,17:00,1,4.5,0,50.0,0.0,0.0,0.0,20.0,34.39,0.0,0.0,12.8962,3987.43,1
2026-06-04 04:20:00,1780527000,4.333,3,0,GRID_FALLBACK,16.61,0.0,0.74,4.15,0.0,0.11,0.11,25.4,RUNNING,0.0,OFF,0.0,OFF,10.14,35.54,35.54,0.0,35.0,08:00,17:00,3.0,17:00,1,4.5,0,50.0,0.0,0.0,0.0,20.0,35.43,0.0,0.0,13.2862,4000.71,1
2026-06-04 04:25:00,1780527300,4.417,3,0,GRID_FALLBACK,16.61,0.0,0.72,3.51,0.0,0.01,0.01,25.3,RUNNING,0.0,OFF,0.0,OFF,9.81,35.11,35.11,0.0,35.0,08:00,17:00,3.0,17:00,1,4.5,0,50.0,0.0,0.0,0.0,20.0,35.1,0.0,0.0,13.1625,4013.88,1
2026-06-04 04:30:00,1780527600,4.5,3,0,GRID_FALLBACK,16.65,0.0,0.77,4.36,0.0,0.17,0.17,24.22,RUNNING,0.0,OFF,0.0,OFF,9.76,33.98,33.98,0.0,35.0,08:00,17:00,3.0,17:00,1,4.5,0,50.0,0.0,0.0,0.0,20.0,33.81,0.0,0.0,12.6787,4026.56,1
2026-06-04 04:35:00,1780527900,4.583,3,0,GRID_FALLBACK,16.36,0.0,0.74,3.43,0.0,0.01,0.01,24.65,RUNNING,0.0,OFF,0.0,OFF,9.82,34.47,34.47,0.0,35.0,08:00,17:00,3.0,17:00,1,4.5,0,50.0,0.0,0.0,0.0,20.0,34.46,0.0,0.0,12.9225,4039.48,1
2026-06-04 04:40:00,1780528200,4.667,3,0,GRID_FALLBACK,16.37,0.0,0.71,4.64,0.0,0.3,0.3,25.25,RUNNING,0.0,OFF,0.0,OFF,10.2,35.45,35.45,0.0,35.0,08:00,17:00,3.0,17:00,1,4.5,0,50.0,0.0,0.0,0.0,20.0,35.15,0.0,0.0,13.1813,4052.66,1
2026-06-04 04:45:00,1780528500,4.75,3,0,GRID_FALLBACK,17.19,0.0,0.76,4.32,0.0,0.16,0.16,24.39,RUNNING,0.0,OFF,0.0,OFF,10.21,34.61,34.61,0.0,35.0,08:00,17:00,3.0,17:00,1,4.5,0,50.0,0.0,0.0,0.0,20.0,34.45,0.0,0.0,12.9187,4065.58,1
2026-06-04 04:50:00,1780528800,4.833,3,0,GRID_FALLBACK,16.61,0.0,0.77,4.68,0.0,0.33,0.33,25.11,RUNNING,0.0,OFF,0.0,OFF,10.28,35.39,35.39,0.0,35.0,08:00,17:00,3.0,17:00,1,4.5,0,50.0,0.0,0.0,0.0,20.0,35.06,0.0,0.0,13.1475,4078.73,1
2026-06-04 04:55:00,1780529100,4.917,3,0,GRID_FALLBACK,17.3,0.0,0.77,3.7,0.0,0.02,0.02,24.95,RUNNING,0.0,OFF,0.0,OFF,10.26,35.21,35.21,0.0,35.0,08:00,17:00,3.0,17:00,1,4.5,0,50.0,0.0,0.0,0.0,20.0,35.19,0.0,0.0,13.1962,4091.92,1
2026-06-04 05:00:00,1780529400,5.0,3,0,GRID_FALLBACK,17.18,0.0,0.79,3.79,0.0,0.03,0.03,24.88,RUNNING,0.0,OFF,0.0,OFF,10.24,35.13,35.13,0.0,35.0,08:00,17:00,3.0,17:00,1,4.5,0,50.0,0.0,0.0,0.0,20.0,35.1,0.0,0.0,13.1625,4105.08,1
2026-06-04 05:05:00,1780529700,5.083,3,0,GRID_FALLBACK,17.38,0.0,0.73,3.66,0.0,0.02,0.02,24.32,RUNNING,0.0,OFF,0.0,OFF,10.17,34.48,34.48,0.0,35.0,08:00,17:00,3.0,17:00,1,4.5,0,50.0,0.0,0.0,0.0,20.0,34.46,0.0,0.0,12.9225,4118.01,1
2026-06-04 05:10:00,1780530000,5.167,3,0,GRID_FALLBACK,17.16,0.0,0.73,3.55,0.0,0.01,0.01,25.73,RUNNING,0.0,OFF,0.0,OFF,9.86,35.59,35.59,0.0,35.0,08:00,17:00,3.0,17:00,1,4.5,0,50.0,0.0,0.0,0.0,20.0,35.58,0.0,0.0,13.3425,4131.35,1
2026-06-04 05:15:00,1780530300,5.25,3,0,GRID_FALLBACK,17.3,0.0,0.75,4.99,0.0,0.54,0.54,25.18,RUNNING,0.0,OFF,0.0,OFF,9.81,34.98,34.98,0.0,35.0,08:00,17:00,3.0,17:00,1,4.5,0,50.0,0.0,0.0,0.0,20.0,34.44,0.0,0.0,12.915,4144.26,1
2026-06-04 05:20:00,1780530600,5.333,3,0,GRID_FALLBACK,17.44,0.0,0.71,4.78,0.0,0.39,0.39,24.55,RUNNING,0.0,OFF,0.0,OFF,10.09,34.64,34.64,0.0,35.0,08:00,17:00,3.0,17:00,1,4.5,0,50.0,0.0,0.0,0.0,20.0,34.25,0.0,0.0,12.8438,4157.11,1
2026-06-04 05:25:00,1780530900,5.417,3,0,GRID_FALLBACK,17.88,0.0,0.77,3.77,0.0,0.03,0.03,24.32,RUNNING,0.0,OFF,0.0,OFF,10.04,34.36,34.36,0.0,35.0,08:00,17:00,3.0,17:00,1,4.5,0,50.0,0.0,0.0,0.0,20.0,34.33,0.0,0.0,12.8737,4169.98,1
2026-06-04 05:30:00,1780531200,5.5,3,0,GRID_FALLBACK,17.45,0.0,0.74,5.09,0.0,0.63,0.63,24.44,RUNNING,0.0,OFF,0.0,OFF,10.08,34.52,34.52,0.0,35.0,08:00,17:00,3.0,17:00,1,4.5,0,50.0,0.0,0.0,0.0,20.0,33.89,0.0,0.0,12.7087,4182.69,1
2026-06-04 05:35:00,1780531500,5.583,3,0,GRID_FALLBACK,18.11,0.0,0.77,4.13,0.0,0.1,0.1,25.32,RUNNING,0.0,OFF,0.0,OFF,10.24,35.56,35.56,0.0,35.0,08:00,17:00,3.0,17:00,1,4.5,0,50.0,0.0,0.0,0.0,20.0,35.46,0.0,0.0,13.2975,4195.99,1
2026-06-04 05:40:00,1780531800,5.667,3,0,GRID_FALLBACK,17.93,0.0,0.75,5.26,0.0,0.79,0.79,24.99,RUNNING,0.0,OFF,0.0,OFF,9.96,34.95,34.95,0.0,35.0,08:00,17:00,3.0,17:00,1,4.5,0,50.0,0.0,0.0,0.0,20.0,34.16,0.0,0.0,12.81,4208.8,1
2026-06-04 05:45:00,1780532100,5.75,3,0,GRID_FALLBACK,18.26,0.0,0.78,5.06,0.0,0.6,0.6,25.06,RUNNING,0.0,OFF,0.0,OFF,9.7,34.77,34.77,0.0,35.0,08:00,17:00,3.0,17:00,1,4.5,0,50.0,0.0,0.0,0.0,20.0,34.17,0.0,0.0,12.8138,4221.61,1
2026-06-04 05:50:00,1780532400,5.833,3,0,GRID_FALLBACK,18.47,0.0,0.78,4.63,0.0,0.29,0.29,25.11,RUNNING,0.0,OFF,0.0,OFF,10.26,35.37,35.37,0.0,35.0,08:00,17:00,3.0,17:00,1,4.5,0,50.0,0.0,0.0,0.0,20.0,35.08,0.0,0.0,13.155,4234.77,1
2026-06-04 05:55:00,1780532700,5.917,3,0,GRID_FALLBACK,18.11,0.0,0.77,4.54,0.0,0.25,0.25,25.21,RUNNING,0.0,OFF,0.0,OFF,10.28,35.49,35.49,0.0,35.0,08:00,17:00,3.0,17:00,1,4.5,0,50.0,0.0,0.0,0.0,20.0,35.24,0.0,0.0,13.215,4247.98,1
2026-06-04 06:00:00,1780533000,6.0,3,0,GRID_FALLBACK,18.02,0.0,0.75,5.49,0.0,1.06,1.06,24.94,RUNNING,0.0,OFF,0.0,OFF,10.16,35.1,35.1,0.0,35.0,08:00,17:00,3.0,17:00,1,4.5,0,50.0,0.0,0.0,0.0,20.0,34.04,0.0,0.0,12.765,4260.75,1
2026-06-04 06:05:00,1780533300,6.083,3,0,GRID_FALLBACK,18.59,6.2,0.72,4.06,0.52,0.08,0.6,24.51,RUNNING,0.0,OFF,0.0,OFF,10.12,34.62,34.62,0.0,35.0,08:00,17:00,3.0,17:00,1,4.5,0,50.0,0.0,0.0,0.0,20.0,34.02,0.0,0.0,12.7575,4273.5,1
2026-06-04 06:10:00,1780533600,6.167,3,0,GRID_FALLBACK,18.91,10.3,0.76,4.62,0.64,0.29,0.93,25.21,RUNNING,0.0,OFF,0.0,OFF,10.14,35.35,35.35,0.0,35.0,08:00,17:00,3.0,17:00,1,4.5,0,50.0,0.0,0.0,0.0,20.0,34.42,0.0,0.0,12.9075,4286.41,1
2026-06-04 06:15:00,1780533900,6.25,3,0,GRID_FALLBACK,18.44,18.4,0.72,5.24,1.98,0.77,2.75,24.98,RUNNING,0.0,OFF,0.0,OFF,9.74,34.72,34.72,0.0,35.0,08:00,17:00,3.0,17:00,1,4.5,0,50.0,0.0,0.0,0.0,20.0,31.97,0.0,0.0,11.9887,4298.4,1
2026-06-04 06:20:00,1780534200,6.333,3,0,GRID_FALLBACK,18.89,23.5,0.73,4.99,2.74,0.54,3.28,24.92,RUNNING,0.0,OFF,0.0,OFF,10.3,35.22,35.22,0.0,35.0,08:00,17:00,3.0,17:00,1,4.5,0,50.0,0.0,0.0,0.0,20.0,31.94,0.0,0.0,11.9775,4310.38,1
2026-06-04 06:25:00,1780534500,6.417,3,0,GRID_FALLBACK,18.62,32.0,0.71,5.44,2.83,0.99,3.82,24.39,RUNNING,0.0,OFF,0.0,OFF,10.18,34.57,34.57,0.0,35.0,08:00,17:00,3.0,17:00,1,4.5,0,50.0,0.0,0.0,0.0,20.0,30.75,0.0,0.0,11.5312,4321.91,1
2026-06-04 06:30:00,1780534800,6.5,3,0,GRID_FALLBACK,19.26,33.2,0.75,5.31,3.77,0.84,4.61,24.44,RUNNING,0.0,OFF,0.0,OFF,10.05,34.49,34.49,0.0,35.0,08:00,17:00,3.0,17:00,1,4.5,0,50.0,0.0,0.0,0.0,20.0,29.88,0.0,0.0,11.205,4333.11,1
2026-06-04 06:35:00,1780535100,6.583,3,0,GRID_FALLBACK,19.61,45.1,0.7,4.49,4.76,0.23,4.99,24.95,RUNNING,0.0,OFF,0.0,OFF,10.25,35.2,35.2,0.0,35.0,08:00,17:00,3.0,17:00,1,4.5,0,50.0,0.0,0.0,0.0,20.0,30.21,0.0,0.0,11.3287,4344.44,1
2026-06-04 06:40:00,1780535400,6.667,3,0,GRID_FALLBACK,19.05,39.9,0.77,4.52,3.76,0.24,4.0,24.28,RUNNING,0.0,OFF,0.0,OFF,9.88,34.16,34.16,0.0,35.0,08:00,17:00,3.0,17:00,1,4.5,0,50.0,0.0,0.0,0.0,20.0,30.16,0.0,0.0,11.31,4355.75,1
2026-06-04 06:45:00,1780535700,6.75,3,0,GRID_FALLBACK,19.79,49.6,0.75,4.62,5.16,0.29,5.45,25.51,RUNNING,0.0,OFF,0.0,OFF,9.76,35.27,35.27,0.0,35.0,08:00,17:00,3.0,17:00,1,4.5,0,50.0,0.0,0.0,0.0,20.0,29.82,0.0,0.0,11.1825,4366.94,1
2026-06-04 06:50:00,1780536000,6.833,3,0,GRID_FALLBACK,19.7,47.6,0.78,4.74,5.17,0.36,5.53,24.88,RUNNING,0.0,OFF,0.0,OFF,10.19,35.07,35.07,0.0,35.0,08:00,17:00,3.0,17:00,1,4.5,0,50.0,0.0,0.0,0.0,20.0,29.54,0.0,0.0,11.0775,4378.01,1
2026-06-04 06:55:00,1780536300,6.917,3,0,GRID_FALLBACK,20.24,55.2,0.77,4.95,6.1,0.51,6.61,25.12,RUNNING,0.0,OFF,0.0,OFF,9.78,34.9,34.9,0.0,35.0,08:00,17:00,3.0,17:00,1,4.5,0,50.0,0.0,0.0,0.0,20.0,28.29,0.0,0.0,10.6087,4388.62,1
2026-06-04 07:00:00,1780536600,7.0,3,0,GRID_FALLBACK,20.27,57.1,0.78,5.69,5.91,1.34,7.25,24.74,RUNNING,0.0,OFF,0.0,OFF,9.77,34.51,34.51,0.0,35.0,08:00,17:00,3.0,17:00,1,4.5,0,50.0,0.0,0.0,0.0,20.0,27.26,0.0,0.0,10.2225,4398.84,1
2026-06-04 07:05:00,1780536900,7.083,3,0,GRID_FALLBACK,19.87,72.3,0.74,5.62,7.44,1.23,8.67,24.9,RUNNING,0.0,OFF,0.0,OFF,10.26,35.16,35.16,0.0,35.0,08:00,17:00,3.0,17:00,1,4.5,0,50.0,0.0,0.0,0.0,20.0,26.49,0.0,0.0,9.9337,4408.78,1
2026-06-04 07:10:00,1780537200,7.167,3,0,GRID_FALLBACK,19.94,87.2,0.71,5.9,9.01,1.67,10.68,25.44,RUNNING,0.0,OFF,0.0,OFF,9.71,35.15,35.15,0.0,35.0,08:00,17:00,3.0,17:00,1,4.5,0,50.0,0.0,0.0,0.0,20.0,24.47,0.0,0.0,9.1762,4417.95,1
2026-06-04 07:15:00,1780537500,7.25,3,0,GRID_FALLBACK,20.45,96.2,0.7,4.87,9.39,0.45,9.83,25.24,RUNNING,0.0,OFF,0.0,OFF,10.23,35.47,35.47,0.0,35.0,08:00,17:00,3.0,17:00,1,4.5,0,50.0,0.0,0.0,0.0,20.0,25.64,0.0,0.0,9.615,4427.57,1
2026-06-04 07:20:00,1780537800,7.333,3,0,GRID_FALLBACK,20.55,75.0,0.78,5.85,7.82,1.59,9.41,24.53,RUNNING,0.0,OFF,0.0,OFF,10.08,34.61,34.61,0.0,35.0,08:00,17:00,3.0,17:00,1,4.5,0,50.0,0.0,0.0,0.0,20.0,25.2,0.0,0.0,9.45,4437.02,1
2026-06-04 07:25:00,1780538100,7.417,3,0,GRID_FALLBACK,20.8,93.8,0.74,6.15,9.65,2.15,11.79,24.26,RUNNING,0.0,OFF,0.0,OFF,9.81,34.07,34.07,0.0,35.0,08:00,17:00,3.0,17:00,1,4.5,0,50.0,0.0,0.0,0.0,20.0,22.28,0.0,0.0,8.355,4445.37,1
2026-06-04 07:30:00,1780538400,7.5,3,0,GRID_FALLBACK,20.94,78.4,0.8,5.69,8.25,1.33,9.58,24.76,RUNNING,0.0,OFF,0.0,OFF,9.7,34.46,34.46,0.0,35.0,08:00,17:00,3.0,17:00,1,4.5,0,50.0,0.0,0.0,0.0,20.0,24.88,0.0,0.0,9.33,4454.7,1
2026-06-04 07:35:00,1780538700,7.583,3,0,GRID_FALLBACK,20.89,116.1,0.71,5.56,11.4,1.16,12.55,24.78,RUNNING,0.0,OFF,0.0,OFF,10.16,34.94,34.94,0.0,35.0,08:00,17:00,3.0,17:00,1,4.5,0,50.0,0.0,0.0,0.0,20.0,22.39,0.0,0.0,8.3962,4463.1,1
2026-06-04 07:40:00,1780539000,7.667,3,0,GRID_FALLBACK,21.3,117.5,0.72,5.98,12.09,1.82,13.9,24.64,RUNNING,0.0,OFF,0.0,OFF,9.82,34.46,34.46,0.0,35.0,08:00,17:00,3.0,17:00,1,4.5,0,50.0,0.0,0.0,0.0,20.0,20.56,0.0,0.0,7.71,4470.81,1
2026-06-04 07:45:00,1780539300,7.75,3,0,GRID_FALLBACK,21.67,102.4,0.77,6.33,10.35,2.53,12.88,24.48,RUNNING,0.0,OFF,0.0,OFF,10.1,34.58,34.58,0.0,35.0,08:00,17:00,3.0,17:00,1,4.5,0,50.0,0.0,0.0,0.0,20.0,21.7,0.0,0.0,8.1375,4478.95,1
2026-06-04 07:50:00,1780539600,7.833,3,0,GRID_FALLBACK,21.23,108.7,0.76,5.26,10.97,0.8,11.77,24.73,RUNNING,0.0,OFF,0.0,OFF,10.18,34.92,34.92,0.0,35.0,08:00,17:00,3.0,17:00,1,4.5,0,50.0,0.0,0.0,0.0,20.0,23.15,0.0,0.0,8.6813,4487.63,1
2026-06-04 07:55:00,1780539900,7.917,3,0,GRID_FALLBACK,21.97,142.2,0.7,6.02,14.82,1.89,16.71,24.48,RUNNING,0.0,OFF,0.0,OFF,10.17,34.65,34.65,0.0,35.0,08:00,17:00,3.0,17:00,1,4.5,0,50.0,0.0,0.0,0.0,20.0,17.94,0.0,0.0,6.7275,4494.36,1
2026-06-04 08:00:00,1780540200,8.0,3,0,GRID_FALLBACK,21.92,144.2,0.71,6.3,14.82,2.46,17.28,25.15,RUNNING,19.76,RUNNING,0.0,OFF,9.82,54.72,34.97,0.0,35.0,08:00,17:00,3.0,17:00,1,4.5,0,50.0,0.0,0.0,0.0,20.0,37.44,0.0,0.0,14.04,4508.4,1
2026-06-04 08:05:00,1780540500,8.083,3,0,GRID_FALLBACK,22.24,138.7,0.73,6.14,13.85,2.12,15.97,24.36,RUNNING,20.33,RUNNING,0.0,OFF,10.22,54.91,34.58,0.0,35.0,08:00,17:00,3.0,17:00,1,4.5,0,50.0,0.0,0.0,0.0,20.0,38.94,0.0,0.0,14.6025,4523.0,1
2026-06-04 08:10:00,1780540800,8.167,3,0,GRID_FALLBACK,22.17,149.3,0.72,5.67,15.09,1.31,16.39,25.62,RUNNING,19.5,RUNNING,0.0,OFF,10.26,55.38,35.88,0.0,35.0,08:00,17:00,3.0,17:00,1,4.5,0,50.0,0.0,0.0,0.0,20.0,38.99,0.0,0.0,14.6212,4537.62,1
2026-06-04 08:15:00,1780541100,8.25,3,0,GRID_FALLBACK,22.4,145.2,0.74,5.16,14.89,0.69,15.58,25.21,RUNNING,20.67,RUNNING,0.0,OFF,9.82,55.7,35.03,0.0,35.0,08:00,17:00,3.0,17:00,1,4.5,0,50.0,0.0,0.0,0.0,20.0,40.12,0.0,0.0,15.045,4552.67,1
2026-06-04 08:20:00,1780541400,8.333,3,0,GRID_FALLBACK,22.31,132.4,0.77,5.06,13.02,0.6,13.62,25.56,RUNNING,19.94,RUNNING,0.0,OFF,9.8,55.31,35.37,0.0,35.0,08:00,17:00,3.0,17:00,1,4.5,0,50.0,0.0,0.0,0.0,20.0,41.69,0.0,0.0,15.6338,4568.3,1
2026-06-04 08:25:00,1780541700,8.417,3,0,GRID_FALLBACK,22.66,125.0,0.79,5.95,12.9,1.77,14.67,25.22,RUNNING,20.16,RUNNING,0.0,OFF,9.8,55.18,35.02,0.0,35.0,08:00,17:00,3.0,17:00,1,4.5,0,50.0,0.0,0.0,0.0,20.0,40.51,0.0,0.0,15.1912,4583.49,1
2026-06-04 08:30:00,1780542000,8.5,3,0,GRID_FALLBACK,23.33,130.6,0.79,5.15,13.5,0.68,14.18,24.98,RUNNING,20.69,RUNNING,0.0,OFF,10.05,55.73,35.04,0.0,35.0,08:00,17:00,3.0,17:00,1,4.5,0,50.0,0.0,0.0,0.0,20.0,41.55,0.0,0.0,15.5812,4599.07,1
2026-06-04 08:35:00,1780542300,8.583,3,0,GRID_FALLBACK,23.4,170.3,0.73,6.2,17.38,2.24,19.62,24.59,RUNNING,19.76,RUNNING,0.0,OFF,10.05,54.4,34.64,0.0,35.0,08:00,17:00,3.0,17:00,1,4.5,0,50.0,0.0,0.0,0.0,20.0,34.78,0.0,0.0,13.0425,4612.11,1
2026-06-04 08:40:00,1780542600,8.667,3,0,GRID_FALLBACK,23.62,154.8,0.76,5.29,15.64,0.82,16.46,24.21,RUNNING,20.67,RUNNING,0.0,OFF,9.72,54.6,33.93,0.0,35.0,08:00,17:00,3.0,17:00,1,4.5,0,50.0,0.0,0.0,0.0,20.0,38.14,0.0,0.0,14.3025,4626.42,1
2026-06-04 08:45:00,1780542900,8.75,3,0,GRID_FALLBACK,23.45,147.1,0.78,5.12,14.83,0.65,15.49,24.97,RUNNING,20.42,RUNNING,0.0,OFF,10.19,55.58,35.16,0.0,35.0,08:00,17:00,3.0,17:00,1,4.5,0,50.0,0.0,0.0,0.0,20.0,40.09,0.0,0.0,15.0337,4641.45,1
2026-06-04 08:50:00,1780543200,8.833,3,0,GRID_FALLBACK,23.61,186.4,0.72,5.98,18.26,1.81,20.07,25.37,RUNNING,20.63,RUNNING,0.0,OFF,9.78,55.78,35.15,0.0,35.0,08:00,17:00,3.0,17:00,1,4.5,0,50.0,0.0,0.0,0.0,20.0,35.71,0.0,0.0,13.3912,4654.84,1
2026-06-04 08:55:00,1780543500,8.917,3,0,GRID_FALLBACK,23.66,162.7,0.76,5.25,16.33,0.78,17.11,24.69,RUNNING,20.28,RUNNING,0.0,OFF,10.21,55.19,34.9,0.0,35.0,08:00,17:00,3.0,17:00,1,4.5,0,50.0,0.0,0.0,0.0,20.0,38.08,0.0,0.0,14.28,4669.12,1
2026-06-04 09:00:00,1780543800,9.0,3,0,FLEXIBLE_SHIFT_OPPORTUNITY,24.2,210.4,0.7,5.84,21.38,1.58,22.96,25.6,RUNNING,19.87,RUNNING,35.58,RUNNING,9.92,90.97,35.52,35.58,35.0,08:00,17:00,3.0,17:00,1,4.5,0,50.0,0.0,0.0,0.0,20.0,68.01,0.0,0.0,25.5037,4694.63,1
2026-06-04 09:05:00,1780544100,9.083,3,0,FLEXIBLE_SHIFT_OPPORTUNITY,24.15,171.0,0.76,6.5,16.72,2.95,19.68,25.63,RUNNING,19.77,RUNNING,34.07,RUNNING,9.96,89.42,35.59,34.07,35.0,08:00,17:00,3.0,17:00,1,4.5,0,50.0,0.0,0.0,0.0,20.0,69.74,0.0,0.0,26.1525,4720.78,1
2026-06-04 09:10:00,1780544400,9.167,3,0,FLEXIBLE_SHIFT_OPPORTUNITY,24.16,151.4,0.79,6.01,15.49,1.87,17.36,25.46,RUNNING,19.41,RUNNING,35.76,RUNNING,10.14,90.78,35.6,35.76,35.0,08:00,17:00,3.0,17:00,1,4.5,0,50.0,0.0,0.0,0.0,20.0,73.42,0.0,0.0,27.5325,4748.31,1
2026-06-04 09:15:00,1780544700,9.25,3,0,FLEXIBLE_SHIFT_OPPORTUNITY,24.17,154.5,0.79,6.23,15.89,2.31,18.2,24.38,RUNNING,19.81,RUNNING,35.24,RUNNING,9.92,89.35,34.3,35.24,35.0,08:00,17:00,3.0,17:00,1,4.5,0,50.0,0.0,0.0,0.0,20.0,71.15,0.0,0.0,26.6812,4774.99,1
2026-06-04 09:20:00,1780545000,9.333,3,0,FLEXIBLE_SHIFT_OPPORTUNITY,24.44,187.0,0.76,5.27,18.95,0.8,19.75,24.53,RUNNING,20.67,RUNNING,34.48,RUNNING,9.77,89.45,34.3,34.48,35.0,08:00,17:00,3.0,17:00,1,4.5,0,50.0,0.0,0.0,0.0,20.0,69.7,0.0,0.0,26.1375,4801.13,1
2026-06-04 09:25:00,1780545300,9.417,3,0,FLEXIBLE_SHIFT_OPPORTUNITY,24.85,160.7,0.79,6.1,16.54,2.04,18.58,24.54,RUNNING,20.34,RUNNING,34.45,RUNNING,9.91,89.24,34.45,34.45,35.0,08:00,17:00,3.0,17:00,1,4.5,0,50.0,0.0,0.0,0.0,20.0,70.66,0.0,0.0,26.4975,4827.63,1
2026-06-04 09:30:00,1780545600,9.5,3,0,FLEXIBLE_SHIFT_OPPORTUNITY,24.86,184.0,0.77,5.62,17.98,1.24,19.21,24.75,RUNNING,19.98,RUNNING,35.05,RUNNING,9.77,89.56,34.53,35.05,35.0,08:00,17:00,3.0,17:00,1,4.5,0,50.0,0.0,0.0,0.0,20.0,70.35,0.0,0.0,26.3812,4854.01,1
2026-06-04 09:35:00,1780545900,9.583,3,0,FLEXIBLE_SHIFT_OPPORTUNITY,25.38,187.2,0.77,6.04,18.49,1.92,20.41,25.19,RUNNING,20.42,RUNNING,35.89,RUNNING,10.19,91.69,35.38,35.89,35.0,08:00,17:00,3.0,17:00,1,4.5,0,50.0,0.0,0.0,0.0,20.0,71.28,0.0,0.0,26.73,4880.74,1
2026-06-04 09:40:00,1780546200,9.667,3,0,FLEXIBLE_SHIFT_OPPORTUNITY,25.74,240.4,0.71,6.62,23.92,3.25,27.17,24.33,RUNNING,20.56,RUNNING,34.58,RUNNING,10.27,89.74,34.6,34.58,35.0,08:00,17:00,3.0,17:00,1,4.5,0,50.0,0.0,0.0,0.0,20.0,62.57,0.0,0.0,23.4637,4904.2,1
2026-06-04 09:45:00,1780546500,9.75,3,0,FLEXIBLE_SHIFT_OPPORTUNITY,25.25,226.5,0.73,6.31,22.62,2.49,25.11,25.6,RUNNING,20.03,RUNNING,35.25,RUNNING,9.88,90.76,35.48,35.25,35.0,08:00,17:00,3.0,17:00,1,4.5,0,50.0,0.0,0.0,0.0,20.0,65.65,0.0,0.0,24.6187,4928.82,1
2026-06-04 09:50:00,1780546800,9.833,3,0,FLEXIBLE_SHIFT_OPPORTUNITY,26.11,207.4,0.75,5.41,20.49,0.96,21.45,24.91,RUNNING,20.2,RUNNING,34.58,RUNNING,9.74,89.43,34.65,34.58,35.0,08:00,17:00,3.0,17:00,1,4.5,0,50.0,0.0,0.0,0.0,20.0,67.98,0.0,0.0,25.4925,4954.31,1
2026-06-04 09:55:00,1780547100,9.917,3,0,FLEXIBLE_SHIFT_OPPORTUNITY,26.2,236.6,0.72,6.72,23.69,3.52,27.21,24.86,RUNNING,19.78,RUNNING,35.29,RUNNING,9.9,89.83,34.75,35.29,35.0,08:00,17:00,3.0,17:00,1,4.5,0,50.0,0.0,0.0,0.0,20.0,62.62,0.0,0.0,23.4825,4977.8,1
2026-06-04 10:00:00,1780547400,10.0,3,0,FLEXIBLE_SHIFT_OPPORTUNITY,26.15,199.5,0.77,6.55,19.8,3.06,22.86,24.69,RUNNING,19.48,RUNNING,35.58,RUNNING,9.8,89.55,34.49,35.58,35.0,08:00,17:00,3.0,17:00,1,4.5,0,50.0,0.0,0.0,0.0,20.0,66.69,0.0,0.0,25.0087,5002.8,1
2026-06-04 10:05:00,1780547700,10.083,3,0,FLEXIBLE_SHIFT_OPPORTUNITY,26.05,220.6,0.75,6.75,22.23,3.62,25.86,24.28,RUNNING,19.79,RUNNING,34.91,RUNNING,9.8,88.78,34.08,34.91,35.0,08:00,17:00,3.0,17:00,1,4.5,0,50.0,0.0,0.0,0.0,20.0,62.92,0.0,0.0,23.595,5026.4,1
2026-06-04 10:10:00,1780548000,10.167,3,0,FLEXIBLE_SHIFT_OPPORTUNITY,26.74,203.0,0.77,5.65,20.63,1.28,21.91,25.54,RUNNING,20.27,RUNNING,35.33,RUNNING,9.79,90.94,35.34,35.33,35.0,08:00,17:00,3.0,17:00,1,4.5,0,50.0,0.0,0.0,0.0,20.0,69.03,0.0,0.0,25.8862,5052.29,1
2026-06-04 10:15:00,1780548300,10.25,3,0,FLEXIBLE_SHIFT_OPPORTUNITY,26.36,265.4,0.7,5.7,26.02,1.35,27.37,24.62,RUNNING,19.56,RUNNING,35.12,RUNNING,9.72,89.02,34.34,35.12,35.0,08:00,17:00,3.0,17:00,1,4.5,0,50.0,0.0,0.0,0.0,20.0,61.65,0.0,0.0,23.1187,5075.4,1
2026-06-04 10:20:00,1780548600,10.333,3,0,FLEXIBLE_SHIFT_OPPORTUNITY,26.59,240.7,0.73,5.79,23.96,1.48,25.44,24.46,RUNNING,19.72,RUNNING,35.84,RUNNING,9.94,89.97,34.4,35.84,35.0,08:00,17:00,3.0,17:00,1,4.5,0,50.0,0.0,0.0,0.0,20.0,64.53,0.0,0.0,24.1987,5099.6,1
2026-06-04 10:25:00,1780548900,10.417,3,0,FLEXIBLE_SHIFT_OPPORTUNITY,26.9,261.3,0.71,5.92,25.75,1.7,27.45,24.21,RUNNING,20.33,RUNNING,35.95,RUNNING,9.9,90.39,34.11,35.95,35.0,08:00,17:00,3.0,17:00,1,4.5,0,50.0,0.0,0.0,0.0,20.0,62.94,0.0,0.0,23.6025,5123.21,1
2026-06-04 10:30:00,1780549200,10.5,3,0,FLEXIBLE_SHIFT_OPPORTUNITY,27.23,233.4,0.75,5.64,23.57,1.27,24.84,25.77,RUNNING,20.1,RUNNING,34.29,RUNNING,10.04,90.21,35.81,34.29,35.0,08:00,17:00,3.0,17:00,1,4.5,0,50.0,0.0,0.0,0.0,20.0,65.37,0.0,0.0,24.5137,5147.72,1
2026-06-04 10:35:00,1780549500,10.583,3,0,FLEXIBLE_SHIFT_OPPORTUNITY,27.55,238.4,0.74,6.27,23.83,2.41,26.23,25.64,RUNNING,19.5,RUNNING,35.1,RUNNING,9.88,90.12,35.53,35.1,35.0,08:00,17:00,3.0,17:00,1,4.5,0,50.0,0.0,0.0,0.0,20.0,63.89,0.0,0.0,23.9587,5171.68,1
2026-06-04 10:40:00,1780549800,10.667,3,0,FLEXIBLE_SHIFT_OPPORTUNITY,27.3,202.9,0.78,5.88,19.69,1.63,21.33,24.29,RUNNING,20.2,RUNNING,35.17,RUNNING,9.83,89.49,34.12,35.17,35.0,08:00,17:00,3.0,17:00,1,4.5,0,50.0,0.0,0.0,0.0,20.0,68.16,0.0,0.0,25.56,5197.24,1
2026-06-04 10:45:00,1780550100,10.75,3,0,FLEXIBLE_SHIFT_OPPORTUNITY,27.89,257.8,0.73,5.19,25.52,0.72,26.24,24.91,RUNNING,20.24,RUNNING,34.17,RUNNING,10.01,89.33,34.92,34.17,35.0,08:00,17:00,3.0,17:00,1,4.5,0,50.0,0.0,0.0,0.0,20.0,63.09,0.0,0.0,23.6588,5220.9,1
2026-06-04 10:50:00,1780550400,10.833,3,0,FLEXIBLE_SHIFT_OPPORTUNITY,27.45,255.8,0.73,6.11,25.77,2.06,27.83,25.65,RUNNING,19.81,RUNNING,34.3,RUNNING,10.21,89.97,35.87,34.3,35.0,08:00,17:00,3.0,17:00,1,4.5,0,50.0,0.0,0.0,0.0,20.0,62.14,0.0,0.0,23.3025,5244.2,1
2026-06-04 10:55:00,1780550700,10.917,3,0,FLEXIBLE_SHIFT_OPPORTUNITY,27.74,252.2,0.74,5.58,24.8,1.18,25.98,25.76,RUNNING,20.52,RUNNING,34.18,RUNNING,10.14,90.6,35.9,34.18,35.0,08:00,17:00,3.0,17:00,1,4.5,0,50.0,0.0,0.0,0.0,20.0,64.62,0.0,0.0,24.2325,5268.43,1
2026-06-04 11:00:00,1780551000,11.0,3,0,FLEXIBLE_SHIFT_OPPORTUNITY,27.96,193.9,0.8,6.4,18.95,2.7,21.65,25.49,RUNNING,20.66,RUNNING,34.85,RUNNING,10.24,91.23,35.73,34.85,35.0,08:00,17:00,3.0,17:00,1,4.5,0,50.0,0.0,0.0,0.0,20.0,69.58,0.0,0.0,26.0925,5294.52,1
2026-06-04 11:05:00,1780551300,11.083,3,0,FLEXIBLE_SHIFT_OPPORTUNITY,27.86,234.4,0.76,5.24,22.88,0.77,23.64,24.96,RUNNING,20.51,RUNNING,35.97,RUNNING,9.74,91.19,34.7,35.97,35.0,08:00,17:00,3.0,17:00,1,4.5,0,50.0,0.0,0.0,0.0,20.0,67.55,0.0,0.0,25.3312,5319.86,1
2026-06-04 11:10:00,1780551600,11.167,3,0,FLEXIBLE_SHIFT_OPPORTUNITY,28.67,219.1,0.78,5.23,21.5,0.76,22.25,25.66,RUNNING,19.88,RUNNING,35.11,RUNNING,10.13,90.78,35.79,35.11,35.0,08:00,17:00,3.0,17:00,1,4.5,0,50.0,0.0,0.0,0.0,20.0,68.53,0.0,0.0,25.6987,5345.55,1
2026-06-04 11:15:00,1780551900,11.25,3,0,FLEXIBLE_SHIFT_OPPORTUNITY,28.65,280.8,0.71,5.36,27.55,0.91,28.46,25.09,RUNNING,19.36,RUNNING,35.65,RUNNING,10.2,90.3,35.29,35.65,35.0,08:00,17:00,3.0,17:00,1,4.5,0,50.0,0.0,0.0,0.0,20.0,61.84,0.0,0.0,23.19,5368.74,1
2026-06-04 11:20:00,1780552200,11.333,3,0,FLEXIBLE_SHIFT_OPPORTUNITY,28.43,240.4,0.76,5.79,23.23,1.49,24.72,24.2,RUNNING,19.67,RUNNING,35.91,RUNNING,10.2,89.98,34.4,35.91,35.0,08:00,17:00,3.0,17:00,1,4.5,0,50.0,0.0,0.0,0.0,20.0,65.26,0.0,0.0,24.4725,5393.22,1
2026-06-04 11:25:00,1780552500,11.417,3,0,FLEXIBLE_SHIFT_OPPORTUNITY,28.71,231.9,0.77,6.46,22.76,2.84,25.6,24.99,RUNNING,20.26,RUNNING,34.49,RUNNING,9.77,89.51,34.76,34.49,35.0,08:00,17:00,3.0,17:00,1,4.5,0,50.0,0.0,0.0,0.0,20.0,63.91,0.0,0.0,23.9663,5417.18,1
2026-06-04 11:30:00,1780552800,11.5,3,0,FLEXIBLE_SHIFT_OPPORTUNITY,28.69,198.9,0.8,5.12,19.84,0.65,20.49,25.13,RUNNING,20.09,RUNNING,35.74,RUNNING,10.08,91.03,35.21,35.74,35.0,08:00,17:00,3.0,17:00,1,4.5,0,50.0,0.0,0.0,0.0,20.0,70.54,0.0,0.0,26.4525,5443.64,1
2026-06-04 11:35:00,1780553100,11.583,3,0,FLEXIBLE_SHIFT_OPPORTUNITY,28.99,229.2,0.77,5.18,22.57,0.71,23.28,25.12,RUNNING,20.48,RUNNING,34.33,RUNNING,9.74,89.66,34.86,34.33,35.0,08:00,17:00,3.0,17:00,1,4.5,0,50.0,0.0,0.0,0.0,20.0,66.38,0.0,0.0,24.8925,5468.53,1
2026-06-04 11:40:00,1780553400,11.667,3,0,FLEXIBLE_SHIFT_OPPORTUNITY,29.0,211.4,0.79,5.18,20.46,0.71,21.17,24.64,RUNNING,19.89,RUNNING,35.82,RUNNING,9.91,90.26,34.55,35.82,35.0,08:00,17:00,3.0,17:00,1,4.5,0,50.0,0.0,0.0,0.0,20.0,69.09,0.0,0.0,25.9088,5494.44,1
2026-06-04 11:45:00,1780553700,11.75,3,0,FLEXIBLE_SHIFT_OPPORTUNITY,29.11,246.5,0.75,6.44,24.26,2.79,27.05,25.43,RUNNING,19.56,RUNNING,34.19,RUNNING,10.15,89.32,35.58,34.19,35.0,08:00,17:00,3.0,17:00,1,4.5,0,50.0,0.0,0.0,0.0,20.0,62.27,0.0,0.0,23.3512,5517.79,1
2026-06-04 11:50:00,1780554000,11.833,3,0,FLEXIBLE_SHIFT_OPPORTUNITY,29.44,212.6,0.79,6.24,21.06,2.33,23.4,24.68,RUNNING,20.26,RUNNING,35.38,RUNNING,9.76,90.08,34.44,35.38,35.0,08:00,17:00,3.0,17:00,1,4.5,0,50.0,0.0,0.0,0.0,20.0,66.68,0.0,0.0,25.005,5542.79,1
2026-06-04 11:55:00,1780554300,11.917,3,0,FLEXIBLE_SHIFT_OPPORTUNITY,29.6,217.6,0.78,4.91,21.38,0.48,21.86,24.8,RUNNING,19.98,RUNNING,34.68,RUNNING,10.25,89.7,35.04,34.68,35.0,08:00,17:00,3.0,17:00,1,4.5,0,50.0,0.0,0.0,0.0,20.0,67.84,0.0,0.0,25.44,5568.23,1
2026-06-04 12:00:00,1780554600,12.0,3,0,GRID_FALLBACK,29.34,284.5,0.72,5.22,27.65,0.75,28.4,25.64,RUNNING,3.0,STANDBY,0.0,OFF,10.07,38.7,35.7,0.0,35.0,08:00,17:00,3.0,17:00,1,4.5,0,50.0,0.0,0.0,0.0,20.0,10.3,0.0,0.0,3.8625,5572.1,1
2026-06-04 12:05:00,1780554900,12.083,3,0,GRID_FALLBACK,30.04,247.4,0.75,5.69,24.29,1.33,25.62,25.41,RUNNING,3.0,STANDBY,0.0,OFF,9.77,38.18,35.18,0.0,35.0,08:00,17:00,3.0,17:00,1,4.5,0,50.0,0.0,0.0,0.0,20.0,12.56,0.0,0.0,4.71,5576.81,1
2026-06-04 12:10:00,1780555200,12.167,3,0,GRID_FALLBACK,29.87,292.1,0.71,6.12,29.06,2.08,31.14,24.97,RUNNING,3.0,STANDBY,0.0,OFF,9.89,37.85,34.85,0.0,35.0,08:00,17:00,3.0,17:00,1,4.5,0,50.0,0.0,0.0,0.0,20.0,6.71,0.0,0.0,2.5163,5579.32,1
2026-06-04 12:15:00,1780555500,12.25,3,0,GRID_FALLBACK,29.9,217.8,0.78,6.2,21.45,2.25,23.71,25.42,RUNNING,3.0,STANDBY,0.0,OFF,9.91,38.33,35.33,0.0,35.0,08:00,17:00,3.0,17:00,1,4.5,0,50.0,0.0,0.0,0.0,20.0,14.62,0.0,0.0,5.4825,5584.8,1
2026-06-04 12:20:00,1780555800,12.333,3,0,GRID_FALLBACK,30.3,296.0,0.7,6.05,28.69,1.95,30.64,25.57,RUNNING,3.0,STANDBY,0.0,OFF,9.79,38.36,35.36,0.0,35.0,08:00,17:00,3.0,17:00,1,4.5,0,50.0,0.0,0.0,0.0,20.0,7.72,0.0,0.0,2.895,5587.7,1
2026-06-04 12:25:00,1780556100,12.417,3,0,GRID_FALLBACK,30.02,285.8,0.71,4.92,27.58,0.49,28.07,25.31,RUNNING,3.0,STANDBY,0.0,OFF,10.17,38.48,35.48,0.0,35.0,08:00,17:00,3.0,17:00,1,4.5,0,50.0,0.0,0.0,0.0,20.0,10.41,0.0,0.0,3.9037,5591.6,1
2026-06-04 12:30:00,1780556400,12.5,3,0,GRID_FALLBACK,30.01,220.6,0.78,5.9,21.16,1.66,22.83,24.37,RUNNING,3.0,STANDBY,0.0,OFF,10.18,37.55,34.55,0.0,35.0,08:00,17:00,3.0,17:00,1,4.5,0,50.0,0.0,0.0,0.0,20.0,14.72,0.0,0.0,5.52,5597.12,1
2026-06-04 12:35:00,1780556700,12.583,3,0,GRID_FALLBACK,30.46,290.7,0.71,4.84,28.18,0.43,28.61,24.31,RUNNING,3.0,STANDBY,0.0,OFF,10.1,37.41,34.41,0.0,35.0,08:00,17:00,3.0,17:00,1,4.5,0,50.0,0.0,0.0,0.0,20.0,8.8,0.0,0.0,3.3,5600.42,1
2026-06-04 12:40:00,1780557000,12.667,3,0,GRID_FALLBACK,30.76,218.4,0.78,6.09,21.04,2.02,23.06,25.64,RUNNING,3.0,STANDBY,0.0,OFF,9.81,38.45,35.45,0.0,35.0,08:00,17:00,3.0,17:00,1,4.5,0,50.0,0.0,0.0,0.0,20.0,15.39,0.0,0.0,5.7713,5606.19,1
2026-06-04 12:45:00,1780557300,12.75,3,0,GRID_FALLBACK,30.53,285.3,0.71,5.93,28.34,1.73,30.07,25.72,RUNNING,3.0,STANDBY,0.0,OFF,9.91,38.63,35.63,0.0,35.0,08:00,17:00,3.0,17:00,1,4.5,0,50.0,0.0,0.0,0.0,20.0,8.56,0.0,0.0,3.21,5609.4,1
2026-06-04 12:50:00,1780557600,12.833,3,0,GRID_FALLBACK,30.48,244.0,0.75,5.71,23.61,1.36,24.97,25.11,RUNNING,3.0,STANDBY,0.0,OFF,9.76,37.87,34.87,0.0,35.0,08:00,17:00,3.0,17:00,1,4.5,0,50.0,0.0,0.0,0.0,20.0,12.9,0.0,0.0,4.8375,5614.24,1
2026-06-04 12:55:00,1780557900,12.917,3,0,GRID_FALLBACK,30.9,290.0,0.7,4.85,28.01,0.44,28.45,24.65,RUNNING,3.0,STANDBY,0.0,OFF,10.24,37.89,34.89,0.0,35.0,08:00,17:00,3.0,17:00,1,4.5,0,50.0,0.0,0.0,0.0,20.0,9.44,0.0,0.0,3.54,5617.78,1
2026-06-04 13:00:00,1780558200,13.0,3,0,GRID_FALLBACK,30.96,195.7,0.8,4.63,18.82,0.29,19.12,25.01,RUNNING,20.29,RUNNING,0.0,OFF,9.92,55.22,34.93,0.0,35.0,08:00,17:00,3.0,17:00,1,4.5,0,50.0,0.0,0.0,0.0,20.0,36.1,0.0,0.0,13.5375,5631.32,1
2026-06-04 13:05:00,1780558500,13.083,3,0,GRID_FALLBACK,31.09,245.8,0.74,5.96,23.66,1.78,25.44,24.77,RUNNING,19.83,RUNNING,0.0,OFF,9.83,54.43,34.6,0.0,35.0,08:00,17:00,3.0,17:00,1,4.5,0,50.0,0.0,0.0,0.0,20.0,28.99,0.0,0.0,10.8712,5642.19,1
2026-06-04 13:10:00,1780558800,13.167,3,0,GRID_FALLBACK,30.88,275.4,0.71,5.96,26.51,1.79,28.3,24.38,RUNNING,19.49,RUNNING,0.0,OFF,10.16,54.02,34.53,0.0,35.0,08:00,17:00,3.0,17:00,1,4.5,0,50.0,0.0,0.0,0.0,20.0,25.72,0.0,0.0,9.645,5651.84,1
2026-06-04 13:15:00,1780559100,13.25,3,0,GRID_FALLBACK,31.34,231.3,0.76,4.41,22.37,0.19,22.57,24.39,RUNNING,19.7,RUNNING,0.0,OFF,10.06,54.14,34.45,0.0,35.0,08:00,17:00,3.0,17:00,1,4.5,0,50.0,0.0,0.0,0.0,20.0,31.57,0.0,0.0,11.8387,5663.67,1
2026-06-04 13:20:00,1780559400,13.333,3,0,GRID_FALLBACK,31.1,190.2,0.8,5.02,18.61,0.56,19.17,24.66,RUNNING,20.5,RUNNING,0.0,OFF,9.81,54.98,34.48,0.0,35.0,08:00,17:00,3.0,17:00,1,4.5,0,50.0,0.0,0.0,0.0,20.0,35.81,0.0,0.0,13.4287,5677.1,1
2026-06-04 13:25:00,1780559700,13.417,3,0,GRID_FALLBACK,30.98,201.2,0.78,5.03,19.82,0.57,20.39,24.49,RUNNING,20.7,RUNNING,0.0,OFF,9.99,55.18,34.48,0.0,35.0,08:00,17:00,3.0,17:00,1,4.5,0,50.0,0.0,0.0,0.0,20.0,34.79,0.0,0.0,13.0463,5690.15,1
2026-06-04 13:30:00,1780560000,13.5,3,0,GRID_FALLBACK,31.08,236.7,0.74,5.28,22.68,0.81,23.49,24.43,RUNNING,19.86,RUNNING,0.0,OFF,10.05,54.34,34.48,0.0,35.0,08:00,17:00,3.0,17:00,1,4.5,0,50.0,0.0,0.0,0.0,20.0,30.85,0.0,0.0,11.5688,5701.72,1
2026-06-04 13:35:00,1780560300,13.583,3,0,GRID_FALLBACK,31.14,189.9,0.79,5.74,18.09,1.42,19.5,25.76,RUNNING,19.77,RUNNING,0.0,OFF,10.06,55.59,35.82,0.0,35.0,08:00,17:00,3.0,17:00,1,4.5,0,50.0,0.0,0.0,0.0,20.0,36.09,0.0,0.0,13.5338,5715.25,1
2026-06-04 13:40:00,1780560600,13.667,3,0,GRID_FALLBACK,31.91,260.8,0.71,5.47,25.58,1.04,26.62,24.65,RUNNING,20.3,RUNNING,0.0,OFF,10.05,54.99,34.69,0.0,35.0,08:00,17:00,3.0,17:00,1,4.5,0,50.0,0.0,0.0,0.0,20.0,28.37,0.0,0.0,10.6387,5725.89,1
2026-06-04 13:45:00,1780560900,13.75,3,0,GRID_FALLBACK,31.39,198.3,0.78,5.12,19.22,0.65,19.87,24.96,RUNNING,20.14,RUNNING,0.0,OFF,9.94,55.05,34.9,0.0,35.0,08:00,17:00,3.0,17:00,1,4.5,0,50.0,0.0,0.0,0.0,20.0,35.18,0.0,0.0,13.1925,5739.08,1
2026-06-04 13:50:00,1780561200,13.833,3,0,GRID_FALLBACK,31.62,241.4,0.73,5.27,23.11,0.8,23.91,24.6,RUNNING,20.0,RUNNING,0.0,OFF,10.08,54.67,34.68,0.0,35.0,08:00,17:00,3.0,17:00,1,4.5,0,50.0,0.0,0.0,0.0,20.0,30.76,0.0,0.0,11.535,5750.62,1
2026-06-04 13:55:00,1780561500,13.917,3,0,GRID_FALLBACK,31.39,254.3,0.71,4.08,24.35,0.09,24.43,25.28,RUNNING,20.66,RUNNING,0.0,OFF,9.93,55.88,35.21,0.0,35.0,08:00,17:00,3.0,17:00,1,4.5,0,50.0,0.0,0.0,0.0,20.0,31.45,0.0,0.0,11.7937,5762.41,1
2026-06-04 14:00:00,1780561800,14.0,3,0,GRID_FALLBACK,31.87,246.6,0.72,4.95,23.58,0.5,24.08,24.32,RUNNING,20.35,RUNNING,0.0,OFF,10.16,54.84,34.48,0.0,35.0,08:00,17:00,3.0,17:00,1,7.5,1,50.0,0.0,0.0,0.0,20.0,30.76,0.0,0.0,19.225,5781.64,1
2026-06-04 14:05:00,1780562100,14.083,3,0,GRID_FALLBACK,32.0,239.2,0.72,4.96,23.24,0.52,23.76,24.62,RUNNING,19.78,RUNNING,0.0,OFF,10.22,54.62,34.83,0.0,35.0,08:00,17:00,3.0,17:00,1,7.5,1,50.0,0.0,0.0,0.0,20.0,30.86,0.0,0.0,19.2875,5800.92,1
2026-06-04 14:10:00,1780562400,14.167,3,0,GRID_FALLBACK,31.85,172.7,0.8,3.9,16.73,0.05,16.78,25.66,RUNNING,19.84,RUNNING,0.0,OFF,9.89,55.39,35.55,0.0,35.0,08:00,17:00,3.0,17:00,1,7.5,1,50.0,0.0,0.0,0.0,20.0,38.61,0.0,0.0,24.1312,5825.06,1
2026-06-04 14:15:00,1780562700,14.25,3,0,GRID_FALLBACK,31.75,211.2,0.75,3.86,20.61,0.04,20.65,25.58,RUNNING,19.72,RUNNING,0.0,OFF,10.12,55.42,35.7,0.0,35.0,08:00,17:00,3.0,17:00,1,7.5,1,50.0,0.0,0.0,0.0,20.0,34.77,0.0,0.0,21.7313,5846.79,1
2026-06-04 14:20:00,1780563000,14.333,3,0,GRID_FALLBACK,31.87,234.7,0.71,4.9,22.82,0.47,23.29,24.38,RUNNING,20.25,RUNNING,0.0,OFF,10.1,54.72,34.47,0.0,35.0,08:00,17:00,3.0,17:00,1,7.5,1,50.0,0.0,0.0,0.0,20.0,31.43,0.0,0.0,19.6437,5866.43,1
2026-06-04 14:25:00,1780563300,14.417,3,0,GRID_FALLBACK,32.06,195.8,0.76,4.47,19.38,0.22,19.6,25.01,RUNNING,19.85,RUNNING,0.0,OFF,10.0,54.86,35.01,0.0,35.0,08:00,17:00,3.0,17:00,1,7.5,1,50.0,0.0,0.0,0.0,20.0,35.26,0.0,0.0,22.0375,5888.47,1
2026-06-04 14:30:00,1780563600,14.5,3,0,GRID_FALLBACK,32.31,189.1,0.76,4.22,18.83,0.12,18.96,24.71,RUNNING,19.34,RUNNING,0.0,OFF,9.73,53.78,34.44,0.0,35.0,08:00,17:00,3.0,17:00,1,7.5,1,50.0,0.0,0.0,0.0,20.0,34.82,0.0,0.0,21.7625,5910.23,1
2026-06-04 14:35:00,1780563900,14.583,3,0,GRID_FALLBACK,32.22,206.8,0.73,4.79,19.61,0.4,20.0,25.63,RUNNING,19.78,RUNNING,0.0,OFF,9.76,55.16,35.38,0.0,35.0,08:00,17:00,3.0,17:00,1,7.5,1,50.0,0.0,0.0,0.0,20.0,35.16,0.0,0.0,21.975,5932.21,1
2026-06-04 14:40:00,1780564200,14.667,3,0,GRID_FALLBACK,31.85,202.4,0.74,4.12,19.85,0.1,19.95,24.6,RUNNING,20.21,RUNNING,0.0,OFF,10.06,54.86,34.65,0.0,35.0,08:00,17:00,3.0,17:00,1,7.5,1,50.0,0.0,0.0,0.0,20.0,34.91,0.0,0.0,21.8187,5954.02,1
2026-06-04 14:45:00,1780564500,14.75,3,0,GRID_FALLBACK,32.31,220.6,0.71,3.99,21.26,0.07,21.32,24.23,RUNNING,19.76,RUNNING,0.0,OFF,9.98,53.96,34.21,0.0,35.0,08:00,17:00,3.0,17:00,1,7.5,1,50.0,0.0,0.0,0.0,20.0,32.64,0.0,0.0,20.4,5974.42,1
2026-06-04 14:50:00,1780564800,14.833,3,0,GRID_FALLBACK,32.28,179.3,0.76,4.89,17.17,0.47,17.64,25.31,RUNNING,20.12,RUNNING,0.0,OFF,10.29,55.73,35.6,0.0,35.0,08:00,17:00,3.0,17:00,1,7.5,1,50.0,0.0,0.0,0.0,20.0,38.09,0.0,0.0,23.8062,5998.23,1
2026-06-04 14:55:00,1780565100,14.917,3,0,GRID_FALLBACK,31.9,188.5,0.74,4.32,18.64,0.16,18.8,24.36,RUNNING,20.25,RUNNING,0.0,OFF,9.9,54.51,34.26,0.0,35.0,08:00,17:00,3.0,17:00,1,7.5,1,50.0,0.0,0.0,0.0,20.0,35.71,0.0,0.0,22.3187,6020.55,1
2026-06-04 15:00:00,1780565400,15.0,3,0,GRID_FALLBACK,32.0,158.0,0.78,3.89,15.48,0.05,15.53,24.78,RUNNING,19.91,RUNNING,0.0,OFF,10.0,54.69,34.78,0.0,35.0,08:00,17:00,3.0,17:00,1,7.5,1,50.0,0.0,0.0,0.0,20.0,39.16,0.0,0.0,24.475,6045.02,1
2026-06-04 15:05:00,1780565700,15.083,3,0,GRID_FALLBACK,32.28,153.0,0.78,4.64,14.89,0.3,15.19,24.66,RUNNING,19.37,RUNNING,0.0,OFF,10.3,54.32,34.96,0.0,35.0,08:00,17:00,3.0,17:00,1,7.5,1,50.0,0.0,0.0,0.0,20.0,39.13,0.0,0.0,24.4563,6069.48,1
2026-06-04 15:10:00,1780566000,15.167,3,0,GRID_FALLBACK,31.91,187.4,0.72,4.43,17.82,0.2,18.02,25.55,RUNNING,19.43,RUNNING,0.0,OFF,9.9,54.89,35.45,0.0,35.0,08:00,17:00,3.0,17:00,1,7.5,1,50.0,0.0,0.0,0.0,20.0,36.87,0.0,0.0,23.0438,6092.52,1
2026-06-04 15:15:00,1780566300,15.25,3,0,GRID_FALLBACK,31.64,145.0,0.78,3.95,13.82,0.06,13.88,25.47,RUNNING,20.21,RUNNING,0.0,OFF,9.88,55.57,35.35,0.0,35.0,08:00,17:00,3.0,17:00,1,7.5,1,50.0,0.0,0.0,0.0,20.0,41.69,0.0,0.0,26.0562,6118.58,1
2026-06-04 15:20:00,1780566600,15.333,3,0,GRID_FALLBACK,32.21,165.0,0.74,4.0,15.72,0.07,15.79,24.84,RUNNING,20.17,RUNNING,0.0,OFF,9.97,54.99,34.82,0.0,35.0,08:00,17:00,3.0,17:00,1,7.5,1,50.0,0.0,0.0,0.0,20.0,39.2,0.0,0.0,24.5,6143.08,1
2026-06-04 15:25:00,1780566900,15.417,3,0,GRID_FALLBACK,32.16,176.5,0.72,3.11,17.34,0.0,17.35,25.58,RUNNING,20.11,RUNNING,0.0,OFF,9.83,55.52,35.41,0.0,35.0,08:00,17:00,3.0,17:00,1,7.5,1,50.0,0.0,0.0,0.0,20.0,38.17,0.0,0.0,23.8563,6166.94,1
2026-06-04 15:30:00,1780567200,15.5,3,0,GRID_FALLBACK,32.3,137.4,0.77,3.77,13.78,0.03,13.81,25.05,RUNNING,20.16,RUNNING,0.0,OFF,10.16,55.37,35.21,0.0,35.0,08:00,17:00,3.0,17:00,1,7.5,1,50.0,0.0,0.0,0.0,20.0,41.56,0.0,0.0,25.975,6192.91,1
2026-06-04 15:35:00,1780567500,15.583,3,0,GRID_FALLBACK,31.85,143.9,0.76,3.97,14.02,0.06,14.08,24.78,RUNNING,19.51,RUNNING,0.0,OFF,9.79,54.08,34.57,0.0,35.0,08:00,17:00,3.0,17:00,1,7.5,1,50.0,0.0,0.0,0.0,20.0,40.0,0.0,0.0,25.0,6217.91,1
2026-06-04 15:40:00,1780567800,15.667,3,0,GRID_FALLBACK,32.03,154.8,0.73,3.61,14.87,0.02,14.88,25.53,RUNNING,19.39,RUNNING,0.0,OFF,9.82,54.74,35.35,0.0,35.0,08:00,17:00,3.0,17:00,1,7.5,1,50.0,0.0,0.0,0.0,20.0,39.86,0.0,0.0,24.9125,6242.82,1
2026-06-04 15:45:00,1780568100,15.75,3,0,GRID_FALLBACK,31.78,120.9,0.78,3.9,11.52,0.05,11.57,25.16,RUNNING,19.87,RUNNING,0.0,OFF,9.77,54.8,34.93,0.0,35.0,08:00,17:00,3.0,17:00,1,7.5,1,50.0,0.0,0.0,0.0,20.0,43.23,0.0,0.0,27.0187,6269.84,1
2026-06-04 15:50:00,1780568400,15.833,3,0,GRID_FALLBACK,31.56,148.0,0.72,4.13,14.38,0.1,14.47,25.1,RUNNING,19.91,RUNNING,0.0,OFF,10.09,55.09,35.18,0.0,35.0,08:00,17:00,3.0,17:00,1,7.5,1,50.0,0.0,0.0,0.0,20.0,40.62,0.0,0.0,25.3875,6295.23,1
2026-06-04 15:55:00,1780568700,15.917,3,0,GRID_FALLBACK,31.4,147.4,0.72,2.97,14.12,0.0,14.12,25.49,RUNNING,20.22,RUNNING,0.0,OFF,9.81,55.51,35.29,0.0,35.0,08:00,17:00,3.0,17:00,1,7.5,1,50.0,0.0,0.0,0.0,20.0,41.39,0.0,0.0,25.8687,6321.1,1
2026-06-04 16:00:00,1780569000,16.0,3,0,GRID_FALLBACK,32.01,101.8,0.8,3.48,9.42,0.01,9.42,25.58,RUNNING,19.42,RUNNING,0.0,OFF,10.06,55.05,35.64,0.0,35.0,08:00,17:00,3.0,17:00,1,7.5,1,50.0,0.0,0.0,0.0,20.0,45.63,0.0,0.0,28.5187,6349.62,1
2026-06-04 16:05:00,1780569300,16.083,3,0,GRID_FALLBACK,31.97,101.0,0.79,3.3,9.68,0.0,9.68,25.25,RUNNING,19.43,RUNNING,0.0,OFF,10.27,54.94,35.52,0.0,35.0,08:00,17:00,3.0,17:00,1,7.5,1,50.0,0.0,0.0,0.0,20.0,45.26,0.0,0.0,28.2875,6377.91,1
2026-06-04 16:10:00,1780569600,16.167,3,0,GRID_FALLBACK,31.81,132.0,0.71,2.77,13.08,0.0,13.08,25.69,RUNNING,20.03,RUNNING,0.0,OFF,10.2,55.92,35.89,0.0,35.0,08:00,17:00,3.0,17:00,1,7.5,1,50.0,0.0,0.0,0.0,20.0,42.84,0.0,0.0,26.775,6404.68,1
2026-06-04 16:15:00,1780569900,16.25,3,0,GRID_FALLBACK,31.94,91.5,0.79,2.94,9.28,0.0,9.28,24.58,RUNNING,19.47,RUNNING,0.0,OFF,10.18,54.24,34.76,0.0,35.0,08:00,17:00,3.0,17:00,1,7.5,1,50.0,0.0,0.0,0.0,20.0,44.96,0.0,0.0,28.1,6432.78,1
2026-06-04 16:20:00,1780570200,16.333,3,0,GRID_FALLBACK,31.38,102.1,0.76,3.11,10.2,0.0,10.2,24.58,RUNNING,19.89,RUNNING,0.0,OFF,9.79,54.26,34.36,0.0,35.0,08:00,17:00,3.0,17:00,1,7.5,1,50.0,0.0,0.0,0.0,20.0,44.06,0.0,0.0,27.5375,6460.32,1
2026-06-04 16:25:00,1780570500,16.417,3,0,GRID_FALLBACK,31.2,81.8,0.8,3.13,7.73,0.0,7.73,25.14,RUNNING,19.99,RUNNING,0.0,OFF,9.92,55.05,35.07,0.0,35.0,08:00,17:00,3.0,17:00,1,7.5,1,50.0,0.0,0.0,0.0,20.0,47.32,0.0,0.0,29.575,6489.89,1
2026-06-04 16:30:00,1780570800,16.5,3,0,GRID_FALLBACK,31.75,102.7,0.73,3.05,10.17,0.0,10.17,25.74,RUNNING,20.53,RUNNING,0.0,OFF,10.26,56.53,36.0,0.0,35.0,08:00,17:00,3.0,17:00,1,7.5,1,50.0,0.0,0.0,0.0,20.0,46.36,0.0,0.0,28.975,6518.87,1
2026-06-04 16:35:00,1780571100,16.583,3,0,GRID_FALLBACK,31.21,82.8,0.77,3.63,7.59,0.02,7.61,25.75,RUNNING,20.15,RUNNING,0.0,OFF,10.2,56.1,35.95,0.0,35.0,08:00,17:00,3.0,17:00,1,7.5,1,50.0,0.0,0.0,0.0,20.0,48.49,0.0,0.0,30.3062,6549.17,1
2026-06-04 16:40:00,1780571400,16.667,3,0,GRID_FALLBACK,31.38,70.4,0.79,3.37,7.15,0.0,7.16,24.58,RUNNING,20.07,RUNNING,0.0,OFF,9.89,54.54,34.47,0.0,35.0,08:00,17:00,3.0,17:00,1,7.5,1,50.0,0.0,0.0,0.0,20.0,47.38,0.0,0.0,29.6125,6578.79,1
2026-06-04 16:45:00,1780571700,16.75,3,0,GRID_FALLBACK,31.54,84.8,0.74,3.51,7.88,0.01,7.89,25.59,RUNNING,20.5,RUNNING,0.0,OFF,9.93,56.02,35.52,0.0,35.0,08:00,17:00,3.0,17:00,1,7.5,1,50.0,0.0,0.0,0.0,20.0,48.13,0.0,0.0,30.0813,6608.87,1
2026-06-04 16:50:00,1780572000,16.833,3,0,GRID_FALLBACK,31.42,78.4,0.74,3.72,7.39,0.03,7.42,24.34,RUNNING,20.45,RUNNING,0.0,OFF,9.84,54.64,34.19,0.0,35.0,08:00,17:00,3.0,17:00,1,7.5,1,50.0,0.0,0.0,0.0,20.0,47.22,0.0,0.0,29.5125,6638.38,1
2026-06-04 16:55:00,1780572300,16.917,3,0,GRID_FALLBACK,30.78,59.0,0.79,3.57,5.9,0.01,5.91,25.61,RUNNING,20.37,RUNNING,0.0,OFF,9.94,55.92,35.55,0.0,35.0,08:00,17:00,3.0,17:00,1,7.5,1,50.0,0.0,0.0,0.0,20.0,50.01,0.0,0.0,31.2563,6669.64,1
2026-06-04 17:00:00,1780572600,17.0,3,0,GRID_FALLBACK,30.56,55.2,0.79,3.37,5.84,0.0,5.84,24.95,RUNNING,0.0,OFF,0.0,OFF,9.95,34.9,34.9,0.0,35.0,08:00,17:00,3.0,17:00,1,7.5,1,50.0,0.0,0.0,0.0,20.0,29.06,0.0,0.0,18.1625,6687.8,1
2026-06-04 17:05:00,1780572900,17.083,3,0,GRID_FALLBACK,31.11,54.3,0.77,3.4,5.61,0.0,5.62,25.52,RUNNING,0.0,OFF,0.0,OFF,10.12,35.64,35.64,0.0,35.0,08:00,17:00,3.0,17:00,1,7.5,1,50.0,0.0,0.0,0.0,20.0,30.02,0.0,0.0,18.7625,6706.56,1
2026-06-04 17:10:00,1780573200,17.167,3,0,GRID_FALLBACK,30.75,57.3,0.74,2.91,5.91,0.0,5.91,25.38,RUNNING,0.0,OFF,0.0,OFF,9.97,35.35,35.35,0.0,35.0,08:00,17:00,3.0,17:00,1,7.5,1,50.0,0.0,0.0,0.0,20.0,29.44,0.0,0.0,18.4,6724.96,1
2026-06-04 17:15:00,1780573500,17.25,3,0,GRID_FALLBACK,30.27,57.5,0.71,2.92,5.76,0.0,5.76,25.47,RUNNING,0.0,OFF,0.0,OFF,9.78,35.25,35.25,0.0,35.0,08:00,17:00,3.0,17:00,1,7.5,1,50.0,0.0,0.0,0.0,20.0,29.49,0.0,0.0,18.4312,6743.39,1
2026-06-04 17:20:00,1780573800,17.333,3,0,GRID_FALLBACK,30.47,41.2,0.76,2.35,3.61,0.0,3.61,24.45,RUNNING,0.0,OFF,0.0,OFF,10.01,34.46,34.46,0.0,35.0,08:00,17:00,3.0,17:00,1,7.5,1,50.0,0.0,0.0,0.0,20.0,30.85,0.0,0.0,19.2812,6762.67,1
2026-06-04 17:25:00,1780574100,17.417,3,0,GRID_FALLBACK,30.83,33.0,0.78,3.01,3.57,0.0,3.57,25.3,RUNNING,0.0,OFF,0.0,OFF,10.18,35.47,35.47,0.0,35.0,08:00,17:00,3.0,17:00,1,7.5,1,50.0,0.0,0.0,0.0,20.0,31.9,0.0,0.0,19.9375,6782.61,1
2026-06-04 17:30:00,1780574400,17.5,3,0,GRID_FALLBACK,30.2,32.9,0.75,2.92,2.98,0.0,2.98,25.3,RUNNING,0.0,OFF,0.0,OFF,10.2,35.5,35.5,0.0,35.0,08:00,17:00,3.0,17:00,1,7.5,1,50.0,0.0,0.0,0.0,20.0,32.52,0.0,0.0,20.325,6802.94,1
2026-06-04 17:35:00,1780574700,17.583,3,0,GRID_FALLBACK,30.48,30.5,0.72,2.36,2.66,0.0,2.66,25.6,RUNNING,0.0,OFF,0.0,OFF,10.27,35.87,35.87,0.0,35.0,08:00,17:00,3.0,17:00,1,7.5,1,50.0,0.0,0.0,0.0,20.0,33.21,0.0,0.0,20.7562,6823.69,1
2026-06-04 17:40:00,1780575000,17.667,3,0,GRID_FALLBACK,30.44,24.2,0.72,3.16,2.79,0.0,2.79,25.24,RUNNING,0.0,OFF,0.0,OFF,10.08,35.31,35.31,0.0,35.0,08:00,17:00,3.0,17:00,1,7.5,1,50.0,0.0,0.0,0.0,20.0,32.52,0.0,0.0,20.325,6844.02,1
2026-06-04 17:45:00,1780575300,17.75,3,0,GRID_FALLBACK,30.34,13.2,0.8,1.91,1.5,0.0,1.5,24.47,RUNNING,0.0,OFF,0.0,OFF,9.94,34.41,34.41,0.0,35.0,08:00,17:00,3.0,17:00,1,7.5,1,50.0,0.0,0.0,0.0,20.0,32.91,0.0,0.0,20.5687,6864.59,1
2026-06-04 17:50:00,1780575600,17.833,3,0,GRID_FALLBACK,29.84,12.0,0.73,1.69,1.04,0.0,1.04,25.72,RUNNING,0.0,OFF,0.0,OFF,9.77,35.49,35.49,0.0,35.0,08:00,17:00,3.0,17:00,1,7.5,1,50.0,0.0,0.0,0.0,20.0,34.45,0.0,0.0,21.5312,6886.12,1
2026-06-04 17:55:00,1780575900,17.917,3,0,GRID_FALLBACK,29.95,5.6,0.74,2.97,0.5,0.0,0.5,25.28,RUNNING,0.0,OFF,0.0,OFF,9.77,35.05,35.05,0.0,35.0,08:00,17:00,3.0,17:00,1,7.5,1,50.0,0.0,0.0,0.0,20.0,34.55,0.0,0.0,21.5938,6907.71,1
2026-06-04 18:00:00,1780576200,18.0,3,0,GRID_FALLBACK,29.83,0.0,0.72,2.83,0.28,0.0,0.28,24.66,RUNNING,0.0,OFF,0.0,OFF,10.0,34.66,34.66,0.0,35.0,08:00,17:00,3.0,17:00,1,7.5,1,50.0,0.0,0.0,0.0,20.0,34.38,0.0,0.0,21.4875,6929.2,1
2026-06-04 18:05:00,1780576500,18.083,3,0,GRID_FALLBACK,29.24,0.0,0.79,2.36,0.0,0.0,0.0,25.79,RUNNING,0.0,OFF,0.0,OFF,9.87,35.66,35.66,0.0,35.0,08:00,17:00,3.0,17:00,1,7.5,1,50.0,0.0,0.0,0.0,20.0,35.66,0.0,0.0,22.2875,6951.49,1
2026-06-04 18:10:00,1780576800,18.167,3,0,GRID_FALLBACK,29.55,0.0,0.74,2.01,0.0,0.0,0.0,24.43,RUNNING,0.0,OFF,0.0,OFF,9.87,34.31,34.31,0.0,35.0,08:00,17:00,3.0,17:00,1,7.5,1,50.0,0.0,0.0,0.0,20.0,34.31,0.0,0.0,21.4438,6972.93,1
2026-06-04 18:15:00,1780577100,18.25,3,0,GRID_FALLBACK,29.08,0.0,0.76,2.76,0.0,0.0,0.0,24.79,RUNNING,0.0,OFF,0.0,OFF,10.11,34.9,34.9,0.0,35.0,08:00,17:00,3.0,17:00,1,7.5,1,50.0,0.0,0.0,0.0,20.0,34.9,0.0,0.0,21.8125,6994.74,1
2026-06-04 18:20:00,1780577400,18.333,3,0,GRID_FALLBACK,29.11,0.0,0.7,1.48,0.0,0.0,0.0,24.72,RUNNING,0.0,OFF,0.0,OFF,10.12,34.83,34.83,0.0,35.0,08:00,17:00,3.0,17:00,1,7.5,1,50.0,0.0,0.0,0.0,20.0,34.83,0.0,0.0,21.7687,7016.51,1
2026-06-04 18:25:00,1780577700,18.417,3,0,GRID_FALLBACK,29.16,0.0,0.77,2.36,0.0,0.0,0.0,25.38,RUNNING,0.0,OFF,0.0,OFF,9.85,35.23,35.23,0.0,35.0,08:00,17:00,3.0,17:00,1,7.5,1,50.0,0.0,0.0,0.0,20.0,35.23,0.0,0.0,22.0187,7038.53,1
2026-06-04 18:30:00,1780578000,18.5,3,0,GRID_FALLBACK,28.55,0.0,0.71,1.71,0.0,0.0,0.0,24.58,RUNNING,0.0,OFF,0.0,OFF,10.24,34.82,34.82,0.0,35.0,08:00,17:00,3.0,17:00,1,7.5,1,50.0,0.0,0.0,0.0,20.0,34.82,0.0,0.0,21.7625,7060.29,1
2026-06-04 18:35:00,1780578300,18.583,3,0,GRID_FALLBACK,29.13,0.0,0.79,2.68,0.0,0.0,0.0,25.16,RUNNING,0.0,OFF,0.0,OFF,10.15,35.31,35.31,0.0,35.0,08:00,17:00,3.0,17:00,1,7.5,1,50.0,0.0,0.0,0.0,20.0,35.31,0.0,0.0,22.0688,7082.36,1
2026-06-04 18:40:00,1780578600,18.667,3,0,GRID_FALLBACK,28.23,0.0,0.73,2.08,0.0,0.0,0.0,24.68,RUNNING,0.0,OFF,0.0,OFF,9.94,34.62,34.62,0.0,35.0,08:00,17:00,3.0,17:00,1,7.5,1,50.0,0.0,0.0,0.0,20.0,34.62,0.0,0.0,21.6375,7104.0,1
2026-06-04 18:45:00,1780578900,18.75,3,0,GRID_FALLBACK,28.34,0.0,0.8,1.95,0.0,0.0,0.0,25.13,RUNNING,0.0,OFF,0.0,OFF,9.86,34.98,34.98,0.0,35.0,08:00,17:00,3.0,17:00,1,7.5,1,50.0,0.0,0.0,0.0,20.0,34.98,0.0,0.0,21.8625,7125.86,1
2026-06-04 18:50:00,1780579200,18.833,3,0,GRID_FALLBACK,28.3,0.0,0.79,2.42,0.0,0.0,0.0,24.41,RUNNING,0.0,OFF,0.0,OFF,9.89,34.3,34.3,0.0,35.0,08:00,17:00,3.0,17:00,1,7.5,1,50.0,0.0,0.0,0.0,20.0,34.3,0.0,0.0,21.4375,7147.3,1
2026-06-04 18:55:00,1780579500,18.917,3,0,GRID_FALLBACK,28.17,0.0,0.71,1.16,0.0,0.0,0.0,24.27,RUNNING,0.0,OFF,0.0,OFF,9.78,34.05,34.05,0.0,35.0,08:00,17:00,3.0,17:00,1,7.5,1,50.0,0.0,0.0,0.0,20.0,34.05,0.0,0.0,21.2812,7168.58,1
2026-06-04 19:00:00,1780579800,19.0,3,0,GRID_FALLBACK,28.3,0.0,0.78,2.13,0.0,0.0,0.0,25.68,RUNNING,0.0,OFF,0.0,OFF,9.87,35.55,35.55,0.0,35.0,08:00,17:00,3.0,17:00,1,7.5,1,50.0,0.0,0.0,0.0,20.0,35.55,0.0,0.0,22.2188,7190.8,1
2026-06-04 19:05:00,1780580100,19.083,3,0,GRID_FALLBACK,28.15,0.0,0.76,2.11,0.0,0.0,0.0,24.62,RUNNING,0.0,OFF,0.0,OFF,9.89,34.51,34.51,0.0,35.0,08:00,17:00,3.0,17:00,1,7.5,1,50.0,0.0,0.0,0.0,20.0,34.51,0.0,0.0,21.5687,7212.37,1
2026-06-04 19:10:00,1780580400,19.167,3,0,GRID_FALLBACK,28.01,0.0,0.73,2.45,0.0,0.0,0.0,25.42,RUNNING,0.0,OFF,0.0,OFF,9.79,35.21,35.21,0.0,35.0,08:00,17:00,3.0,17:00,1,7.5,1,50.0,0.0,0.0,0.0,20.0,35.21,0.0,0.0,22.0062,7234.37,1
2026-06-04 19:15:00,1780580700,19.25,3,0,GRID_FALLBACK,27.82,0.0,0.77,2.1,0.0,0.0,0.0,24.29,RUNNING,0.0,OFF,0.0,OFF,9.79,34.07,34.07,0.0,35.0,08:00,17:00,3.0,17:00,1,7.5,1,50.0,0.0,0.0,0.0,20.0,34.07,0.0,0.0,21.2937,7255.67,1
2026-06-04 19:20:00,1780581000,19.333,3,0,GRID_FALLBACK,27.16,0.0,0.7,1.2,0.0,0.0,0.0,25.33,RUNNING,0.0,OFF,0.0,OFF,9.96,35.29,35.29,0.0,35.0,08:00,17:00,3.0,17:00,1,7.5,1,50.0,0.0,0.0,0.0,20.0,35.29,0.0,0.0,22.0562,7277.72,1
2026-06-04 19:25:00,1780581300,19.417,3,0,GRID_FALLBACK,27.62,0.0,0.79,0.82,0.0,0.0,0.0,24.77,RUNNING,0.0,OFF,0.0,OFF,10.13,34.9,34.9,0.0,35.0,08:00,17:00,3.0,17:00,1,7.5,1,50.0,0.0,0.0,0.0,20.0,34.9,0.0,0.0,21.8125,7299.54,1
2026-06-04 19:30:00,1780581600,19.5,3,0,GRID_FALLBACK,27.05,0.0,0.75,2.07,0.0,0.0,0.0,25.59,RUNNING,0.0,OFF,0.0,OFF,9.77,35.36,35.36,0.0,35.0,08:00,17:00,3.0,17:00,1,7.5,1,50.0,0.0,0.0,0.0,20.0,35.36,0.0,0.0,22.1,7321.64,1
2026-06-04 19:35:00,1780581900,19.583,3,0,GRID_FALLBACK,26.57,0.0,0.79,0.97,0.0,0.0,0.0,24.47,RUNNING,0.0,OFF,0.0,OFF,10.01,34.47,34.47,0.0,35.0,08:00,17:00,3.0,17:00,1,7.5,1,50.0,0.0,0.0,0.0,20.0,34.47,0.0,0.0,21.5437,7343.18,1
2026-06-04 19:40:00,1780582200,19.667,3,0,GRID_FALLBACK,26.55,0.0,0.79,1.59,0.0,0.0,0.0,25.13,RUNNING,0.0,OFF,0.0,OFF,10.28,35.42,35.42,0.0,35.0,08:00,17:00,3.0,17:00,1,7.5,1,50.0,0.0,0.0,0.0,20.0,35.42,0.0,0.0,22.1375,7365.32,1
2026-06-04 19:45:00,1780582500,19.75,3,0,GRID_FALLBACK,26.59,0.0,0.76,1.29,0.0,0.0,0.0,24.32,RUNNING,0.0,OFF,0.0,OFF,10.16,34.48,34.48,0.0,35.0,08:00,17:00,3.0,17:00,1,7.5,1,50.0,0.0,0.0,0.0,20.0,34.48,0.0,0.0,21.55,7386.87,1
2026-06-04 19:50:00,1780582800,19.833,3,0,GRID_FALLBACK,26.55,0.0,0.79,0.63,0.0,0.0,0.0,25.29,RUNNING,0.0,OFF,0.0,OFF,10.11,35.4,35.4,0.0,35.0,08:00,17:00,3.0,17:00,1,7.5,1,50.0,0.0,0.0,0.0,20.0,35.4,0.0,0.0,22.125,7408.99,1
2026-06-04 19:55:00,1780583100,19.917,3,0,GRID_FALLBACK,26.15,0.0,0.76,2.08,0.0,0.0,0.0,25.54,RUNNING,0.0,OFF,0.0,OFF,9.79,35.33,35.33,0.0,35.0,08:00,17:00,3.0,17:00,1,7.5,1,50.0,0.0,0.0,0.0,20.0,35.33,0.0,0.0,22.0812,7431.07,1
2026-06-04 20:00:00,1780583400,20.0,3,0,GRID_FALLBACK,25.74,0.0,0.78,1.59,0.0,0.0,0.0,24.93,RUNNING,0.0,OFF,0.0,OFF,10.27,35.2,35.2,0.0,35.0,08:00,17:00,3.0,17:00,1,4.5,0,50.0,0.0,0.0,0.0,20.0,35.2,0.0,0.0,13.2,7444.27,1
2026-06-04 20:05:00,1780583700,20.083,3,0,GRID_FALLBACK,25.98,0.0,0.7,2.06,0.0,0.0,0.0,25.25,RUNNING,0.0,OFF,0.0,OFF,10.27,35.52,35.52,0.0,35.0,08:00,17:00,3.0,17:00,1,4.5,0,50.0,0.0,0.0,0.0,20.0,35.52,0.0,0.0,13.32,7457.59,1
2026-06-04 20:10:00,1780584000,20.167,3,0,GRID_FALLBACK,25.59,0.0,0.77,1.66,0.0,0.0,0.0,25.73,RUNNING,0.0,OFF,0.0,OFF,10.04,35.77,35.77,0.0,35.0,08:00,17:00,3.0,17:00,1,4.5,0,50.0,0.0,0.0,0.0,20.0,35.77,0.0,0.0,13.4138,7471.01,1
2026-06-04 20:15:00,1780584300,20.25,3,0,GRID_FALLBACK,25.33,0.0,0.7,1.49,0.0,0.0,0.0,24.72,RUNNING,0.0,OFF,0.0,OFF,9.73,34.45,34.45,0.0,35.0,08:00,17:00,3.0,17:00,1,4.5,0,50.0,0.0,0.0,0.0,20.0,34.45,0.0,0.0,12.9187,7483.93,1
2026-06-04 20:20:00,1780584600,20.333,3,0,GRID_FALLBACK,25.05,0.0,0.8,1.04,0.0,0.0,0.0,24.84,RUNNING,0.0,OFF,0.0,OFF,9.81,34.64,34.64,0.0,35.0,08:00,17:00,3.0,17:00,1,4.5,0,50.0,0.0,0.0,0.0,20.0,34.64,0.0,0.0,12.99,7496.92,1
2026-06-04 20:25:00,1780584900,20.417,3,0,GRID_FALLBACK,25.59,0.0,0.79,0.55,0.0,0.0,0.0,25.56,RUNNING,0.0,OFF,0.0,OFF,9.8,35.36,35.36,0.0,35.0,08:00,17:00,3.0,17:00,1,4.5,0,50.0,0.0,0.0,0.0,20.0,35.36,0.0,0.0,13.26,7510.18,1
2026-06-04 20:30:00,1780585200,20.5,3,0,GRID_FALLBACK,25.27,0.0,0.73,1.59,0.0,0.0,0.0,25.25,RUNNING,0.0,OFF,0.0,OFF,9.77,35.02,35.02,0.0,35.0,08:00,17:00,3.0,17:00,1,4.5,0,50.0,0.0,0.0,0.0,20.0,35.02,0.0,0.0,13.1325,7523.31,1
2026-06-04 20:35:00,1780585500,20.583,3,0,GRID_FALLBACK,24.86,0.0,0.74,1.66,0.0,0.0,0.0,24.7,RUNNING,0.0,OFF,0.0,OFF,10.11,34.81,34.81,0.0,35.0,08:00,17:00,3.0,17:00,1,4.5,0,50.0,0.0,0.0,0.0,20.0,34.81,0.0,0.0,13.0538,7536.36,1
2026-06-04 20:40:00,1780585800,20.667,3,0,GRID_FALLBACK,24.4,0.0,0.77,1.68,0.0,0.0,0.0,25.02,RUNNING,0.0,OFF,0.0,OFF,9.99,35.01,35.01,0.0,35.0,08:00,17:00,3.0,17:00,1,4.5,0,50.0,0.0,0.0,0.0,20.0,35.01,0.0,0.0,13.1287,7549.49,1
2026-06-04 20:45:00,1780586100,20.75,3,0,GRID_FALLBACK,24.83,0.0,0.75,1.23,0.0,0.0,0.0,24.88,RUNNING,0.0,OFF,0.0,OFF,10.15,35.03,35.03,0.0,35.0,08:00,17:00,3.0,17:00,1,4.5,0,50.0,0.0,0.0,0.0,20.0,35.03,0.0,0.0,13.1362,7562.63,1
2026-06-04 20:50:00,1780586400,20.833,3,0,GRID_FALLBACK,24.6,0.0,0.76,1.01,0.0,0.0,0.0,24.88,RUNNING,0.0,OFF,0.0,OFF,9.72,34.61,34.61,0.0,35.0,08:00,17:00,3.0,17:00,1,4.5,0,50.0,0.0,0.0,0.0,20.0,34.61,0.0,0.0,12.9787,7575.61,1
2026-06-04 20:55:00,1780586700,20.917,3,0,GRID_FALLBACK,24.05,0.0,0.75,0.66,0.0,0.0,0.0,25.3,RUNNING,0.0,OFF,0.0,OFF,9.79,35.09,35.09,0.0,35.0,08:00,17:00,3.0,17:00,1,4.5,0,50.0,0.0,0.0,0.0,20.0,35.09,0.0,0.0,13.1588,7588.77,1
2026-06-04 21:00:00,1780587000,21.0,3,0,GRID_FALLBACK,24.0,0.0,0.76,1.12,0.0,0.0,0.0,24.67,RUNNING,0.0,OFF,0.0,OFF,9.96,34.63,34.63,0.0,35.0,08:00,17:00,3.0,17:00,1,4.5,0,50.0,0.0,0.0,0.0,20.0,34.63,0.0,0.0,12.9863,7601.75,1
2026-06-04 21:05:00,1780587300,21.083,3,0,GRID_FALLBACK,24.15,0.0,0.75,0.51,0.0,0.0,0.0,24.4,RUNNING,0.0,OFF,0.0,OFF,10.24,34.65,34.65,0.0,35.0,08:00,17:00,3.0,17:00,1,4.5,0,50.0,0.0,0.0,0.0,20.0,34.65,0.0,0.0,12.9937,7614.75,1
2026-06-04 21:10:00,1780587600,21.167,3,0,GRID_FALLBACK,23.92,0.0,0.75,0.73,0.0,0.0,0.0,24.28,RUNNING,0.0,OFF,0.0,OFF,9.75,34.02,34.02,0.0,35.0,08:00,17:00,3.0,17:00,1,4.5,0,50.0,0.0,0.0,0.0,20.0,34.02,0.0,0.0,12.7575,7627.5,1
2026-06-04 21:15:00,1780587900,21.25,3,0,GRID_FALLBACK,23.11,0.0,0.71,0.93,0.0,0.0,0.0,24.35,RUNNING,0.0,OFF,0.0,OFF,10.1,34.45,34.45,0.0,35.0,08:00,17:00,3.0,17:00,1,4.5,0,50.0,0.0,0.0,0.0,20.0,34.45,0.0,0.0,12.9187,7640.42,1
2026-06-04 21:20:00,1780588200,21.333,3,0,GRID_FALLBACK,23.36,0.0,0.73,0.65,0.0,0.0,0.0,24.33,RUNNING,0.0,OFF,0.0,OFF,10.0,34.33,34.33,0.0,35.0,08:00,17:00,3.0,17:00,1,4.5,0,50.0,0.0,0.0,0.0,20.0,34.33,0.0,0.0,12.8737,7653.3,1
2026-06-04 21:25:00,1780588500,21.417,3,0,GRID_FALLBACK,22.82,0.0,0.77,0.52,0.0,0.0,0.0,24.49,RUNNING,0.0,OFF,0.0,OFF,9.94,34.43,34.43,0.0,35.0,08:00,17:00,3.0,17:00,1,4.5,0,50.0,0.0,0.0,0.0,20.0,34.43,0.0,0.0,12.9112,7666.21,1
2026-06-04 21:30:00,1780588800,21.5,3,0,GRID_FALLBACK,22.62,0.0,0.79,0.7,0.0,0.0,0.0,25.14,RUNNING,0.0,OFF,0.0,OFF,9.97,35.11,35.11,0.0,35.0,08:00,17:00,3.0,17:00,1,4.5,0,50.0,0.0,0.0,0.0,20.0,35.11,0.0,0.0,13.1662,7679.37,1
2026-06-04 21:35:00,1780589100,21.583,3,0,GRID_FALLBACK,22.92,0.0,0.76,0.64,0.0,0.0,0.0,25.75,RUNNING,0.0,OFF,0.0,OFF,10.22,35.97,35.97,0.0,35.0,08:00,17:00,3.0,17:00,1,4.5,0,50.0,0.0,0.0,0.0,20.0,35.97,0.0,0.0,13.4887,7692.86,1
2026-06-04 21:40:00,1780589400,21.667,3,0,GRID_FALLBACK,22.36,0.0,0.72,1.4,0.0,0.0,0.0,25.17,RUNNING,0.0,OFF,0.0,OFF,10.22,35.39,35.39,0.0,35.0,08:00,17:00,3.0,17:00,1,4.5,0,50.0,0.0,0.0,0.0,20.0,35.39,0.0,0.0,13.2712,7706.13,1
2026-06-04 21:45:00,1780589700,21.75,3,0,GRID_FALLBACK,22.12,0.0,0.75,0.21,0.0,0.0,0.0,24.39,RUNNING,0.0,OFF,0.0,OFF,9.8,34.19,34.19,0.0,35.0,08:00,17:00,3.0,17:00,1,4.5,0,50.0,0.0,0.0,0.0,20.0,34.19,0.0,0.0,12.8212,7718.95,1
2026-06-04 21:50:00,1780590000,21.833,3,0,GRID_FALLBACK,22.25,0.0,0.77,1.59,0.0,0.0,0.0,25.75,RUNNING,0.0,OFF,0.0,OFF,10.06,35.81,35.81,0.0,35.0,08:00,17:00,3.0,17:00,1,4.5,0,50.0,0.0,0.0,0.0,20.0,35.81,0.0,0.0,13.4288,7732.38,1
2026-06-04 21:55:00,1780590300,21.917,3,0,GRID_FALLBACK,22.09,0.0,0.76,1.76,0.0,0.0,0.0,24.78,RUNNING,0.0,OFF,0.0,OFF,10.1,34.88,34.88,0.0,35.0,08:00,17:00,3.0,17:00,1,4.5,0,50.0,0.0,0.0,0.0,20.0,34.88,0.0,0.0,13.08,7745.46,1
2026-06-04 22:00:00,1780590600,22.0,3,0,GRID_FALLBACK,22.08,0.0,0.74,0.68,0.0,0.0,0.0,24.4,RUNNING,0.0,OFF,0.0,OFF,9.71,34.11,34.11,0.0,35.0,08:00,17:00,3.0,17:00,1,4.5,0,50.0,0.0,0.0,0.0,20.0,34.11,0.0,0.0,12.7912,7758.25,1
2026-06-04 22:05:00,1780590900,22.083,3,0,GRID_FALLBACK,21.45,0.0,0.7,1.75,0.0,0.0,0.0,25.57,RUNNING,0.0,OFF,0.0,OFF,9.83,35.4,35.4,0.0,35.0,08:00,17:00,3.0,17:00,1,4.5,0,50.0,0.0,0.0,0.0,20.0,35.4,0.0,0.0,13.275,7771.53,1
2026-06-04 22:10:00,1780591200,22.167,3,0,GRID_FALLBACK,21.71,0.0,0.76,0.9,0.0,0.0,0.0,25.2,RUNNING,0.0,OFF,0.0,OFF,10.17,35.38,35.38,0.0,35.0,08:00,17:00,3.0,17:00,1,4.5,0,50.0,0.0,0.0,0.0,20.0,35.38,0.0,0.0,13.2675,7784.8,1
2026-06-04 22:15:00,1780591500,22.25,3,0,GRID_FALLBACK,21.18,0.0,0.73,0.95,0.0,0.0,0.0,24.96,RUNNING,0.0,OFF,0.0,OFF,9.71,34.67,34.67,0.0,35.0,08:00,17:00,3.0,17:00,1,4.5,0,50.0,0.0,0.0,0.0,20.0,34.67,0.0,0.0,13.0013,7797.8,1
2026-06-04 22:20:00,1780591800,22.333,3,0,GRID_FALLBACK,21.0,0.0,0.72,1.33,0.0,0.0,0.0,25.74,RUNNING,0.0,OFF,0.0,OFF,9.98,35.73,35.73,0.0,35.0,08:00,17:00,3.0,17:00,1,4.5,0,50.0,0.0,0.0,0.0,20.0,35.73,0.0,0.0,13.3987,7811.2,1
2026-06-04 22:25:00,1780592100,22.417,3,0,GRID_FALLBACK,21.39,0.0,0.76,0.54,0.0,0.0,0.0,25.11,RUNNING,0.0,OFF,0.0,OFF,10.2,35.31,35.31,0.0,35.0,08:00,17:00,3.0,17:00,1,4.5,0,50.0,0.0,0.0,0.0,20.0,35.31,0.0,0.0,13.2413,7824.44,1
2026-06-04 22:30:00,1780592400,22.5,3,0,GRID_FALLBACK,20.58,0.0,0.7,1.23,0.0,0.0,0.0,25.34,RUNNING,0.0,OFF,0.0,OFF,10.29,35.63,35.63,0.0,35.0,08:00,17:00,3.0,17:00,1,4.5,0,50.0,0.0,0.0,0.0,20.0,35.63,0.0,0.0,13.3613,7837.8,1
2026-06-04 22:35:00,1780592700,22.583,3,0,GRID_FALLBACK,21.06,0.0,0.77,1.18,0.0,0.0,0.0,25.09,RUNNING,0.0,OFF,0.0,OFF,9.87,34.96,34.96,0.0,35.0,08:00,17:00,3.0,17:00,1,4.5,0,50.0,0.0,0.0,0.0,20.0,34.96,0.0,0.0,13.11,7850.91,1
2026-06-04 22:40:00,1780593000,22.667,3,0,GRID_FALLBACK,20.61,0.0,0.75,1.18,0.0,0.0,0.0,25.18,RUNNING,0.0,OFF,0.0,OFF,10.11,35.29,35.29,0.0,35.0,08:00,17:00,3.0,17:00,1,4.5,0,50.0,0.0,0.0,0.0,20.0,35.29,0.0,0.0,13.2338,7864.14,1
2026-06-04 22:45:00,1780593300,22.75,3,0,GRID_FALLBACK,20.72,0.0,0.75,1.39,0.0,0.0,0.0,25.05,RUNNING,0.0,OFF,0.0,OFF,9.95,35.0,35.0,0.0,35.0,08:00,17:00,3.0,17:00,1,4.5,0,50.0,0.0,0.0,0.0,20.0,35.0,0.0,0.0,13.125,7877.27,1
2026-06-04 22:50:00,1780593600,22.833,3,0,GRID_FALLBACK,20.16,0.0,0.71,1.69,0.0,0.0,0.0,24.87,RUNNING,0.0,OFF,0.0,OFF,9.98,34.85,34.85,0.0,35.0,08:00,17:00,3.0,17:00,1,4.5,0,50.0,0.0,0.0,0.0,20.0,34.85,0.0,0.0,13.0688,7890.34,1
2026-06-04 22:55:00,1780593900,22.917,3,0,GRID_FALLBACK,20.15,0.0,0.79,0.83,0.0,0.0,0.0,25.32,RUNNING,0.0,OFF,0.0,OFF,9.71,35.03,35.03,0.0,35.0,08:00,17:00,3.0,17:00,1,4.5,0,50.0,0.0,0.0,0.0,20.0,35.03,0.0,0.0,13.1362,7903.47,1
2026-06-04 23:00:00,1780594200,23.0,3,0,GRID_FALLBACK,19.83,0.0,0.72,0.84,0.0,0.0,0.0,24.57,RUNNING,0.0,OFF,0.0,OFF,9.83,34.4,34.4,0.0,35.0,08:00,17:00,3.0,17:00,1,4.5,0,50.0,0.0,0.0,0.0,20.0,34.4,0.0,0.0,12.9,7916.37,1
2026-06-04 23:05:00,1780594500,23.083,3,0,GRID_FALLBACK,20.18,0.0,0.73,1.26,0.0,0.0,0.0,25.55,RUNNING,0.0,OFF,0.0,OFF,10.09,35.64,35.64,0.0,35.0,08:00,17:00,3.0,17:00,1,4.5,0,50.0,0.0,0.0,0.0,20.0,35.64,0.0,0.0,13.365,7929.74,1
2026-06-04 23:10:00,1780594800,23.167,3,0,GRID_FALLBACK,19.41,0.0,0.73,1.45,0.0,0.0,0.0,25.74,RUNNING,0.0,OFF,0.0,OFF,10.2,35.94,35.94,0.0,35.0,08:00,17:00,3.0,17:00,1,4.5,0,50.0,0.0,0.0,0.0,20.0,35.94,0.0,0.0,13.4775,7943.22,1
2026-06-04 23:15:00,1780595100,23.25,3,0,GRID_FALLBACK,19.69,0.0,0.77,1.61,0.0,0.0,0.0,25.48,RUNNING,0.0,OFF,0.0,OFF,10.21,35.69,35.69,0.0,35.0,08:00,17:00,3.0,17:00,1,4.5,0,50.0,0.0,0.0,0.0,20.0,35.69,0.0,0.0,13.3837,7956.6,1
2026-06-04 23:20:00,1780595400,23.333,3,0,GRID_FALLBACK,19.51,0.0,0.73,1.55,0.0,0.0,0.0,25.27,RUNNING,0.0,OFF,0.0,OFF,9.78,35.04,35.04,0.0,35.0,08:00,17:00,3.0,17:00,1,4.5,0,50.0,0.0,0.0,0.0,20.0,35.04,0.0,0.0,13.14,7969.74,1
2026-06-04 23:25:00,1780595700,23.417,3,0,GRID_FALLBACK,19.03,0.0,0.76,0.53,0.0,0.0,0.0,24.87,RUNNING,0.0,OFF,0.0,OFF,10.3,35.16,35.16,0.0,35.0,08:00,17:00,3.0,17:00,1,4.5,0,50.0,0.0,0.0,0.0,20.0,35.16,0.0,0.0,13.185,7982.92,1
2026-06-04 23:30:00,1780596000,23.5,3,0,GRID_FALLBACK,18.97,0.0,0.72,0.47,0.0,0.0,0.0,24.23,RUNNING,0.0,OFF,0.0,OFF,10.23,34.46,34.46,0.0,35.0,08:00,17:00,3.0,17:00,1,4.5,0,50.0,0.0,0.0,0.0,20.0,34.46,0.0,0.0,12.9225,7995.85,1
2026-06-04 23:35:00,1780596300,23.583,3,0,GRID_FALLBACK,18.88,0.0,0.72,1.74,0.0,0.0,0.0,25.63,RUNNING,0.0,OFF,0.0,OFF,9.72,35.35,35.35,0.0,35.0,08:00,17:00,3.0,17:00,1,4.5,0,50.0,0.0,0.0,0.0,20.0,35.35,0.0,0.0,13.2563,8009.1,1
2026-06-04 23:40:00,1780596600,23.667,3,0,GRID_FALLBACK,18.51,0.0,0.74,1.42,0.0,0.0,0.0,24.39,RUNNING,0.0,OFF,0.0,OFF,9.83,34.23,34.23,0.0,35.0,08:00,17:00,3.0,17:00,1,4.5,0,50.0,0.0,0.0,0.0,20.0,34.23,0.0,0.0,12.8362,8021.94,1
2026-06-04 23:45:00,1780596900,23.75,3,0,GRID_FALLBACK,18.53,0.0,0.73,1.03,0.0,0.0,0.0,24.27,RUNNING,0.0,OFF,0.0,OFF,10.23,34.5,34.5,0.0,35.0,08:00,17:00,3.0,17:00,1,4.5,0,50.0,0.0,0.0,0.0,20.0,34.5,0.0,0.0,12.9375,8034.88,1
2026-06-04 23:50:00,1780597200,23.833,3,0,GRID_FALLBACK,18.41,0.0,0.72,1.59,0.0,0.0,0.0,25.02,RUNNING,0.0,OFF,0.0,OFF,10.1,35.13,35.13,0.0,35.0,08:00,17:00,3.0,17:00,1,4.5,0,50.0,0.0,0.0,0.0,20.0,35.13,0.0,0.0,13.1738,8048.05,1
2026-06-04 23:55:00,1780597500,23.917,3,0,GRID_FALLBACK,18.63,0.0,0.79,1.21,0.0,0.0,0.0,24.93,RUNNING,0.0,OFF,0.0,OFF,10.2,35.14,35.14,0.0,35.0,08:00,17:00,3.0,17:00,1,4.5,0,50.0,0.0,0.0,0.0,20.0,35.14,0.0,0.0,13.1775,8061.23,1
2026-06-05 00:00:00,1780597800,0.0,4,0,GRID_FALLBACK,18.03,0.0,0.01,8.01,0.0,8.63,8.63,25.45,RUNNING,0.0,OFF,0.0,OFF,10.27,35.72,35.72,0.0,35.0,08:00,17:00,3.0,17:00,1,4.5,0,20.0,0.0,0.0,0.0,20.0,27.09,0.0,0.0,10.1587,8071.39,1
2026-06-05 00:05:00,1780598100,0.083,4,0,GRID_FALLBACK,18.48,0.0,0.0,7.23,0.0,5.2,5.2,25.21,RUNNING,0.0,OFF,0.0,OFF,10.22,35.43,35.43,0.0,35.0,08:00,17:00,3.0,17:00,1,4.5,0,20.0,0.0,0.0,0.0,20.0,30.23,0.0,0.0,11.3362,8082.72,1
2026-06-05 00:10:00,1780598400,0.167,4,0,GRID_FALLBACK,18.43,0.0,0.02,7.56,0.0,6.5,6.5,24.91,RUNNING,0.0,OFF,0.0,OFF,10.0,34.91,34.91,0.0,35.0,08:00,17:00,3.0,17:00,1,4.5,0,20.0,0.0,0.0,0.0,20.0,28.41,0.0,0.0,10.6537,8093.38,1
2026-06-05 00:15:00,1780598700,0.25,4,0,GRID_FALLBACK,18.17,0.0,0.01,8.16,0.0,9.4,9.4,24.74,RUNNING,0.0,OFF,0.0,OFF,9.78,34.52,34.52,0.0,35.0,08:00,17:00,3.0,17:00,1,4.5,0,20.0,0.0,0.0,0.0,20.0,25.12,0.0,0.0,9.42,8102.8,1
2026-06-05 00:20:00,1780599000,0.333,4,0,GRID_FALLBACK,18.15,0.0,0.04,7.82,0.0,7.67,7.67,25.43,RUNNING,0.0,OFF,0.0,OFF,9.85,35.28,35.28,0.0,35.0,08:00,17:00,3.0,17:00,1,4.5,0,20.0,0.0,0.0,0.0,20.0,27.61,0.0,0.0,10.3537,8113.15,1
2026-06-05 00:25:00,1780599300,0.417,4,0,GRID_FALLBACK,18.01,0.0,0.03,7.99,0.0,8.53,8.53,24.34,RUNNING,0.0,OFF,0.0,OFF,9.92,34.26,34.26,0.0,35.0,08:00,17:00,3.0,17:00,1,4.5,0,20.0,0.0,0.0,0.0,20.0,25.73,0.0,0.0,9.6487,8122.8,1
2026-06-05 00:30:00,1780599600,0.5,4,0,GRID_FALLBACK,17.86,0.0,0.04,8.28,0.0,10.1,10.1,24.44,RUNNING,0.0,OFF,0.0,OFF,10.15,34.59,34.59,0.0,35.0,08:00,17:00,3.0,17:00,1,4.5,0,20.0,0.0,0.0,0.0,20.0,24.49,0.0,0.0,9.1837,8131.98,1
2026-06-05 00:35:00,1780599900,0.583,4,0,GRID_FALLBACK,17.49,0.0,0.02,8.53,0.0,11.62,11.62,24.86,RUNNING,0.0,OFF,0.0,OFF,9.95,34.81,34.81,0.0,35.0,08:00,17:00,3.0,17:00,1,4.5,0,20.0,0.0,0.0,0.0,20.0,23.19,0.0,0.0,8.6963,8140.68,1
2026-06-05 00:40:00,1780600200,0.667,4,0,GRID_FALLBACK,17.41,0.0,0.09,8.56,0.0,11.76,11.76,24.78,RUNNING,0.0,OFF,0.0,OFF,9.72,34.5,34.5,0.0,35.0,08:00,17:00,3.0,17:00,1,4.5,0,20.0,0.0,0.0,0.0,20.0,22.74,0.0,0.0,8.5275,8149.21,1
2026-06-05 00:45:00,1780600500,0.75,4,0,GRID_FALLBACK,17.06,0.0,0.0,8.61,0.0,12.11,12.11,25.71,RUNNING,0.0,OFF,0.0,OFF,9.75,35.46,35.46,0.0,35.0,08:00,17:00,3.0,17:00,1,4.5,0,20.0,0.0,0.0,0.0,20.0,23.35,0.0,0.0,8.7562,8157.96,1
2026-06-05 00:50:00,1780600800,0.833,4,0,GRID_FALLBACK,17.1,0.0,0.1,7.62,0.0,6.76,6.76,24.3,RUNNING,0.0,OFF,0.0,OFF,10.16,34.45,34.45,0.0,35.0,08:00,17:00,3.0,17:00,1,4.5,0,20.0,0.0,0.0,0.0,20.0,27.69,0.0,0.0,10.3838,8168.35,1
2026-06-05 00:55:00,1780601100,0.917,4,0,GRID_FALLBACK,17.29,0.0,0.06,8.84,0.0,13.65,13.65,24.29,RUNNING,0.0,OFF,0.0,OFF,10.08,34.37,34.37,0.0,35.0,08:00,17:00,3.0,17:00,1,4.5,0,20.0,0.0,0.0,0.0,20.0,20.72,0.0,0.0,7.77,8176.12,1
2026-06-05 01:00:00,1780601400,1.0,4,0,GRID_FALLBACK,17.24,0.0,0.07,8.26,0.0,10.0,10.0,24.67,RUNNING,0.0,OFF,0.0,OFF,9.94,34.61,34.61,0.0,35.0,08:00,17:00,3.0,17:00,1,4.5,0,20.0,0.0,0.0,0.0,20.0,24.61,0.0,0.0,9.2287,8185.35,1
2026-06-05 01:05:00,1780601700,1.083,4,0,GRID_FALLBACK,17.13,0.0,0.06,7.96,0.0,8.36,8.36,25.39,RUNNING,0.0,OFF,0.0,OFF,10.25,35.63,35.63,0.0,35.0,08:00,17:00,3.0,17:00,1,4.5,0,20.0,0.0,0.0,0.0,20.0,27.27,0.0,0.0,10.2263,8195.57,1
2026-06-05 01:10:00,1780602000,1.167,4,0,GRID_FALLBACK,16.51,0.0,0.03,8.36,0.0,10.54,10.54,25.67,RUNNING,0.0,OFF,0.0,OFF,10.12,35.79,35.79,0.0,35.0,08:00,17:00,3.0,17:00,1,4.5,0,20.0,0.0,0.0,0.0,20.0,25.25,0.0,0.0,9.4688,8205.04,1
2026-06-05 01:15:00,1780602300,1.25,4,0,GRID_FALLBACK,16.78,0.0,0.02,8.42,0.0,10.94,10.94,25.46,RUNNING,0.0,OFF,0.0,OFF,10.09,35.55,35.55,0.0,35.0,08:00,17:00,3.0,17:00,1,4.5,0,20.0,0.0,0.0,0.0,20.0,24.61,0.0,0.0,9.2287,8214.27,1
2026-06-05 01:20:00,1780602600,1.333,4,0,GRID_FALLBACK,16.91,0.0,0.09,8.84,0.0,13.69,13.69,24.85,RUNNING,0.0,OFF,0.0,OFF,9.82,34.67,34.67,0.0,35.0,08:00,17:00,3.0,17:00,1,4.5,0,20.0,0.0,0.0,0.0,20.0,20.98,0.0,0.0,7.8675,8222.14,1
2026-06-05 01:25:00,1780602900,1.417,4,0,GRID_FALLBACK,16.52,0.0,0.0,8.17,0.0,9.48,9.48,25.36,RUNNING,0.0,OFF,0.0,OFF,10.14,35.5,35.5,0.0,35.0,08:00,17:00,3.0,17:00,1,4.5,0,20.0,0.0,0.0,0.0,20.0,26.02,0.0,0.0,9.7575,8231.89,1
2026-06-05 01:30:00,1780603200,1.5,4,0,GRID_FALLBACK,16.31,0.0,0.1,8.13,0.0,9.27,9.27,24.35,RUNNING,0.0,OFF,0.0,OFF,10.03,34.38,34.38,0.0,35.0,08:00,17:00,3.0,17:00,1,4.5,0,20.0,0.0,0.0,0.0,20.0,25.11,0.0,0.0,9.4163,8241.31,1
2026-06-05 01:35:00,1780603500,1.583,4,0,GRID_FALLBACK,16.56,0.0,0.08,7.98,0.0,8.46,8.46,24.24,RUNNING,0.0,OFF,0.0,OFF,10.18,34.42,34.42,0.0,35.0,08:00,17:00,3.0,17:00,1,4.5,0,20.0,0.0,0.0,0.0,20.0,25.96,0.0,0.0,9.735,8251.05,1
2026-06-05 01:40:00,1780603800,1.667,4,0,GRID_FALLBACK,16.56,0.0,0.02,9.0,0.0,14.85,14.85,25.36,RUNNING,0.0,OFF,0.0,OFF,10.29,35.65,35.65,0.0,35.0,08:00,17:00,3.0,17:00,1,4.5,0,20.0,0.0,0.0,0.0,20.0,20.8,0.0,0.0,7.8,8258.85,1
2026-06-05 01:45:00,1780604100,1.75,4,0,GRID_FALLBACK,16.11,0.0,0.01,8.41,0.0,10.85,10.85,25.2,RUNNING,0.0,OFF,0.0,OFF,9.91,35.12,35.12,0.0,35.0,08:00,17:00,3.0,17:00,1,4.5,0,20.0,0.0,0.0,0.0,20.0,24.27,0.0,0.0,9.1012,8267.95,1
2026-06-05 01:50:00,1780604400,1.833,4,0,GRID_FALLBACK,16.01,0.0,0.07,8.06,0.0,8.87,8.87,24.68,RUNNING,0.0,OFF,0.0,OFF,10.14,34.82,34.82,0.0,35.0,08:00,17:00,3.0,17:00,1,4.5,0,20.0,0.0,0.0,0.0,20.0,25.95,0.0,0.0,9.7312,8277.68,1
2026-06-05 01:55:00,1780604700,1.917,4,0,GRID_FALLBACK,16.28,0.0,0.1,9.19,0.0,16.28,16.28,25.78,RUNNING,0.0,OFF,0.0,OFF,10.04,35.82,35.82,0.0,35.0,08:00,17:00,3.0,17:00,1,4.5,0,20.0,0.0,0.0,0.0,20.0,19.54,0.0,0.0,7.3275,8285.01,1
2026-06-05 02:00:00,1780605000,2.0,4,0,GRID_FALLBACK,16.59,0.0,0.06,8.8,0.0,13.4,13.4,25.15,RUNNING,0.0,OFF,0.0,OFF,9.91,35.06,35.06,0.0,35.0,08:00,17:00,3.0,17:00,1,4.5,0,20.0,0.0,0.0,0.0,20.0,21.66,0.0,0.0,8.1225,8293.13,1
2026-06-05 02:05:00,1780605300,2.083,4,0,GRID_FALLBACK,16.06,0.0,0.08,9.14,0.0,15.89,15.89,25.28,RUNNING,0.0,OFF,0.0,OFF,10.13,35.4,35.4,0.0,35.0,08:00,17:00,3.0,17:00,1,4.5,0,20.0,0.0,0.0,0.0,20.0,19.51,0.0,0.0,7.3162,8300.44,1
2026-06-05 02:10:00,1780605600,2.167,4,0,GRID_FALLBACK,16.21,0.0,0.02,8.57,0.0,11.85,11.85,25.13,RUNNING,0.0,OFF,0.0,OFF,10.19,35.33,35.33,0.0,35.0,08:00,17:00,3.0,17:00,1,4.5,0,20.0,0.0,0.0,0.0,20.0,23.48,0.0,0.0,8.805,8309.25,1
2026-06-05 02:15:00,1780605900,2.25,4,0,GRID_FALLBACK,16.04,0.0,0.01,9.23,0.0,16.61,16.61,25.53,RUNNING,0.0,OFF,0.0,OFF,9.75,35.27,35.27,0.0,35.0,08:00,17:00,3.0,17:00,1,4.5,0,20.0,0.0,0.0,0.0,20.0,18.66,0.0,0.0,6.9975,8316.25,1
2026-06-05 02:20:00,1780606200,2.333,4,0,GRID_FALLBACK,15.77,0.0,0.09,8.91,0.0,14.13,14.13,24.91,RUNNING,0.0,OFF,0.0,OFF,9.92,34.84,34.84,0.0,35.0,08:00,17:00,3.0,17:00,1,4.5,0,20.0,0.0,0.0,0.0,20.0,20.71,0.0,0.0,7.7663,8324.01,1
2026-06-05 02:25:00,1780606500,2.417,4,0,GRID_FALLBACK,16.11,0.0,0.06,9.02,0.0,14.99,14.99,24.83,RUNNING,0.0,OFF,0.0,OFF,9.86,34.69,34.69,0.0,35.0,08:00,17:00,3.0,17:00,1,4.5,0,20.0,0.0,0.0,0.0,20.0,19.7,0.0,0.0,7.3875,8331.4,1
2026-06-05 02:30:00,1780606800,2.5,4,0,GRID_FALLBACK,16.07,0.0,0.04,8.95,0.0,14.43,14.43,25.69,RUNNING,0.0,OFF,0.0,OFF,9.99,35.68,35.68,0.0,35.0,08:00,17:00,3.0,17:00,1,4.5,0,20.0,0.0,0.0,0.0,20.0,21.25,0.0,0.0,7.9688,8339.37,1
2026-06-05 02:35:00,1780607100,2.583,4,0,GRID_FALLBACK,16.43,0.0,0.08,8.52,0.0,11.57,11.57,24.4,RUNNING,0.0,OFF,0.0,OFF,10.13,34.53,34.53,0.0,35.0,08:00,17:00,3.0,17:00,1,4.5,0,20.0,0.0,0.0,0.0,20.0,22.96,0.0,0.0,8.61,8347.98,1
2026-06-05 02:40:00,1780607400,2.667,4,0,GRID_FALLBACK,15.73,0.0,0.07,9.73,0.0,20.87,20.87,24.39,RUNNING,0.0,OFF,0.0,OFF,9.83,34.22,34.22,0.0,35.0,08:00,17:00,3.0,17:00,1,4.5,0,20.0,0.0,0.0,0.0,20.0,13.35,0.0,0.0,5.0062,8352.99,1
2026-06-05 02:45:00,1780607700,2.75,4,0,GRID_FALLBACK,16.0,0.0,0.07,9.91,0.0,22.6,22.6,24.79,RUNNING,0.0,OFF,0.0,OFF,10.27,35.06,35.06,0.0,35.0,08:00,17:00,3.0,17:00,1,4.5,0,20.0,0.0,0.0,0.0,20.0,12.46,0.0,0.0,4.6725,8357.66,1
2026-06-05 02:50:00,1780608000,2.833,4,0,GRID_FALLBACK,16.09,0.0,0.04,8.64,0.0,12.32,12.32,25.11,RUNNING,0.0,OFF,0.0,OFF,9.72,34.84,34.84,0.0,35.0,08:00,17:00,3.0,17:00,1,4.5,0,20.0,0.0,0.0,0.0,20.0,22.52,0.0,0.0,8.445,8366.1,1
2026-06-05 02:55:00,1780608300,2.917,4,0,GRID_FALLBACK,15.72,0.0,0.04,10.09,0.0,24.4,24.4,24.69,RUNNING,0.0,OFF,0.0,OFF,9.99,34.68,34.68,0.0,35.0,08:00,17:00,3.0,17:00,1,4.5,0,20.0,0.0,0.0,0.0,20.0,10.28,0.0,0.0,3.855,8369.96,1
2026-06-05 03:00:00,1780608600,3.0,4,0,GRID_FALLBACK,16.23,0.0,0.01,9.5,0.0,18.8,18.8,24.28,RUNNING,0.0,OFF,0.0,OFF,10.24,34.51,34.51,0.0,35.0,08:00,17:00,3.0,17:00,1,4.5,0,20.0,0.0,0.0,0.0,20.0,15.71,0.0,0.0,5.8912,8375.85,1
2026-06-05 03:05:00,1780608900,3.083,4,0,GRID_FALLBACK,16.31,0.0,0.02,9.92,0.0,22.69,22.69,24.98,RUNNING,0.0,OFF,0.0,OFF,9.77,34.76,34.76,0.0,35.0,08:00,17:00,3.0,17:00,1,4.5,0,20.0,0.0,0.0,0.0,20.0,12.07,0.0,0.0,4.5262,8380.38,1
2026-06-05 03:10:00,1780609200,3.167,4,0,GRID_FALLBACK,15.89,0.0,0.09,9.33,0.0,17.37,17.37,25.12,RUNNING,0.0,OFF,0.0,OFF,10.04,35.16,35.16,0.0,35.0,08:00,17:00,3.0,17:00,1,4.5,0,20.0,0.0,0.0,0.0,20.0,17.79,0.0,0.0,6.6712,8387.05,1
2026-06-05 03:15:00,1780609500,3.25,4,0,GRID_FALLBACK,16.34,0.0,0.08,9.47,0.0,18.6,18.6,25.35,RUNNING,0.0,OFF,0.0,OFF,10.06,35.42,35.42,0.0,35.0,08:00,17:00,3.0,17:00,1,4.5,0,20.0,0.0,0.0,0.0,20.0,16.82,0.0,0.0,6.3075,8393.35,1
2026-06-05 03:20:00,1780609800,3.333,4,0,GRID_FALLBACK,16.24,0.0,0.05,9.5,0.0,18.87,18.87,24.92,RUNNING,0.0,OFF,0.0,OFF,9.97,34.89,34.89,0.0,35.0,08:00,17:00,3.0,17:00,1,4.5,0,20.0,0.0,0.0,0.0,20.0,16.02,0.0,0.0,6.0075,8399.36,1
2026-06-05 03:25:00,1780610100,3.417,4,0,GRID_FALLBACK,16.34,0.0,0.03,10.1,0.0,24.54,24.54,25.26,RUNNING,0.0,OFF,0.0,OFF,9.95,35.21,35.21,0.0,35.0,08:00,17:00,3.0,17:00,1,4.5,0,20.0,0.0,0.0,0.0,20.0,10.67,0.0,0.0,4.0013,8403.36,1
2026-06-05 03:30:00,1780610400,3.5,4,0,GRID_FALLBACK,15.85,0.0,0.04,9.74,0.0,20.99,20.99,25.73,RUNNING,0.0,OFF,0.0,OFF,10.23,35.97,35.97,0.0,35.0,08:00,17:00,3.0,17:00,1,4.5,0,20.0,0.0,0.0,0.0,20.0,14.98,0.0,0.0,5.6175,8408.98,1
2026-06-05 03:35:00,1780610700,3.583,4,0,GRID_FALLBACK,16.28,0.0,0.06,10.31,0.0,26.83,26.83,25.33,RUNNING,0.0,OFF,0.0,OFF,10.04,35.37,35.37,0.0,35.0,08:00,17:00,3.0,17:00,1,4.5,0,20.0,0.0,0.0,0.0,20.0,8.54,0.0,0.0,3.2025,8412.18,1
2026-06-05 03:40:00,1780611000,3.667,4,0,GRID_FALLBACK,16.36,0.0,0.07,9.88,0.0,22.33,22.33,24.4,RUNNING,0.0,OFF,0.0,OFF,10.04,34.43,34.43,0.0,35.0,08:00,17:00,3.0,17:00,1,4.5,0,20.0,0.0,0.0,0.0,20.0,12.1,0.0,0.0,4.5375,8416.72,1
2026-06-05 03:45:00,1780611300,3.75,4,0,GRID_FALLBACK,15.91,0.0,0.06,9.96,0.0,23.12,23.12,24.28,RUNNING,0.0,OFF,0.0,OFF,10.04,34.33,34.33,0.0,35.0,08:00,17:00,3.0,17:00,1,4.5,0,20.0,0.0,0.0,0.0,20.0,11.21,0.0,0.0,4.2037,8420.92,1
2026-06-05 03:50:00,1780611600,3.833,4,0,GRID_FALLBACK,15.94,0.0,0.05,10.53,0.0,29.24,29.24,24.39,RUNNING,0.0,OFF,0.0,OFF,10.26,34.65,34.65,0.0,35.0,08:00,17:00,3.0,17:00,1,4.5,0,20.0,0.0,0.0,0.0,20.0,5.41,0.0,0.0,2.0287,8422.95,1
2026-06-05 03:55:00,1780611900,3.917,4,0,GRID_FALLBACK,15.97,0.0,0.0,10.4,0.0,27.84,27.84,24.59,RUNNING,0.0,OFF,0.0,OFF,10.12,34.72,34.72,0.0,35.0,08:00,17:00,3.0,17:00,1,4.5,0,20.0,0.0,0.0,0.0,20.0,6.88,0.0,0.0,2.58,8425.53,1
2026-06-05 04:00:00,1780612200,4.0,4,0,GRID_FALLBACK,16.58,0.0,0.04,10.49,0.0,28.83,28.83,25.17,RUNNING,0.0,OFF,0.0,OFF,9.94,35.11,35.11,0.0,35.0,08:00,17:00,3.0,17:00,1,4.5,0,20.0,0.0,0.0,0.0,20.0,6.28,0.0,0.0,2.355,8427.89,1
2026-06-05 04:05:00,1780612500,4.083,4,0,GRID_FALLBACK,15.96,0.0,0.09,9.29,0.0,17.08,17.08,24.9,RUNNING,0.0,OFF,0.0,OFF,9.95,34.85,34.85,0.0,35.0,08:00,17:00,3.0,17:00,1,4.5,0,20.0,0.0,0.0,0.0,20.0,17.77,0.0,0.0,6.6638,8434.55,1
2026-06-05 04:10:00,1780612800,4.167,4,0,GRID_FALLBACK,16.66,0.0,0.03,9.72,0.0,20.82,20.82,24.38,RUNNING,0.0,OFF,0.0,OFF,9.76,34.14,34.14,0.0,35.0,08:00,17:00,3.0,17:00,1,4.5,0,20.0,0.0,0.0,0.0,20.0,13.32,0.0,0.0,4.995,8439.55,1
2026-06-05 04:15:00,1780613100,4.25,4,0,GRID_FALLBACK,16.16,0.0,0.01,9.77,0.0,21.3,21.3,24.34,RUNNING,0.0,OFF,0.0,OFF,9.88,34.23,34.23,0.0,35.0,08:00,17:00,3.0,17:00,1,4.5,0,20.0,0.0,0.0,0.0,20.0,12.93,0.0,0.0,4.8487,8444.4,1
2026-06-05 04:20:00,1780613400,4.333,4,0,GRID_FALLBACK,16.41,0.0,0.02,10.4,0.0,27.8,27.8,24.72,RUNNING,0.0,OFF,0.0,OFF,9.72,34.44,34.44,0.0,35.0,08:00,17:00,3.0,17:00,1,4.5,0,20.0,0.0,0.0,0.0,20.0,6.64,0.0,0.0,2.49,8446.89,1
2026-06-05 04:25:00,1780613700,4.417,4,0,GRID_FALLBACK,16.19,0.0,0.04,9.98,0.0,23.37,23.37,24.86,RUNNING,0.0,OFF,0.0,OFF,9.89,34.76,34.76,0.0,35.0,08:00,17:00,3.0,17:00,1,4.5,0,20.0,0.0,0.0,0.0,20.0,11.39,0.0,0.0,4.2712,8451.16,1
2026-06-05 04:30:00,1780614000,4.5,4,0,GRID_FALLBACK,16.51,0.0,0.08,9.72,0.0,20.81,20.81,24.52,RUNNING,0.0,OFF,0.0,OFF,10.15,34.68,34.68,0.0,35.0,08:00,17:00,3.0,17:00,1,4.5,0,20.0,0.0,0.0,0.0,20.0,13.87,0.0,0.0,5.2012,8456.36,1
2026-06-05 04:35:00,1780614300,4.583,4,0,GRID_FALLBACK,16.75,0.0,0.05,10.78,0.0,32.35,32.35,24.82,RUNNING,0.0,OFF,0.0,OFF,9.77,34.59,34.59,0.0,35.0,08:00,17:00,3.0,17:00,1,4.5,0,20.0,0.0,0.0,0.0,20.0,2.24,0.0,0.0,0.84,8457.2,1
2026-06-05 04:40:00,1780614600,4.667,4,0,GRID_FALLBACK,16.4,0.0,0.05,10.29,0.0,26.52,26.52,24.97,RUNNING,0.0,OFF,0.0,OFF,9.94,34.92,34.92,0.0,35.0,08:00,17:00,3.0,17:00,1,4.5,0,20.0,0.0,0.0,0.0,20.0,8.4,0.0,0.0,3.15,8460.35,1
2026-06-05 04:45:00,1780614900,4.75,4,0,GRID_FALLBACK,16.61,0.0,0.09,10.12,0.0,24.74,24.74,25.74,RUNNING,0.0,OFF,0.0,OFF,10.11,35.85,35.85,0.0,35.0,08:00,17:00,3.0,17:00,1,4.5,0,20.0,0.0,0.0,0.0,20.0,11.11,0.0,0.0,4.1663,8464.51,1
2026-06-05 04:50:00,1780615200,4.833,4,0,BATTERY_CHARGING,16.7,0.0,0.06,11.0,0.0,35.08,35.08,24.69,RUNNING,0.0,OFF,0.0,OFF,9.94,34.63,34.63,0.0,35.0,08:00,17:00,3.0,17:00,1,4.5,0,20.0,0.45,0.45,0.0,20.02,0.0,0.0,0.0,0.0,8464.51,1
2026-06-05 04:55:00,1780615500,4.917,4,0,GRID_FALLBACK,16.65,0.0,0.06,10.12,0.0,24.75,24.75,25.75,RUNNING,0.0,OFF,0.0,OFF,9.92,35.67,35.67,0.0,35.0,08:00,17:00,3.0,17:00,1,4.5,0,20.0,-0.41,0.0,0.41,20.0,10.51,0.0,0.0,3.9427,8468.46,1
2026-06-05 05:00:00,1780615800,5.0,4,0,GRID_FALLBACK,17.46,0.0,0.08,10.71,0.0,31.4,31.4,24.88,RUNNING,0.0,OFF,0.0,OFF,10.25,35.12,35.12,0.0,35.0,08:00,17:00,3.0,17:00,1,4.5,0,20.0,0.0,0.0,0.0,20.0,3.72,0.0,0.0,1.395,8469.85,1
2026-06-05 05:05:00,1780616100,5.083,4,0,GRID_FALLBACK,17.12,0.0,0.0,10.64,0.0,30.62,30.62,25.53,RUNNING,0.0,OFF,0.0,OFF,9.87,35.4,35.4,0.0,35.0,08:00,17:00,3.0,17:00,1,4.5,0,20.0,0.0,0.0,0.0,20.0,4.78,0.0,0.0,1.7925,8471.65,1
2026-06-05 05:10:00,1780616400,5.167,4,0,BATTERY_CHARGING,17.63,0.0,0.0,11.45,0.0,41.31,41.31,24.97,RUNNING,0.0,OFF,0.0,OFF,10.06,35.03,35.03,0.0,35.0,08:00,17:00,3.0,17:00,1,4.5,0,20.0,6.28,6.28,0.0,20.25,0.0,0.0,0.0,0.0,8471.65,1
2026-06-05 05:15:00,1780616700,5.25,4,0,NORMAL_OPERATION,17.62,0.0,0.04,10.57,0.0,29.7,29.7,25.21,RUNNING,0.0,OFF,0.0,OFF,10.05,35.26,35.26,0.0,35.0,08:00,17:00,3.0,17:00,1,4.5,0,20.0,-5.56,0.0,5.56,20.0,0.0,0.0,0.0,0.0,8471.65,1
2026-06-05 05:20:00,1780617000,5.333,4,0,BATTERY_CHARGING,17.46,0.0,0.0,11.24,0.0,38.34,38.34,25.1,RUNNING,0.0,OFF,0.0,OFF,9.88,34.98,34.98,0.0,35.0,08:00,17:00,3.0,17:00,1,4.5,0,20.0,3.36,3.36,0.0,20.14,0.0,0.0,0.0,0.0,8471.65,1
2026-06-05 05:25:00,1780617300,5.417,4,0,GRID_FALLBACK,17.46,0.0,0.01,10.33,0.0,27.01,27.01,25.09,RUNNING,0.0,OFF,0.0,OFF,9.87,34.96,34.96,0.0,35.0,08:00,17:00,3.0,17:00,1,4.5,0,20.0,-3.14,0.0,3.14,20.0,4.81,0.0,0.0,1.8037,8473.45,1
2026-06-05 05:30:00,1780617600,5.5,4,0,BATTERY_CHARGING,17.6,0.0,0.06,11.69,0.0,44.99,44.99,24.71,RUNNING,0.0,OFF,0.0,OFF,10.11,34.82,34.82,0.0,35.0,08:00,17:00,3.0,17:00,1,4.5,0,20.0,10.17,10.17,0.0,20.4,0.0,0.0,0.0,0.0,8473.45,1
2026-06-05 05:35:00,1780617900,5.583,4,0,BATTERY_CHARGING,17.64,0.0,0.03,11.41,0.0,40.81,40.81,24.92,RUNNING,0.0,OFF,0.0,OFF,9.85,34.77,34.77,0.0,35.0,08:00,17:00,3.0,17:00,1,4.5,0,20.0,6.04,6.04,0.0,20.64,0.0,0.0,0.0,0.0,8473.45,1
2026-06-05 05:40:00,1780618200,5.667,4,0,BATTERY_CHARGING,18.26,0.0,0.03,10.99,0.0,35.01,35.01,25.16,RUNNING,0.0,OFF,0.0,OFF,9.71,34.87,34.87,0.0,35.0,08:00,17:00,3.0,17:00,1,4.5,0,20.0,0.14,0.14,0.0,20.65,0.0,0.0,0.0,0.0,8473.45,1
2026-06-05 05:45:00,1780618500,5.75,4,0,NORMAL_OPERATION,18.14,0.0,0.06,10.31,0.0,26.78,26.78,24.96,RUNNING,0.0,OFF,0.0,OFF,10.24,35.2,35.2,0.0,35.0,08:00,17:00,3.0,17:00,1,4.5,0,20.0,-8.42,0.0,8.42,20.28,0.0,0.0,0.0,0.0,8473.45,1
2026-06-05 05:50:00,1780618800,5.833,4,0,BATTERY_CHARGING,18.24,0.0,0.04,11.79,0.0,46.53,46.53,25.33,RUNNING,0.0,OFF,0.0,OFF,10.16,35.48,35.48,0.0,35.0,08:00,17:00,3.0,17:00,1,4.5,0,20.0,11.05,11.05,0.0,20.72,0.0,0.0,0.0,0.0,8473.45,1
2026-06-05 05:55:00,1780619100,5.917,4,0,BATTERY_CHARGING,18.25,0.0,0.08,11.44,0.0,41.25,41.25,24.32,RUNNING,0.0,OFF,0.0,OFF,9.72,34.04,34.04,0.0,35.0,08:00,17:00,3.0,17:00,1,4.5,0,20.0,7.21,7.21,0.0,21.0,0.0,0.0,0.0,0.0,8473.45,1
2026-06-05 06:00:00,1780619400,6.0,4,0,BATTERY_CHARGING,18.61,0.0,0.07,11.53,0.0,42.5,42.5,25.5,RUNNING,0.0,OFF,0.0,OFF,10.2,35.7,35.7,0.0,35.0,08:00,17:00,3.0,17:00,1,4.5,0,20.0,6.8,6.8,0.0,21.27,0.0,0.0,0.0,0.0,8473.45,1
2026-06-05 06:05:00,1780619700,6.083,4,0,BATTERY_CHARGING,18.35,21.4,0.02,11.73,2.4,45.57,47.96,24.21,RUNNING,0.0,OFF,0.0,OFF,9.98,34.19,34.19,0.0,35.0,08:00,17:00,3.0,17:00,1,4.5,0,20.0,13.77,13.77,0.0,21.81,0.0,0.0,0.0,0.0,8473.45,1
2026-06-05 06:10:00,1780620000,6.167,4,0,BATTERY_CHARGING,18.94,41.7,0.04,10.9,3.79,33.79,37.58,24.65,RUNNING,0.0,OFF,0.0,OFF,10.25,34.9,34.9,0.0,35.0,08:00,17:00,3.0,17:00,1,4.5,0,20.0,2.68,2.68,0.0,21.92,0.0,0.0,0.0,0.0,8473.45,1
2026-06-05 06:15:00,1780620300,6.25,4,0,BATTERY_CHARGING,18.61,64.8,0.01,11.57,6.45,43.18,49.63,25.35,RUNNING,0.0,OFF,0.0,OFF,9.84,35.19,35.19,0.0,35.0,08:00,17:00,3.0,17:00,1,4.5,0,20.0,14.44,14.44,0.0,22.49,0.0,0.0,0.0,0.0,8473.45,1
2026-06-05 06:20:00,1780620600,6.333,4,0,BATTERY_CHARGING,18.85,84.0,0.04,11.08,9.01,36.22,45.23,25.33,RUNNING,0.0,OFF,0.0,OFF,9.83,35.16,35.16,0.0,35.0,08:00,17:00,3.0,17:00,1,4.5,0,20.0,10.07,10.07,0.0,22.89,0.0,0.0,0.0,0.0,8473.45,1
2026-06-05 06:25:00,1780620900,6.417,4,0,BATTERY_CHARGING,18.75,99.9,0.08,11.31,10.61,39.39,50.0,25.11,RUNNING,0.0,OFF,0.0,OFF,10.0,35.11,35.11,0.0,35.0,08:00,17:00,3.0,17:00,1,4.5,0,20.0,14.89,14.89,0.0,23.48,0.0,0.0,0.0,0.0,8473.45,1
2026-06-05 06:30:00,1780621200,6.5,4,0,BATTERY_CHARGING,19.17,121.9,0.07,11.63,12.66,44.04,56.7,25.1,RUNNING,0.0,OFF,0.0,OFF,9.74,34.84,34.84,0.0,35.0,08:00,17:00,3.0,17:00,1,4.5,0,20.0,21.86,21.86,0.0,24.35,0.0,0.0,0.0,0.0,8473.45,1
2026-06-05 06:35:00,1780621500,6.583,4,0,BATTERY_CHARGING,18.97,151.1,0.01,11.18,15.55,37.54,53.09,24.56,RUNNING,0.0,OFF,0.0,OFF,10.01,34.58,34.58,0.0,35.0,08:00,17:00,3.0,17:00,1,4.5,0,20.0,18.51,18.51,0.0,25.08,0.0,0.0,0.0,0.0,8473.45,1
2026-06-05 06:40:00,1780621800,6.667,4,0,BATTERY_CHARGING,19.64,170.3,0.02,11.89,17.89,48.22,66.11,25.31,RUNNING,0.0,OFF,0.0,OFF,10.02,35.33,35.33,0.0,35.0,08:00,17:00,3.0,17:00,1,4.5,0,20.0,30.78,30.78,0.0,26.3,0.0,0.0,0.0,0.0,8473.45,1
2026-06-05 06:45:00,1780622100,6.75,4,0,BATTERY_CHARGING,19.36,184.2,0.06,11.57,19.27,43.24,62.51,25.23,RUNNING,0.0,OFF,0.0,OFF,10.27,35.49,35.49,0.0,35.0,08:00,17:00,3.0,17:00,1,4.5,0,20.0,27.02,27.02,0.0,27.37,0.0,0.0,0.0,0.0,8473.45,1
2026-06-05 06:50:00,1780622400,6.833,4,0,BATTERY_CHARGING,19.34,196.1,0.09,11.58,20.55,43.34,63.89,24.64,RUNNING,0.0,OFF,0.0,OFF,10.11,34.75,34.75,0.0,35.0,08:00,17:00,3.0,17:00,1,4.5,0,20.0,29.14,29.14,0.0,28.52,0.0,0.0,0.0,0.0,8473.45,1
2026-06-05 06:55:00,1780622700,6.917,4,0,BATTERY_CHARGING,19.82,229.1,0.04,12.14,23.77,49.78,73.55,24.64,RUNNING,0.0,OFF,0.0,OFF,9.95,34.6,34.6,0.0,35.0,08:00,17:00,3.0,17:00,1,4.5,0,20.0,38.95,38.95,0.0,30.06,0.0,0.0,0.0,0.0,8473.45,1
2026-06-05 07:00:00,1780623000,7.0,4,0,BATTERY_CHARGING,19.96,258.7,0.0,11.28,25.97,38.92,64.89,25.11,RUNNING,0.0,OFF,0.0,OFF,9.72,34.83,34.83,0.0,35.0,08:00,17:00,3.0,17:00,1,4.5,0,20.0,30.06,30.06,0.0,31.25,0.0,0.0,0.0,0.0,8473.45,1
2026-06-05 07:05:00,1780623300,7.083,4,0,BATTERY_CHARGING,20.34,252.5,0.1,11.68,25.29,44.92,70.21,24.6,RUNNING,0.0,OFF,0.0,OFF,9.8,34.4,34.4,0.0,35.0,08:00,17:00,3.0,17:00,1,4.5,0,20.0,35.81,35.81,0.0,32.67,0.0,0.0,0.0,0.0,8473.45,1
2026-06-05 07:10:00,1780623600,7.167,4,0,BATTERY_CHARGING,20.15,281.9,0.06,11.2,28.71,37.79,66.5,25.49,RUNNING,0.0,OFF,0.0,OFF,10.06,35.55,35.55,0.0,35.0,08:00,17:00,3.0,17:00,1,4.5,0,20.0,30.95,30.95,0.0,33.89,0.0,0.0,0.0,0.0,8473.45,1
2026-06-05 07:15:00,1780623900,7.25,4,0,BATTERY_CHARGING,20.56,310.7,0.03,11.48,31.23,41.83,73.06,24.58,RUNNING,0.0,OFF,0.0,OFF,9.9,34.49,34.49,0.0,35.0,08:00,17:00,3.0,17:00,1,4.5,0,20.0,38.57,38.57,0.0,35.42,0.0,0.0,0.0,0.0,8473.45,1
2026-06-05 07:20:00,1780624200,7.333,4,0,BATTERY_CHARGING,20.26,330.6,0.03,12.39,34.13,50.22,84.35,25.19,RUNNING,0.0,OFF,0.0,OFF,10.16,35.35,35.35,0.0,35.0,08:00,17:00,3.0,17:00,1,4.5,0,20.0,49.0,49.0,0.0,37.36,0.0,0.0,0.0,0.0,8473.45,1
2026-06-05 07:25:00,1780624500,7.417,4,0,BATTERY_CHARGING,20.88,341.5,0.06,11.29,34.27,39.03,73.3,24.25,RUNNING,0.0,OFF,0.0,OFF,9.89,34.14,34.14,0.0,35.0,08:00,17:00,3.0,17:00,1,4.5,0,20.0,39.16,39.16,0.0,38.91,0.0,0.0,0.0,0.0,8473.45,1
2026-06-05 07:30:00,1780624800,7.5,4,0,BATTERY_CHARGING,21.22,380.2,0.01,11.39,39.01,40.47,79.48,24.91,RUNNING,0.0,OFF,0.0,OFF,9.88,34.79,34.79,0.0,35.0,08:00,17:00,3.0,17:00,1,4.5,0,20.0,44.69,44.69,0.0,40.68,0.0,0.0,0.0,0.0,8473.45,1
2026-06-05 07:35:00,1780625100,7.583,4,0,GRID_EXPORT,21.2,400.1,0.01,12.3,40.68,49.84,90.51,24.81,RUNNING,0.0,OFF,0.0,OFF,9.76,34.57,34.57,0.0,35.0,08:00,17:00,3.0,17:00,1,4.5,0,20.0,50.0,50.0,0.0,42.66,0.0,5.94,0.0,-1.1138,8472.34,1
2026-06-05 07:40:00,1780625400,7.667,4,0,GRID_EXPORT,21.47,412.8,0.02,12.21,42.02,49.61,91.63,24.81,RUNNING,0.0,OFF,0.0,OFF,10.18,34.99,34.99,0.0,35.0,08:00,17:00,3.0,17:00,1,4.5,0,20.0,50.0,50.0,0.0,44.64,0.0,6.64,0.0,-1.245,8471.09,1
2026-06-05 07:45:00,1780625700,7.75,4,0,GRID_EXPORT,21.73,414.9,0.06,11.82,42.47,47.09,89.56,25.45,RUNNING,0.0,OFF,0.0,OFF,9.97,35.43,35.43,0.0,35.0,08:00,17:00,3.0,17:00,1,4.5,0,20.0,50.0,50.0,0.0,46.62,0.0,4.13,0.0,-0.7744,8470.32,1
2026-06-05 07:50:00,1780626000,7.833,4,0,GRID_EXPORT,21.46,452.9,0.02,11.47,46.02,41.72,87.74,24.31,RUNNING,0.0,OFF,0.0,OFF,10.17,34.48,34.48,0.0,35.0,08:00,17:00,3.0,17:00,1,4.5,0,20.0,50.0,50.0,0.0,48.6,0.0,3.26,0.0,-0.6112,8469.7,1
2026-06-05 07:55:00,1780626300,7.917,4,0,GRID_EXPORT,21.52,453.4,0.06,12.36,45.73,49.94,95.67,25.36,RUNNING,0.0,OFF,0.0,OFF,9.97,35.33,35.33,0.0,35.0,08:00,17:00,3.0,17:00,1,4.5,0,20.0,50.0,50.0,0.0,50.58,0.0,10.34,0.0,-1.9388,8467.77,1
2026-06-05 08:00:00,1780626600,8.0,4,0,BATTERY_CHARGING,21.72,460.1,0.08,11.46,46.43,41.56,87.99,24.9,RUNNING,20.64,RUNNING,0.0,OFF,10.15,55.69,35.05,0.0,35.0,08:00,17:00,3.0,17:00,1,4.5,0,20.0,32.3,32.3,0.0,51.85,0.0,0.0,0.0,0.0,8467.77,1
2026-06-05 08:05:00,1780626900,8.083,4,0,BATTERY_CHARGING,21.95,472.9,0.09,12.63,47.51,49.85,97.36,24.75,RUNNING,19.82,RUNNING,0.0,OFF,9.7,54.27,34.45,0.0,35.0,08:00,17:00,3.0,17:00,1,4.5,0,20.0,43.09,43.09,0.0,53.56,0.0,0.0,0.0,0.0,8467.77,1
2026-06-05 08:10:00,1780627200,8.167,4,0,BATTERY_CHARGING,22.34,500.9,0.07,11.51,50.63,42.26,92.88,25.54,RUNNING,20.5,RUNNING,0.0,OFF,9.95,55.99,35.49,0.0,35.0,08:00,17:00,3.0,17:00,1,4.5,0,20.0,36.89,36.89,0.0,55.02,0.0,0.0,0.0,0.0,8467.77,1
2026-06-05 08:15:00,1780627500,8.25,4,0,BATTERY_CHARGING,22.2,544.4,0.02,12.9,55.34,49.87,105.21,25.27,RUNNING,20.27,RUNNING,0.0,OFF,10.29,55.83,35.56,0.0,35.0,08:00,17:00,3.0,17:00,1,4.5,0,20.0,49.38,49.38,0.0,56.97,0.0,0.0,0.0,0.0,8467.77,1
2026-06-05 08:20:00,1780627800,8.333,4,0,GRID_EXPORT,22.69,554.6,0.03,12.39,56.43,50.09,106.53,24.87,RUNNING,19.53,RUNNING,0.0,OFF,9.97,54.37,34.84,0.0,35.0,08:00,17:00,3.0,17:00,1,4.5,0,20.0,50.0,50.0,0.0,58.95,0.0,2.16,0.0,-0.405,8467.36,1
2026-06-05 08:25:00,1780628100,8.417,4,0,GRID_EXPORT,23.01,588.8,0.0,11.84,58.85,47.37,106.22,24.56,RUNNING,19.62,RUNNING,0.0,OFF,10.07,54.25,34.63,0.0,35.0,08:00,17:00,3.0,17:00,1,4.5,0,20.0,50.0,50.0,0.0,60.93,0.0,1.97,0.0,-0.3694,8466.99,1
2026-06-05 08:30:00,1780628400,8.5,4,0,GRID_EXPORT,22.75,564.0,0.07,13.03,56.74,50.19,106.94,24.53,RUNNING,19.56,RUNNING,0.0,OFF,10.29,54.38,34.82,0.0,35.0,08:00,17:00,3.0,17:00,1,4.5,0,20.0,50.0,50.0,0.0,62.91,0.0,2.56,0.0,-0.48,8466.51,1
2026-06-05 08:35:00,1780628700,8.583,4,0,GRID_EXPORT,23.02,621.3,0.01,11.58,62.24,43.29,105.53,24.66,RUNNING,19.57,RUNNING,0.0,OFF,10.05,54.29,34.72,0.0,35.0,08:00,17:00,3.0,17:00,1,4.5,0,20.0,50.0,50.0,0.0,64.89,0.0,1.24,0.0,-0.2325,8466.28,1
2026-06-05 08:40:00,1780629000,8.667,4,0,GRID_EXPORT,23.52,640.0,0.0,11.6,64.07,43.58,107.65,24.48,RUNNING,20.54,RUNNING,0.0,OFF,10.13,55.15,34.61,0.0,35.0,08:00,17:00,3.0,17:00,1,4.5,0,20.0,50.0,50.0,0.0,66.87,0.0,2.5,0.0,-0.4688,8465.81,1
2026-06-05 08:45:00,1780629300,8.75,4,0,GRID_EXPORT,23.35,622.8,0.06,11.85,62.21,47.59,109.8,25.55,RUNNING,20.57,RUNNING,0.0,OFF,9.71,55.84,35.26,0.0,35.0,08:00,17:00,3.0,17:00,1,4.5,0,20.0,50.0,50.0,0.0,68.85,0.0,3.96,0.0,-0.7425,8465.07,1
2026-06-05 08:50:00,1780629600,8.833,4,0,GRID_EXPORT,23.79,650.0,0.04,12.84,64.92,50.35,115.27,24.69,RUNNING,19.64,RUNNING,0.0,OFF,10.19,54.51,34.87,0.0,35.0,08:00,17:00,3.0,17:00,1,4.5,0,20.0,50.0,50.0,0.0,70.83,0.0,10.76,0.0,-2.0175,8463.05,1
2026-06-05 08:55:00,1780629900,8.917,4,0,GRID_EXPORT,23.95,626.4,0.09,13.16,63.4,50.31,113.71,25.61,RUNNING,19.39,RUNNING,0.0,OFF,9.79,54.78,35.39,0.0,35.0,08:00,17:00,3.0,17:00,1,4.5,0,20.0,50.0,50.0,0.0,72.81,0.0,8.93,0.0,-1.6744,8461.38,1
2026-06-05 09:00:00,1780630200,9.0,4,0,BATTERY_CHARGING,24.34,650.9,0.08,11.92,65.14,48.7,113.84,24.8,RUNNING,20.14,RUNNING,35.95,RUNNING,9.85,90.74,34.65,35.95,35.0,08:00,17:00,3.0,17:00,1,4.5,0,20.0,23.1,23.1,0.0,73.72,0.0,0.0,0.0,0.0,8461.38,1
2026-06-05 09:05:00,1780630500,9.083,4,0,BATTERY_CHARGING,23.81,677.9,0.06,11.93,68.14,48.86,117.0,25.46,RUNNING,19.76,RUNNING,34.11,RUNNING,10.18,89.51,35.64,34.11,35.0,08:00,17:00,3.0,17:00,1,4.5,0,20.0,27.49,27.49,0.0,74.81,0.0,0.0,0.0,0.0,8461.38,1
2026-06-05 09:10:00,1780630800,9.167,4,0,BATTERY_CHARGING,24.65,674.5,0.09,13.19,67.93,49.77,117.7,24.33,RUNNING,19.96,RUNNING,35.33,RUNNING,9.74,89.36,34.07,35.33,35.0,08:00,17:00,3.0,17:00,1,4.5,0,20.0,28.34,28.34,0.0,75.93,0.0,0.0,0.0,0.0,8461.38,1
2026-06-05 09:15:00,1780631100,9.25,4,0,BATTERY_CHARGING,24.53,695.4,0.08,12.68,69.68,50.0,119.67,24.94,RUNNING,19.75,RUNNING,34.75,RUNNING,10.12,89.56,35.06,34.75,35.0,08:00,17:00,3.0,17:00,1,4.5,0,20.0,30.11,30.11,0.0,77.12,0.0,0.0,0.0,0.0,8461.38,1
2026-06-05 09:20:00,1780631400,9.333,4,0,BATTERY_CHARGING,24.87,728.1,0.05,12.09,72.75,50.34,123.09,25.13,RUNNING,19.35,RUNNING,34.44,RUNNING,9.82,88.75,34.96,34.44,35.0,08:00,17:00,3.0,17:00,1,4.5,0,20.0,34.34,34.34,0.0,78.48,0.0,0.0,0.0,0.0,8461.38,1
2026-06-05 09:25:00,1780631700,9.417,4,0,BATTERY_CHARGING,25.16,749.0,0.04,12.16,75.24,50.06,125.3,25.7,RUNNING,19.82,RUNNING,35.1,RUNNING,9.78,90.4,35.48,35.1,35.0,08:00,17:00,3.0,17:00,1,4.5,0,20.0,34.9,34.9,0.0,79.86,0.0,0.0,0.0,0.0,8461.38,1
2026-06-05 09:30:00,1780632000,9.5,4,0,BATTERY_CHARGING,24.71,758.1,0.04,12.24,75.98,49.97,125.95,25.19,RUNNING,19.9,RUNNING,34.94,RUNNING,9.95,89.97,35.14,34.94,35.0,08:00,17:00,3.0,17:00,1,4.5,0,20.0,35.98,35.98,0.0,81.29,0.0,0.0,0.0,0.0,8461.38,1
2026-06-05 09:35:00,1780632300,9.583,4,0,BATTERY_CHARGING,25.46,780.9,0.03,12.3,77.62,49.79,127.41,25.23,RUNNING,19.8,RUNNING,34.16,RUNNING,10.21,89.41,35.44,34.16,35.0,08:00,17:00,3.0,17:00,1,4.5,0,20.0,38.0,38.0,0.0,82.79,0.0,0.0,0.0,0.0,8461.38,1
2026-06-05 09:40:00,1780632600,9.667,4,0,BATTERY_CHARGING,25.4,766.4,0.06,12.95,76.95,49.68,126.63,24.31,RUNNING,19.35,RUNNING,34.4,RUNNING,9.82,87.89,34.13,34.4,35.0,08:00,17:00,3.0,17:00,1,4.5,0,20.0,38.74,38.74,0.0,84.33,0.0,0.0,0.0,0.0,8461.38,1
2026-06-05 09:45:00,1780632900,9.75,4,0,BATTERY_CHARGING,25.42,806.3,0.03,13.0,80.68,49.82,130.5,25.33,RUNNING,20.7,RUNNING,36.0,RUNNING,10.15,92.17,35.48,36.0,35.0,08:00,17:00,3.0,17:00,1,4.5,0,20.0,38.33,38.33,0.0,85.84,0.0,0.0,0.0,0.0,8461.38,1
2026-06-05 09:50:00,1780633200,9.833,4,0,BATTERY_CHARGING,25.92,766.4,0.09,11.71,76.16,45.34,121.5,25.52,RUNNING,20.4,RUNNING,34.81,RUNNING,9.94,90.66,35.46,34.81,35.0,08:00,17:00,3.0,17:00,1,4.5,0,20.0,30.84,30.84,0.0,87.06,0.0,0.0,0.0,0.0,8461.38,1
2026-06-05 09:55:00,1780633500,9.917,4,0,BATTERY_CHARGING,25.97,798.9,0.07,12.45,79.59,50.21,129.8,24.44,RUNNING,19.86,RUNNING,34.45,RUNNING,10.15,88.9,34.59,34.45,35.0,08:00,17:00,3.0,17:00,1,4.5,0,20.0,40.9,40.9,0.0,88.68,0.0,0.0,0.0,0.0,8461.38,1
2026-06-05 10:00:00,1780633800,10.0,4,0,BATTERY_CHARGING,26.05,821.4,0.05,12.96,82.05,50.18,132.23,24.94,RUNNING,20.41,RUNNING,34.63,RUNNING,9.81,89.79,34.75,34.63,35.0,08:00,17:00,3.0,17:00,1,4.5,0,20.0,42.44,42.44,0.0,90.36,0.0,0.0,0.0,0.0,8461.38,1
2026-06-05 10:05:00,1780634100,10.083,4,0,BATTERY_CHARGING,26.45,815.5,0.07,12.03,81.03,50.05,131.08,24.8,RUNNING,20.11,RUNNING,34.26,RUNNING,10.27,89.43,35.07,34.26,35.0,08:00,17:00,3.0,17:00,1,4.5,0,20.0,41.65,41.65,0.0,92.01,0.0,0.0,0.0,0.0,8461.38,1
2026-06-05 10:10:00,1780634400,10.167,4,0,BATTERY_CHARGING,26.01,815.1,0.08,13.03,81.02,49.94,130.96,25.3,RUNNING,19.86,RUNNING,35.56,RUNNING,10.02,90.74,35.32,35.56,35.0,08:00,17:00,3.0,17:00,1,4.5,0,20.0,40.22,40.22,0.0,93.6,0.0,0.0,0.0,0.0,8461.38,1
2026-06-05 10:15:00,1780634700,10.25,4,0,GRID_EXPORT,26.43,894.8,0.0,12.95,89.39,49.72,139.11,25.72,RUNNING,19.76,RUNNING,35.26,RUNNING,10.06,90.81,35.79,35.26,35.0,08:00,17:00,3.0,17:00,1,4.5,0,20.0,35.27,35.27,0.0,95.0,0.0,13.03,0.0,-2.4438,8458.93,1
2026-06-05 10:20:00,1780635000,10.333,4,0,UNAVOIDABLE_CURTAILMENT,26.82,827.7,0.09,13.26,81.87,49.91,131.79,25.06,RUNNING,19.56,RUNNING,34.22,RUNNING,10.04,88.88,35.1,34.22,35.0,08:00,17:00,3.0,17:00,1,4.5,0,20.0,0.0,0.0,0.0,95.0,0.0,20.0,22.91,-3.75,8455.18,1
2026-06-05 10:25:00,1780635300,10.417,4,0,UNAVOIDABLE_CURTAILMENT,26.86,833.4,0.09,11.83,82.33,47.29,129.61,25.08,RUNNING,19.34,RUNNING,35.38,RUNNING,9.99,89.8,35.08,35.38,35.0,08:00,17:00,3.0,17:00,1,4.5,0,20.0,0.0,0.0,0.0,95.0,0.0,20.0,19.81,-3.75,8451.43,1
2026-06-05 10:30:00,1780635600,10.5,4,0,UNAVOIDABLE_CURTAILMENT,26.81,917.5,0.01,13.22,90.87,49.79,140.65,25.26,RUNNING,19.4,RUNNING,34.11,RUNNING,10.01,88.78,35.27,34.11,35.0,08:00,17:00,3.0,17:00,1,4.5,0,20.0,0.0,0.0,0.0,95.0,0.0,20.0,31.87,-3.75,8447.68,1
2026-06-05 10:35:00,1780635900,10.583,4,0,UNAVOIDABLE_CURTAILMENT,26.96,851.9,0.09,12.33,84.18,49.69,133.87,25.06,RUNNING,19.97,RUNNING,34.14,RUNNING,10.27,89.44,35.33,34.14,35.0,08:00,17:00,3.0,17:00,1,4.5,0,20.0,0.0,0.0,0.0,95.0,0.0,20.0,24.43,-3.75,8443.93,1
2026-06-05 10:40:00,1780636200,10.667,4,0,UNAVOIDABLE_CURTAILMENT,27.67,927.5,0.01,11.99,91.69,49.85,141.54,25.34,RUNNING,19.96,RUNNING,35.21,RUNNING,10.26,90.77,35.6,35.21,35.0,08:00,17:00,3.0,17:00,1,4.5,0,20.0,0.0,0.0,0.0,95.0,0.0,20.0,30.77,-3.75,8440.18,1
2026-06-05 10:45:00,1780636500,10.75,4,0,UNAVOIDABLE_CURTAILMENT,27.61,899.3,0.05,12.75,88.77,49.61,138.38,24.43,RUNNING,19.39,RUNNING,34.8,RUNNING,10.18,88.8,34.61,34.8,35.0,08:00,17:00,3.0,17:00,1,4.5,0,20.0,0.0,0.0,0.0,95.0,0.0,20.0,29.58,-3.75,8436.43,1
2026-06-05 10:50:00,1780636800,10.833,4,0,UNAVOIDABLE_CURTAILMENT,27.71,866.9,0.09,13.05,85.71,50.06,135.77,25.38,RUNNING,19.7,RUNNING,35.76,RUNNING,9.97,90.82,35.35,35.76,35.0,08:00,17:00,3.0,17:00,1,4.5,0,20.0,0.0,0.0,0.0,95.0,0.0,20.0,24.95,-3.75,8432.68,1
2026-06-05 10:55:00,1780637100,10.917,4,0,UNAVOIDABLE_CURTAILMENT,28.01,891.7,0.07,12.1,88.21,50.25,138.46,24.48,RUNNING,19.65,RUNNING,35.8,RUNNING,10.14,90.07,34.62,35.8,35.0,08:00,17:00,3.0,17:00,1,4.5,0,20.0,0.0,0.0,0.0,95.0,0.0,20.0,28.39,-3.75,8428.93,1
2026-06-05 11:00:00,1780637400,11.0,4,0,UNAVOIDABLE_CURTAILMENT,27.97,877.9,0.09,11.91,86.82,48.49,135.31,24.83,RUNNING,20.62,RUNNING,34.48,RUNNING,10.22,90.16,35.05,34.48,35.0,08:00,17:00,3.0,17:00,1,4.5,0,20.0,0.0,0.0,0.0,95.0,0.0,20.0,25.15,-3.75,8425.18,1
2026-06-05 11:05:00,1780637700,11.083,4,0,UNAVOIDABLE_CURTAILMENT,27.97,910.3,0.06,12.07,90.37,50.16,140.53,25.36,RUNNING,19.6,RUNNING,34.99,RUNNING,10.3,90.24,35.65,34.99,35.0,08:00,17:00,3.0,17:00,1,4.5,0,20.0,0.0,0.0,0.0,95.0,0.0,20.0,30.29,-3.75,8421.43,1
2026-06-05 11:10:00,1780638000,11.167,4,0,UNAVOIDABLE_CURTAILMENT,28.34,879.1,0.1,11.71,86.34,45.27,131.61,25.43,RUNNING,19.76,RUNNING,34.9,RUNNING,9.85,89.94,35.28,34.9,35.0,08:00,17:00,3.0,17:00,1,4.5,0,20.0,0.0,0.0,0.0,95.0,0.0,20.0,21.67,-3.75,8417.68,1
2026-06-05 11:15:00,1780638300,11.25,4,0,UNAVOIDABLE_CURTAILMENT,28.45,935.5,0.05,11.68,92.45,44.92,137.37,25.4,RUNNING,19.83,RUNNING,35.49,RUNNING,10.21,90.94,35.61,35.49,35.0,08:00,17:00,3.0,17:00,1,4.5,0,20.0,0.0,0.0,0.0,95.0,0.0,20.0,26.43,-3.75,8413.93,1
2026-06-05 11:20:00,1780638600,11.333,4,0,UNAVOIDABLE_CURTAILMENT,28.51,983.8,0.0,11.73,97.41,45.68,143.09,24.72,RUNNING,20.35,RUNNING,34.97,RUNNING,9.74,89.78,34.46,34.97,35.0,08:00,17:00,3.0,17:00,1,4.5,0,20.0,0.0,0.0,0.0,95.0,0.0,20.0,33.31,-3.75,8410.18,1
2026-06-05 11:25:00,1780638900,11.417,4,0,UNAVOIDABLE_CURTAILMENT,28.77,964.4,0.02,13.05,94.63,50.26,144.88,25.55,RUNNING,19.54,RUNNING,34.04,RUNNING,9.76,88.88,35.31,34.04,35.0,08:00,17:00,3.0,17:00,1,4.5,0,20.0,0.0,0.0,0.0,95.0,0.0,20.0,36.0,-3.75,8406.43,1
2026-06-05 11:30:00,1780639200,11.5,4,0,UNAVOIDABLE_CURTAILMENT,28.71,938.4,0.05,12.14,92.03,50.21,142.24,25.28,RUNNING,19.51,RUNNING,34.72,RUNNING,9.83,89.34,35.11,34.72,35.0,08:00,17:00,3.0,17:00,1,4.5,0,20.0,0.0,0.0,0.0,95.0,0.0,20.0,32.9,-3.75,8402.68,1
2026-06-05 11:35:00,1780639500,11.583,4,0,UNAVOIDABLE_CURTAILMENT,28.63,927.0,0.07,11.83,91.54,47.29,138.83,25.54,RUNNING,20.44,RUNNING,35.28,RUNNING,10.13,91.39,35.67,35.28,35.0,08:00,17:00,3.0,17:00,1,4.5,0,20.0,0.0,0.0,0.0,95.0,0.0,20.0,27.44,-3.75,8398.93,1
2026-06-05 11:40:00,1780639800,11.667,4,0,UNAVOIDABLE_CURTAILMENT,29.46,957.3,0.04,11.96,93.57,49.32,142.89,24.21,RUNNING,20.38,RUNNING,35.53,RUNNING,10.26,90.38,34.46,35.53,35.0,08:00,17:00,3.0,17:00,1,4.5,0,20.0,0.0,0.0,0.0,95.0,0.0,20.0,32.51,-3.75,8395.18,1
2026-06-05 11:45:00,1780640100,11.75,4,0,UNAVOIDABLE_CURTAILMENT,29.17,974.1,0.02,11.59,95.7,43.45,139.15,25.78,RUNNING,19.77,RUNNING,34.38,RUNNING,10.1,90.04,35.88,34.38,35.0,08:00,17:00,3.0,17:00,1,4.5,0,20.0,0.0,0.0,0.0,95.0,0.0,20.0,29.11,-3.75,8391.43,1
2026-06-05 11:50:00,1780640400,11.833,4,0,UNAVOIDABLE_CURTAILMENT,29.18,910.9,0.09,12.69,89.9,49.73,139.63,24.47,RUNNING,19.88,RUNNING,34.22,RUNNING,9.9,88.46,34.36,34.22,35.0,08:00,17:00,3.0,17:00,1,4.5,0,20.0,0.0,0.0,0.0,95.0,0.0,20.0,31.17,-3.75,8387.68,1
2026-06-05 11:55:00,1780640700,11.917,4,0,UNAVOIDABLE_CURTAILMENT,29.58,980.8,0.02,11.72,96.33,45.53,141.85,25.7,RUNNING,19.47,RUNNING,34.43,RUNNING,9.91,89.51,35.62,34.43,35.0,08:00,17:00,3.0,17:00,1,4.5,0,20.0,0.0,0.0,0.0,95.0,0.0,20.0,32.34,-3.75,8383.93,1
2026-06-05 12:00:00,1780641000,12.0,4,0,UNAVOIDABLE_CURTAILMENT,29.4,959.8,0.04,11.87,94.18,47.88,142.06,24.93,RUNNING,3.0,STANDBY,0.0,OFF,9.74,37.67,34.67,0.0,35.0,08:00,17:00,3.0,17:00,1,4.5,0,20.0,0.0,0.0,0.0,95.0,0.0,20.0,84.39,-3.75,8380.18,1
2026-06-05 12:05:00,1780641300,12.083,4,0,UNAVOIDABLE_CURTAILMENT,30.03,934.8,0.06,11.93,91.16,48.8,139.97,24.55,RUNNING,3.0,STANDBY,0.0,OFF,9.88,37.43,34.43,0.0,35.0,08:00,17:00,3.0,17:00,1,4.5,0,20.0,0.0,0.0,0.0,95.0,0.0,20.0,82.54,-3.75,8376.43,1
2026-06-05 12:10:00,1780641600,12.167,4,0,UNAVOIDABLE_CURTAILMENT,29.98,900.8,0.1,11.47,88.33,41.7,130.02,25.78,RUNNING,3.0,STANDBY,0.0,OFF,10.21,39.0,36.0,0.0,35.0,08:00,17:00,3.0,17:00,1,4.5,0,20.0,0.0,0.0,0.0,95.0,0.0,20.0,71.02,-3.75,8372.68,1
2026-06-05 12:15:00,1780641900,12.25,4,0,UNAVOIDABLE_CURTAILMENT,29.75,902.2,0.1,12.24,88.98,50.16,139.14,25.28,RUNNING,3.0,STANDBY,0.0,OFF,10.28,38.57,35.57,0.0,35.0,08:00,17:00,3.0,17:00,1,4.5,0,20.0,0.0,0.0,0.0,95.0,0.0,20.0,80.57,-3.75,8368.93,1
2026-06-05 12:20:00,1780642200,12.333,4,0,UNAVOIDABLE_CURTAILMENT,30.28,963.1,0.03,12.26,94.66,49.85,144.51,25.56,RUNNING,3.0,STANDBY,0.0,OFF,9.99,38.55,35.55,0.0,35.0,08:00,17:00,3.0,17:00,1,4.5,0,20.0,0.0,0.0,0.0,95.0,0.0,20.0,85.96,-3.75,8365.18,1
2026-06-05 12:25:00,1780642500,12.417,4,0,UNAVOIDABLE_CURTAILMENT,30.11,933.6,0.06,12.15,91.33,50.11,141.44,24.57,RUNNING,3.0,STANDBY,0.0,OFF,10.05,37.62,34.62,0.0,35.0,08:00,17:00,3.0,17:00,1,4.5,0,20.0,0.0,0.0,0.0,95.0,0.0,20.0,83.82,-3.75,8361.43,1
2026-06-05 12:30:00,1780642800,12.5,4,0,UNAVOIDABLE_CURTAILMENT,30.74,968.4,0.02,12.17,95.01,49.85,144.86,25.38,RUNNING,3.0,STANDBY,0.0,OFF,10.15,38.54,35.54,0.0,35.0,08:00,17:00,3.0,17:00,1,4.5,0,20.0,0.0,0.0,0.0,95.0,0.0,20.0,86.32,-3.75,8357.68,1
2026-06-05 12:35:00,1780643100,12.583,4,0,UNAVOIDABLE_CURTAILMENT,30.55,982.4,0.01,11.75,95.86,45.93,141.79,24.44,RUNNING,3.0,STANDBY,0.0,OFF,9.82,37.27,34.27,0.0,35.0,08:00,17:00,3.0,17:00,1,4.5,0,20.0,0.0,0.0,0.0,95.0,0.0,20.0,84.52,-3.75,8353.93,1
2026-06-05 12:40:00,1780643400,12.667,4,0,UNAVOIDABLE_CURTAILMENT,30.18,893.9,0.09,12.07,87.98,50.19,138.17,24.73,RUNNING,3.0,STANDBY,0.0,OFF,9.87,37.59,34.59,0.0,35.0,08:00,17:00,3.0,17:00,1,4.5,0,20.0,0.0,0.0,0.0,95.0,0.0,20.0,80.58,-3.75,8350.18,1
2026-06-05 12:45:00,1780643700,12.75,4,0,UNAVOIDABLE_CURTAILMENT,30.77,906.2,0.08,11.91,89.01,48.56,137.57,25.24,RUNNING,3.0,STANDBY,0.0,OFF,9.87,38.11,35.11,0.0,35.0,08:00,17:00,3.0,17:00,1,4.5,0,20.0,0.0,0.0,0.0,95.0,0.0,20.0,79.46,-3.75,8346.43,1
2026-06-05 12:50:00,1780644000,12.833,4,0,UNAVOIDABLE_CURTAILMENT,30.37,893.6,0.08,11.57,87.19,43.22,130.4,25.06,RUNNING,3.0,STANDBY,0.0,OFF,10.24,38.31,35.31,0.0,35.0,08:00,17:00,3.0,17:00,1,4.5,0,20.0,0.0,0.0,0.0,95.0,0.0,20.0,72.09,-3.75,8342.68,1
2026-06-05 12:55:00,1780644300,12.917,4,0,UNAVOIDABLE_CURTAILMENT,30.97,947.2,0.02,12.11,92.68,50.09,142.77,24.81,RUNNING,3.0,STANDBY,0.0,OFF,9.89,37.7,34.7,0.0,35.0,08:00,17:00,3.0,17:00,1,4.5,0,20.0,0.0,0.0,0.0,95.0,0.0,20.0,85.07,-3.75,8338.93,1
2026-06-05 13:00:00,1780644600,13.0,4,0,UNAVOIDABLE_CURTAILMENT,30.88,965.3,0.0,12.36,93.83,49.75,143.59,25.21,RUNNING,19.5,RUNNING,0.0,OFF,9.82,54.54,35.04,0.0,35.0,08:00,17:00,3.0,17:00,1,4.5,0,20.0,0.0,0.0,0.0,95.0,0.0,20.0,69.05,-3.75,8335.18,1
2026-06-05 13:05:00,1780644900,13.083,4,0,UNAVOIDABLE_CURTAILMENT,30.69,903.2,0.06,12.26,88.69,49.79,138.48,24.33,RUNNING,20.31,RUNNING,0.0,OFF,9.89,54.53,34.21,0.0,35.0,08:00,17:00,3.0,17:00,1,4.5,0,20.0,0.0,0.0,0.0,95.0,0.0,20.0,63.95,-3.75,8331.43,1
2026-06-05 13:10:00,1780645200,13.167,4,0,UNAVOIDABLE_CURTAILMENT,31.27,930.4,0.02,11.17,90.45,37.42,127.87,24.66,RUNNING,19.93,RUNNING,0.0,OFF,10.08,54.67,34.74,0.0,35.0,08:00,17:00,3.0,17:00,1,4.5,0,20.0,0.0,0.0,0.0,95.0,0.0,20.0,53.2,-3.75,8327.68,1
2026-06-05 13:15:00,1780645500,13.25,4,0,UNAVOIDABLE_CURTAILMENT,30.99,872.9,0.08,10.98,85.67,34.81,120.48,24.84,RUNNING,19.53,RUNNING,0.0,OFF,9.96,54.34,34.8,0.0,35.0,08:00,17:00,3.0,17:00,1,4.5,0,20.0,0.0,0.0,0.0,95.0,0.0,20.0,46.14,-3.75,8323.93,1
2026-06-05 13:20:00,1780645800,13.333,4,0,UNAVOIDABLE_CURTAILMENT,31.25,870.6,0.07,12.02,85.2,50.23,135.44,24.23,RUNNING,19.83,RUNNING,0.0,OFF,10.21,54.28,34.44,0.0,35.0,08:00,17:00,3.0,17:00,1,4.5,0,20.0,0.0,0.0,0.0,95.0,0.0,20.0,61.16,-3.75,8320.18,1
2026-06-05 13:25:00,1780646100,13.417,4,0,UNAVOIDABLE_CURTAILMENT,31.53,846.1,0.09,11.72,82.05,45.43,127.49,25.36,RUNNING,19.66,RUNNING,0.0,OFF,9.98,55.0,35.34,0.0,35.0,08:00,17:00,3.0,17:00,1,4.5,0,20.0,0.0,0.0,0.0,95.0,0.0,20.0,52.49,-3.75,8316.43,1
2026-06-05 13:30:00,1780646400,13.5,4,0,UNAVOIDABLE_CURTAILMENT,31.35,889.2,0.04,11.69,86.23,45.03,131.27,24.42,RUNNING,19.96,RUNNING,0.0,OFF,9.79,54.17,34.21,0.0,35.0,08:00,17:00,3.0,17:00,1,4.5,0,20.0,0.0,0.0,0.0,95.0,0.0,20.0,57.1,-3.75,8312.68,1
2026-06-05 13:35:00,1780646700,13.583,4,0,UNAVOIDABLE_CURTAILMENT,31.21,914.1,0.0,11.48,89.37,41.82,131.18,24.99,RUNNING,20.6,RUNNING,0.0,OFF,10.26,55.85,35.25,0.0,35.0,08:00,17:00,3.0,17:00,1,4.5,0,20.0,0.0,0.0,0.0,95.0,0.0,20.0,55.33,-3.75,8308.93,1
2026-06-05 13:40:00,1780647000,13.667,4,0,UNAVOIDABLE_CURTAILMENT,31.89,872.5,0.04,11.42,84.98,40.9,125.89,25.14,RUNNING,19.87,RUNNING,0.0,OFF,9.72,54.74,34.86,0.0,35.0,08:00,17:00,3.0,17:00,1,4.5,0,20.0,0.0,0.0,0.0,95.0,0.0,20.0,51.15,-3.75,8305.18,1
2026-06-05 13:45:00,1780647300,13.75,4,0,UNAVOIDABLE_CURTAILMENT,31.91,862.4,0.04,11.49,83.55,42.03,125.58,24.9,RUNNING,19.66,RUNNING,0.0,OFF,10.25,54.8,35.15,0.0,35.0,08:00,17:00,3.0,17:00,1,4.5,0,20.0,0.0,0.0,0.0,95.0,0.0,20.0,50.78,-3.75,8301.43,1
2026-06-05 13:50:00,1780647600,13.833,4,0,UNAVOIDABLE_CURTAILMENT,31.81,841.8,0.05,11.33,82.08,39.57,121.65,25.31,RUNNING,20.21,RUNNING,0.0,OFF,10.26,55.78,35.57,0.0,35.0,08:00,17:00,3.0,17:00,1,4.5,0,20.0,0.0,0.0,0.0,95.0,0.0,20.0,45.87,-3.75,8297.68,1
2026-06-05 13:55:00,1780647900,13.917,4,0,UNAVOIDABLE_CURTAILMENT,31.87,855.5,0.02,10.55,83.51,29.54,113.05,25.21,RUNNING,20.25,RUNNING,0.0,OFF,10.12,55.58,35.33,0.0,35.0,08:00,17:00,3.0,17:00,1,4.5,0,20.0,0.0,0.0,0.0,95.0,0.0,20.0,37.47,-3.75,8293.93,1
2026-06-05 14:00:00,1780648200,14.0,4,0,UNAVOIDABLE_CURTAILMENT,31.84,843.4,0.03,11.18,82.21,37.52,119.74,24.61,RUNNING,20.14,RUNNING,0.0,OFF,10.27,55.02,34.88,0.0,35.0,08:00,17:00,3.0,17:00,1,7.5,1,20.0,0.0,0.0,0.0,95.0,0.0,20.0,44.72,-6.25,8287.68,1
2026-06-05 14:05:00,1780648500,14.083,4,0,UNAVOIDABLE_CURTAILMENT,32.04,853.9,0.0,11.64,83.12,44.18,127.3,25.67,RUNNING,19.86,RUNNING,0.0,OFF,10.05,55.58,35.72,0.0,35.0,08:00,17:00,3.0,17:00,1,7.5,1,20.0,0.0,0.0,0.0,95.0,0.0,20.0,51.72,-6.25,8281.43,1
2026-06-05 14:10:00,1780648800,14.167,4,0,UNAVOIDABLE_CURTAILMENT,32.13,799.7,0.05,10.66,77.61,30.78,108.39,25.53,RUNNING,19.65,RUNNING,0.0,OFF,9.88,55.06,35.41,0.0,35.0,08:00,17:00,3.0,17:00,1,7.5,1,20.0,0.0,0.0,0.0,95.0,0.0,20.0,33.33,-6.25,8275.18,1
2026-06-05 14:15:00,1780649100,14.25,4,0,UNAVOIDABLE_CURTAILMENT,32.22,776.7,0.07,10.92,75.24,34.05,109.29,24.86,RUNNING,20.53,RUNNING,0.0,OFF,10.14,55.52,35.0,0.0,35.0,08:00,17:00,3.0,17:00,1,7.5,1,20.0,0.0,0.0,0.0,95.0,0.0,20.0,33.77,-6.25,8268.93,1
2026-06-05 14:20:00,1780649400,14.333,4,0,UNAVOIDABLE_CURTAILMENT,31.55,767.0,0.06,11.5,74.54,42.11,116.65,24.43,RUNNING,20.35,RUNNING,0.0,OFF,10.26,55.03,34.69,0.0,35.0,08:00,17:00,3.0,17:00,1,7.5,1,20.0,0.0,0.0,0.0,95.0,0.0,20.0,41.62,-6.25,8262.68,1
2026-06-05 14:25:00,1780649700,14.417,4,0,UNAVOIDABLE_CURTAILMENT,31.83,781.6,0.03,11.79,76.34,46.52,122.86,24.2,RUNNING,19.4,RUNNING,0.0,OFF,10.12,53.72,34.32,0.0,35.0,08:00,17:00,3.0,17:00,1,7.5,1,20.0,0.0,0.0,0.0,95.0,0.0,20.0,49.14,-6.25,8256.43,1
2026-06-05 14:30:00,1780650000,14.5,4,0,UNAVOIDABLE_CURTAILMENT,31.95,741.4,0.07,11.33,71.75,39.64,111.39,24.8,RUNNING,20.29,RUNNING,0.0,OFF,9.82,54.9,34.62,0.0,35.0,08:00,17:00,3.0,17:00,1,7.5,1,20.0,0.0,0.0,0.0,95.0,0.0,20.0,36.49,-6.25,8250.18,1
2026-06-05 14:35:00,1780650300,14.583,4,0,UNAVOIDABLE_CURTAILMENT,31.7,705.9,0.09,10.83,69.01,32.89,101.9,24.5,RUNNING,19.38,RUNNING,0.0,OFF,9.81,53.69,34.31,0.0,35.0,08:00,17:00,3.0,17:00,1,7.5,1,20.0,0.0,0.0,0.0,95.0,0.0,20.0,28.21,-6.25,8243.93,1
2026-06-05 14:40:00,1780650600,14.667,4,0,UNAVOIDABLE_CURTAILMENT,32.18,746.2,0.03,11.5,72.38,42.1,114.49,25.2,RUNNING,20.17,RUNNING,0.0,OFF,10.22,55.6,35.42,0.0,35.0,08:00,17:00,3.0,17:00,1,7.5,1,20.0,0.0,0.0,0.0,95.0,0.0,20.0,38.89,-6.25,8237.68,1
2026-06-05 14:45:00,1780650900,14.75,4,0,UNAVOIDABLE_CURTAILMENT,31.72,729.8,0.03,10.61,70.8,30.2,101.0,24.75,RUNNING,20.12,RUNNING,0.0,OFF,9.99,54.85,34.73,0.0,35.0,08:00,17:00,3.0,17:00,1,7.5,1,20.0,0.0,0.0,0.0,95.0,0.0,20.0,26.15,-6.25,8231.43,1
2026-06-05 14:50:00,1780651200,14.833,4,0,UNAVOIDABLE_CURTAILMENT,32.13,729.8,0.01,10.05,71.15,24.03,95.18,24.21,RUNNING,20.12,RUNNING,0.0,OFF,10.29,54.62,34.5,0.0,35.0,08:00,17:00,3.0,17:00,1,7.5,1,20.0,0.0,0.0,0.0,95.0,0.0,20.0,20.56,-6.25,8225.18,1
2026-06-05 14:55:00,1780651500,14.917,4,0,UNAVOIDABLE_CURTAILMENT,31.68,684.6,0.05,9.91,66.74,22.64,89.38,25.78,RUNNING,20.37,RUNNING,0.0,OFF,10.26,56.4,36.04,0.0,35.0,08:00,17:00,3.0,17:00,1,7.5,1,20.0,0.0,0.0,0.0,95.0,0.0,20.0,12.98,-6.25,8218.93,1
2026-06-05 15:00:00,1780651800,15.0,4,0,UNAVOIDABLE_CURTAILMENT,31.98,683.3,0.03,10.53,66.29,29.33,95.62,25.62,RUNNING,20.7,RUNNING,0.0,OFF,10.19,56.51,35.81,0.0,35.0,08:00,17:00,3.0,17:00,1,7.5,1,20.0,0.0,0.0,0.0,95.0,0.0,20.0,19.11,-6.25,8212.68,1
2026-06-05 15:05:00,1780652100,15.083,4,0,UNAVOIDABLE_CURTAILMENT,32.35,645.5,0.07,10.4,62.21,27.79,90.0,24.77,RUNNING,19.76,RUNNING,0.0,OFF,9.76,54.29,34.53,0.0,35.0,08:00,17:00,3.0,17:00,1,7.5,1,20.0,0.0,0.0,0.0,95.0,0.0,20.0,15.71,-6.25,8206.43,1
2026-06-05 15:10:00,1780652400,15.167,4,0,UNAVOIDABLE_CURTAILMENT,31.96,628.4,0.07,10.9,61.48,33.83,95.32,24.42,RUNNING,20.14,RUNNING,0.0,OFF,10.22,54.79,34.64,0.0,35.0,08:00,17:00,3.0,17:00,1,7.5,1,20.0,0.0,0.0,0.0,95.0,0.0,20.0,20.53,-6.25,8200.18,1
2026-06-05 15:15:00,1780652700,15.25,4,0,UNAVOIDABLE_CURTAILMENT,31.81,613.2,0.07,10.99,59.52,35.01,94.53,25.19,RUNNING,20.22,RUNNING,0.0,OFF,9.99,55.4,35.17,0.0,35.0,08:00,17:00,3.0,17:00,1,7.5,1,20.0,0.0,0.0,0.0,95.0,0.0,20.0,19.13,-6.25,8193.93,1
2026-06-05 15:20:00,1780653000,15.333,4,0,UNAVOIDABLE_CURTAILMENT,31.9,630.7,0.02,11.21,61.79,37.98,99.77,25.5,RUNNING,19.32,RUNNING,0.0,OFF,9.92,54.74,35.42,0.0,35.0,08:00,17:00,3.0,17:00,1,7.5,1,20.0,0.0,0.0,0.0,95.0,0.0,20.0,25.03,-6.25,8187.68,1
2026-06-05 15:25:00,1780653300,15.417,4,0,UNAVOIDABLE_CURTAILMENT,31.59,575.4,0.08,10.1,55.97,24.56,80.53,25.17,RUNNING,19.86,RUNNING,0.0,OFF,10.07,55.1,35.24,0.0,35.0,08:00,17:00,3.0,17:00,1,7.5,1,20.0,0.0,0.0,0.0,95.0,0.0,20.0,5.43,-6.25,8181.43,1
2026-06-05 15:30:00,1780653600,15.5,4,0,UNAVOIDABLE_CURTAILMENT,31.6,582.7,0.04,11.02,57.16,35.34,92.5,25.78,RUNNING,20.5,RUNNING,0.0,OFF,10.24,56.52,36.02,0.0,35.0,08:00,17:00,3.0,17:00,1,7.5,1,20.0,0.0,0.0,0.0,95.0,0.0,20.0,15.98,-6.25,8175.18,1
2026-06-05 15:35:00,1780653900,15.583,4,0,UNAVOIDABLE_CURTAILMENT,32.09,573.9,0.03,9.78,55.41,21.42,76.82,25.03,RUNNING,20.1,RUNNING,0.0,OFF,10.21,55.35,35.25,0.0,35.0,08:00,17:00,3.0,17:00,1,7.5,1,20.0,0.0,0.0,0.0,95.0,0.0,20.0,1.47,-6.25,8168.93,1
2026-06-05 15:40:00,1780654200,15.667,4,0,UNAVOIDABLE_CURTAILMENT,31.88,566.2,0.01,10.69,54.87,31.22,86.09,25.28,RUNNING,20.07,RUNNING,0.0,OFF,10.22,55.57,35.5,0.0,35.0,08:00,17:00,3.0,17:00,1,7.5,1,20.0,0.0,0.0,0.0,95.0,0.0,20.0,10.52,-6.25,8162.68,1
2026-06-05 15:45:00,1780654500,15.75,4,0,GRID_EXPORT,31.58,530.8,0.04,9.55,51.84,19.26,71.1,24.59,RUNNING,19.6,RUNNING,0.0,OFF,10.15,54.33,34.74,0.0,35.0,08:00,17:00,3.0,17:00,1,7.5,1,20.0,0.0,0.0,0.0,95.0,0.0,16.77,0.0,-5.2406,8157.44,1
2026-06-05 15:50:00,1780654800,15.833,4,0,UNAVOIDABLE_CURTAILMENT,31.94,532.5,0.01,10.0,51.99,23.57,75.56,24.46,RUNNING,20.6,RUNNING,0.0,OFF,10.24,55.3,34.7,0.0,35.0,08:00,17:00,3.0,17:00,1,7.5,1,20.0,0.0,0.0,0.0,95.0,0.0,20.0,0.26,-6.25,8151.19,1
2026-06-05 15:55:00,1780655100,15.917,4,0,GRID_EXPORT,31.98,507.3,0.02,9.67,49.29,20.32,69.62,25.64,RUNNING,19.47,RUNNING,0.0,OFF,9.78,54.89,35.42,0.0,35.0,08:00,17:00,3.0,17:00,1,7.5,1,20.0,0.0,0.0,0.0,95.0,0.0,14.73,0.0,-4.6031,8146.59,1
2026-06-05 16:00:00,1780655400,16.0,4,0,GRID_EXPORT,31.76,463.7,0.07,9.34,45.31,17.52,62.83,25.6,RUNNING,20.6,RUNNING,0.0,OFF,10.16,56.36,35.75,0.0,35.0,08:00,17:00,3.0,17:00,1,7.5,1,20.0,0.0,0.0,0.0,95.0,0.0,6.47,0.0,-2.0219,8144.57,1
2026-06-05 16:05:00,1780655700,16.083,4,0,GRID_EXPORT,31.76,450.0,0.06,9.75,44.0,21.08,65.08,25.38,RUNNING,19.83,RUNNING,0.0,OFF,10.09,55.3,35.46,0.0,35.0,08:00,17:00,3.0,17:00,1,7.5,1,20.0,0.0,0.0,0.0,95.0,0.0,9.78,0.0,-3.0563,8141.51,1
2026-06-05 16:10:00,1780656000,16.167,4,0,GRID_EXPORT,31.68,422.2,0.09,10.38,40.82,27.62,68.44,24.39,RUNNING,19.42,RUNNING,0.0,OFF,9.75,53.56,34.14,0.0,35.0,08:00,17:00,3.0,17:00,1,7.5,1,20.0,0.0,0.0,0.0,95.0,0.0,14.88,0.0,-4.65,8136.86,1
2026-06-05 16:15:00,1780656300,16.25,4,0,GRID_EXPORT,31.77,400.8,0.09,10.23,38.61,25.9,64.51,24.79,RUNNING,20.49,RUNNING,0.0,OFF,10.27,55.56,35.06,0.0,35.0,08:00,17:00,3.0,17:00,1,7.5,1,20.0,0.0,0.0,0.0,95.0,0.0,8.95,0.0,-2.7969,8134.06,1
2026-06-05 16:20:00,1780656600,16.333,4,0,GRID_EXPORT,31.58,422.5,0.0,9.08,41.18,15.42,56.6,25.56,RUNNING,20.67,RUNNING,0.0,OFF,9.89,56.12,35.45,0.0,35.0,08:00,17:00,3.0,17:00,1,7.5,1,20.0,0.0,0.0,0.0,95.0,0.0,0.48,0.0,-0.15,8133.91,1
2026-06-05 16:25:00,1780656900,16.417,4,0,GRID_EXPORT,31.35,375.4,0.07,10.2,36.61,25.62,62.23,25.16,RUNNING,19.61,RUNNING,0.0,OFF,9.94,54.71,35.1,0.0,35.0,08:00,17:00,3.0,17:00,1,7.5,1,20.0,0.0,0.0,0.0,95.0,0.0,7.52,0.0,-2.35,8131.56,1
2026-06-05 16:30:00,1780657200,16.5,4,0,NORMAL_OPERATION,31.42,365.1,0.05,9.11,36.01,15.61,51.62,25.54,RUNNING,20.0,RUNNING,0.0,OFF,9.97,55.51,35.51,0.0,35.0,08:00,17:00,3.0,17:00,1,7.5,1,20.0,-3.89,0.0,3.89,94.83,0.0,0.0,0.0,0.0,8131.56,1
2026-06-05 16:35:00,1780657500,16.583,4,0,BATTERY_CHARGING,31.4,357.2,0.01,9.88,35.1,22.38,57.48,25.32,RUNNING,20.14,RUNNING,0.0,OFF,9.89,55.35,35.21,0.0,35.0,08:00,17:00,3.0,17:00,1,7.5,1,20.0,2.13,2.13,0.0,94.91,0.0,0.0,0.0,0.0,8131.56,1
2026-06-05 16:40:00,1780657800,16.667,4,0,GRID_EXPORT,31.64,337.8,0.01,10.36,33.09,27.35,60.44,24.97,RUNNING,20.46,RUNNING,0.0,OFF,10.0,55.42,34.96,0.0,35.0,08:00,17:00,3.0,17:00,1,7.5,1,20.0,2.18,2.18,0.0,95.0,0.0,2.84,0.0,-0.8874,8130.68,1
2026-06-05 16:45:00,1780658100,16.75,4,0,GRID_EXPORT,31.34,309.3,0.04,10.28,29.98,26.49,56.47,25.52,RUNNING,19.59,RUNNING,0.0,OFF,10.14,55.26,35.66,0.0,35.0,08:00,17:00,3.0,17:00,1,7.5,1,20.0,0.0,0.0,0.0,95.0,0.0,1.21,0.0,-0.3781,8130.3,1
2026-06-05 16:50:00,1780658400,16.833,4,0,NORMAL_OPERATION,31.34,279.6,0.07,8.74,27.62,12.99,40.61,24.49,RUNNING,19.98,RUNNING,0.0,OFF,9.94,54.4,34.42,0.0,35.0,08:00,17:00,3.0,17:00,1,7.5,1,20.0,-13.79,0.0,13.79,94.4,0.0,0.0,0.0,0.0,8130.3,1
2026-06-05 16:55:00,1780658700,16.917,4,0,NORMAL_OPERATION,31.4,261.4,0.07,9.96,25.96,23.16,49.12,25.08,RUNNING,19.77,RUNNING,0.0,OFF,10.11,54.96,35.18,0.0,35.0,08:00,17:00,3.0,17:00,1,7.5,1,20.0,-5.84,0.0,5.84,94.14,0.0,0.0,0.0,0.0,8130.3,1
2026-06-05 17:00:00,1780659000,17.0,4,0,BATTERY_CHARGING,31.32,239.2,0.08,9.18,23.34,16.18,39.52,24.65,RUNNING,0.0,OFF,0.0,OFF,10.12,34.77,34.77,0.0,35.0,08:00,17:00,3.0,17:00,1,7.5,1,20.0,4.75,4.75,0.0,94.33,0.0,0.0,0.0,0.0,8130.3,1
2026-06-05 17:05:00,1780659300,17.083,4,0,BATTERY_CHARGING,30.6,217.3,0.09,9.13,20.88,15.8,36.68,25.4,RUNNING,0.0,OFF,0.0,OFF,10.05,35.45,35.45,0.0,35.0,08:00,17:00,3.0,17:00,1,7.5,1,20.0,1.23,1.23,0.0,94.38,0.0,0.0,0.0,0.0,8130.3,1
2026-06-05 17:10:00,1780659600,17.167,4,0,BATTERY_CHARGING,30.99,198.0,0.08,9.58,19.29,19.57,38.86,24.46,RUNNING,0.0,OFF,0.0,OFF,9.78,34.24,34.24,0.0,35.0,08:00,17:00,3.0,17:00,1,7.5,1,20.0,4.62,4.62,0.0,94.56,0.0,0.0,0.0,0.0,8130.3,1
2026-06-05 17:15:00,1780659900,17.25,4,0,NORMAL_OPERATION,30.81,189.4,0.03,8.63,18.22,12.23,30.45,25.4,RUNNING,0.0,OFF,0.0,OFF,10.14,35.54,35.54,0.0,35.0,08:00,17:00,3.0,17:00,1,7.5,1,20.0,-5.09,0.0,5.09,94.34,0.0,0.0,0.0,0.0,8130.3,1
2026-06-05 17:20:00,1780660200,17.333,4,0,NORMAL_OPERATION,30.16,161.0,0.07,9.27,15.95,16.87,32.82,25.78,RUNNING,0.0,OFF,0.0,OFF,9.79,35.57,35.57,0.0,35.0,08:00,17:00,3.0,17:00,1,7.5,1,20.0,-2.75,0.0,2.75,94.21,0.0,0.0,0.0,0.0,8130.3,1
2026-06-05 17:25:00,1780660500,17.417,4,0,BATTERY_CHARGING,30.81,145.6,0.04,9.64,14.65,20.08,34.73,24.35,RUNNING,0.0,OFF,0.0,OFF,10.28,34.64,34.64,0.0,35.0,08:00,17:00,3.0,17:00,1,7.5,1,20.0,0.09,0.09,0.0,94.22,0.0,0.0,0.0,0.0,8130.3,1
2026-06-05 17:30:00,1780660800,17.5,4,0,NORMAL_OPERATION,30.09,129.8,0.01,9.81,12.87,21.68,34.55,25.15,RUNNING,0.0,OFF,0.0,OFF,10.28,35.43,35.43,0.0,35.0,08:00,17:00,3.0,17:00,1,7.5,1,20.0,-0.88,0.0,0.88,94.18,0.0,0.0,0.0,0.0,8130.3,1
2026-06-05 17:35:00,1780661100,17.583,4,0,NORMAL_OPERATION,30.34,104.5,0.04,8.25,9.96,9.91,19.88,24.98,RUNNING,0.0,OFF,0.0,OFF,10.11,35.09,35.09,0.0,35.0,08:00,17:00,3.0,17:00,1,7.5,1,20.0,-15.21,0.0,15.21,93.51,0.0,0.0,0.0,0.0,8130.3,1
2026-06-05 17:40:00,1780661400,17.667,4,0,NORMAL_OPERATION,30.49,81.5,0.07,8.74,8.16,13.0,21.16,25.47,RUNNING,0.0,OFF,0.0,OFF,10.1,35.57,35.57,0.0,35.0,08:00,17:00,3.0,17:00,1,7.5,1,20.0,-14.41,0.0,14.41,92.88,0.0,0.0,0.0,0.0,8130.3,1
2026-06-05 17:45:00,1780661700,17.75,4,0,NORMAL_OPERATION,30.24,59.7,0.09,9.13,5.62,15.84,21.46,25.25,RUNNING,0.0,OFF,0.0,OFF,9.92,35.17,35.17,0.0,35.0,08:00,17:00,3.0,17:00,1,7.5,1,20.0,-13.71,0.0,13.71,92.28,0.0,0.0,0.0,0.0,8130.3,1
2026-06-05 17:50:00,1780662000,17.833,4,0,NORMAL_OPERATION,29.59,43.3,0.01,8.83,4.42,13.58,17.99,25.02,RUNNING,0.0,OFF,0.0,OFF,9.71,34.73,34.73,0.0,35.0,08:00,17:00,3.0,17:00,1,7.5,1,20.0,-16.74,0.0,16.74,91.55,0.0,0.0,0.0,0.0,8130.3,1
2026-06-05 17:55:00,1780662300,17.917,4,0,NORMAL_OPERATION,29.84,20.6,0.06,8.44,2.26,11.01,13.28,25.47,RUNNING,0.0,OFF,0.0,OFF,9.81,35.28,35.28,0.0,35.0,08:00,17:00,3.0,17:00,1,7.5,1,20.0,-22.0,0.0,22.0,90.58,0.0,0.0,0.0,0.0,8130.3,1
2026-06-05 18:00:00,1780662600,18.0,4,0,NORMAL_OPERATION,29.64,0.0,0.06,8.64,0.07,12.33,12.4,24.36,RUNNING,0.0,OFF,0.0,OFF,9.74,34.1,34.1,0.0,35.0,08:00,17:00,3.0,17:00,1,7.5,1,20.0,-21.7,0.0,21.7,89.63,0.0,0.0,0.0,0.0,8130.3,1
2026-06-05 18:05:00,1780662900,18.083,4,0,NORMAL_OPERATION,29.86,0.0,0.08,8.2,0.0,9.64,9.64,25.5,RUNNING,0.0,OFF,0.0,OFF,9.71,35.21,35.21,0.0,35.0,08:00,17:00,3.0,17:00,1,7.5,1,20.0,-25.57,0.0,25.57,88.51,0.0,0.0,0.0,0.0,8130.3,1
2026-06-05 18:10:00,1780663200,18.167,4,0,NORMAL_OPERATION,29.45,0.0,0.05,9.16,0.0,16.0,16.0,24.98,RUNNING,0.0,OFF,0.0,OFF,10.01,34.99,34.99,0.0,35.0,08:00,17:00,3.0,17:00,1,7.5,1,20.0,-18.99,0.0,18.99,87.67,0.0,0.0,0.0,0.0,8130.3,1
2026-06-05 18:15:00,1780663500,18.25,4,0,NORMAL_OPERATION,29.34,0.0,0.07,9.08,0.0,15.38,15.38,24.4,RUNNING,0.0,OFF,0.0,OFF,10.15,34.55,34.55,0.0,35.0,08:00,17:00,3.0,17:00,1,7.5,1,20.0,-19.17,0.0,19.17,86.83,0.0,0.0,0.0,0.0,8130.3,1
2026-06-05 18:20:00,1780663800,18.333,4,0,NORMAL_OPERATION,29.51,0.0,0.09,8.06,0.0,8.86,8.86,25.16,RUNNING,0.0,OFF,0.0,OFF,9.81,34.97,34.97,0.0,35.0,08:00,17:00,3.0,17:00,1,7.5,1,20.0,-26.11,0.0,26.11,85.69,0.0,0.0,0.0,0.0,8130.3,1
2026-06-05 18:25:00,1780664100,18.417,4,0,NORMAL_OPERATION,29.05,0.0,0.08,7.92,0.0,8.16,8.16,24.41,RUNNING,0.0,OFF,0.0,OFF,9.82,34.23,34.23,0.0,35.0,08:00,17:00,3.0,17:00,1,7.5,1,20.0,-26.07,0.0,26.07,84.54,0.0,0.0,0.0,0.0,8130.3,1
2026-06-05 18:30:00,1780664400,18.5,4,0,NORMAL_OPERATION,28.6,0.0,0.06,9.04,0.0,15.12,15.12,24.26,RUNNING,0.0,OFF,0.0,OFF,10.29,34.54,34.54,0.0,35.0,08:00,17:00,3.0,17:00,1,7.5,1,20.0,-19.42,0.0,19.42,83.69,0.0,0.0,0.0,0.0,8130.3,1
2026-06-05 18:35:00,1780664700,18.583,4,0,NORMAL_OPERATION,28.74,0.0,0.04,8.51,0.0,11.45,11.45,24.88,RUNNING,0.0,OFF,0.0,OFF,10.27,35.14,35.14,0.0,35.0,08:00,17:00,3.0,17:00,1,7.5,1,20.0,-23.69,0.0,23.69,82.65,0.0,0.0,0.0,0.0,8130.3,1
2026-06-05 18:40:00,1780665000,18.667,4,0,NORMAL_OPERATION,28.19,0.0,0.03,9.11,0.0,15.62,15.62,25.03,RUNNING,0.0,OFF,0.0,OFF,10.17,35.2,35.2,0.0,35.0,08:00,17:00,3.0,17:00,1,7.5,1,20.0,-19.58,0.0,19.58,81.8,0.0,0.0,0.0,0.0,8130.3,1
2026-06-05 18:45:00,1780665300,18.75,4,0,NORMAL_OPERATION,28.57,0.0,0.04,8.47,0.0,11.26,11.26,25.31,RUNNING,0.0,OFF,0.0,OFF,10.01,35.33,35.33,0.0,35.0,08:00,17:00,3.0,17:00,1,7.5,1,20.0,-24.07,0.0,24.07,80.74,0.0,0.0,0.0,0.0,8130.3,1
2026-06-05 18:50:00,1780665600,18.833,4,0,NORMAL_OPERATION,28.69,0.0,0.04,8.37,0.0,10.63,10.63,24.54,RUNNING,0.0,OFF,0.0,OFF,9.76,34.3,34.3,0.0,35.0,08:00,17:00,3.0,17:00,1,7.5,1,20.0,-23.67,0.0,23.67,79.7,0.0,0.0,0.0,0.0,8130.3,1
2026-06-05 18:55:00,1780665900,18.917,4,0,NORMAL_OPERATION,28.41,0.0,0.02,7.77,0.0,7.45,7.45,24.68,RUNNING,0.0,OFF,0.0,OFF,10.2,34.88,34.88,0.0,35.0,08:00,17:00,3.0,17:00,1,7.5,1,20.0,-27.43,0.0,27.43,78.5,0.0,0.0,0.0,0.0,8130.3,1
2026-06-05 19:00:00,1780666200,19.0,4,0,NORMAL_OPERATION,28.37,0.0,0.06,7.78,0.0,7.48,7.48,24.77,RUNNING,0.0,OFF,0.0,OFF,9.78,34.55,34.55,0.0,35.0,08:00,17:00,3.0,17:00,1,7.5,1,20.0,-27.07,0.0,27.07,77.31,0.0,0.0,0.0,0.0,8130.3,1
2026-06-05 19:05:00,1780666500,19.083,4,0,NORMAL_OPERATION,27.95,0.0,0.01,7.8,0.0,7.59,7.59,24.81,RUNNING,0.0,OFF,0.0,OFF,10.24,35.05,35.05,0.0,35.0,08:00,17:00,3.0,17:00,1,7.5,1,20.0,-27.46,0.0,27.46,76.11,0.0,0.0,0.0,0.0,8130.3,1
2026-06-05 19:10:00,1780666800,19.167,4,0,NORMAL_OPERATION,27.61,0.0,0.01,7.76,0.0,7.41,7.41,24.88,RUNNING,0.0,OFF,0.0,OFF,10.12,35.0,35.0,0.0,35.0,08:00,17:00,3.0,17:00,1,7.5,1,20.0,-27.59,0.0,27.59,74.9,0.0,0.0,0.0,0.0,8130.3,1
2026-06-05 19:15:00,1780667100,19.25,4,0,NORMAL_OPERATION,27.57,0.0,0.01,8.49,0.0,11.37,11.37,25.79,RUNNING,0.0,OFF,0.0,OFF,10.12,35.91,35.91,0.0,35.0,08:00,17:00,3.0,17:00,1,7.5,1,20.0,-24.54,0.0,24.54,73.82,0.0,0.0,0.0,0.0,8130.3,1
2026-06-05 19:20:00,1780667400,19.333,4,0,NORMAL_OPERATION,27.14,0.0,0.04,8.34,0.0,10.42,10.42,25.51,RUNNING,0.0,OFF,0.0,OFF,10.06,35.58,35.58,0.0,35.0,08:00,17:00,3.0,17:00,1,7.5,1,20.0,-25.16,0.0,25.16,72.72,0.0,0.0,0.0,0.0,8130.3,1
2026-06-05 19:25:00,1780667700,19.417,4,0,NORMAL_OPERATION,27.16,0.0,0.02,8.84,0.0,13.65,13.65,24.89,RUNNING,0.0,OFF,0.0,OFF,9.72,34.61,34.61,0.0,35.0,08:00,17:00,3.0,17:00,1,7.5,1,20.0,-20.96,0.0,20.96,71.8,0.0,0.0,0.0,0.0,8130.3,1
2026-06-05 19:30:00,1780668000,19.5,4,0,NORMAL_OPERATION,27.14,0.0,0.01,7.42,0.0,5.91,5.91,24.38,RUNNING,0.0,OFF,0.0,OFF,10.03,34.41,34.41,0.0,35.0,08:00,17:00,3.0,17:00,1,7.5,1,20.0,-28.5,0.0,28.5,70.55,0.0,0.0,0.0,0.0,8130.3,1
2026-06-05 19:35:00,1780668300,19.583,4,0,NORMAL_OPERATION,26.55,0.0,0.06,7.76,0.0,7.42,7.42,24.73,RUNNING,0.0,OFF,0.0,OFF,9.86,34.6,34.6,0.0,35.0,08:00,17:00,3.0,17:00,1,7.5,1,20.0,-27.18,0.0,27.18,69.36,0.0,0.0,0.0,0.0,8130.3,1
2026-06-05 19:40:00,1780668600,19.667,4,0,NORMAL_OPERATION,27.03,0.0,0.02,7.17,0.0,4.97,4.97,24.8,RUNNING,0.0,OFF,0.0,OFF,10.28,35.08,35.08,0.0,35.0,08:00,17:00,3.0,17:00,1,7.5,1,20.0,-30.11,0.0,30.11,68.03,0.0,0.0,0.0,0.0,8130.3,1
2026-06-05 19:45:00,1780668900,19.75,4,0,NORMAL_OPERATION,26.47,0.0,0.01,8.6,0.0,12.06,12.06,24.48,RUNNING,0.0,OFF,0.0,OFF,10.14,34.62,34.62,0.0,35.0,08:00,17:00,3.0,17:00,1,7.5,1,20.0,-22.56,0.0,22.56,67.05,0.0,0.0,0.0,0.0,8130.3,1
2026-06-05 19:50:00,1780669200,19.833,4,0,NORMAL_OPERATION,26.25,0.0,0.08,7.87,0.0,7.95,7.95,25.05,RUNNING,0.0,OFF,0.0,OFF,10.12,35.17,35.17,0.0,35.0,08:00,17:00,3.0,17:00,1,7.5,1,20.0,-27.22,0.0,27.22,65.85,0.0,0.0,0.0,0.0,8130.3,1
2026-06-05 19:55:00,1780669500,19.917,4,0,NORMAL_OPERATION,26.53,0.0,0.06,8.03,0.0,8.75,8.75,25.63,RUNNING,0.0,OFF,0.0,OFF,9.8,35.44,35.44,0.0,35.0,08:00,17:00,3.0,17:00,1,7.5,1,20.0,-26.69,0.0,26.69,64.68,0.0,0.0,0.0,0.0,8130.3,1
2026-06-05 20:00:00,1780669800,20.0,4,0,NORMAL_OPERATION,26.43,0.0,0.04,7.59,0.0,6.62,6.62,25.39,RUNNING,0.0,OFF,0.0,OFF,10.28,35.67,35.67,0.0,35.0,08:00,17:00,3.0,17:00,1,4.5,0,20.0,-29.05,0.0,29.05,63.41,0.0,0.0,0.0,0.0,8130.3,1
2026-06-05 20:05:00,1780670100,20.083,4,0,NORMAL_OPERATION,25.93,0.0,0.06,8.37,0.0,10.61,10.61,24.96,RUNNING,0.0,OFF,0.0,OFF,9.78,34.74,34.74,0.0,35.0,08:00,17:00,3.0,17:00,1,4.5,0,20.0,-24.13,0.0,24.13,62.35,0.0,0.0,0.0,0.0,8130.3,1
2026-06-05 20:10:00,1780670400,20.167,4,0,NORMAL_OPERATION,25.34,0.0,0.05,7.23,0.0,5.2,5.2,24.4,RUNNING,0.0,OFF,0.0,OFF,9.93,34.33,34.33,0.0,35.0,08:00,17:00,3.0,17:00,1,4.5,0,20.0,-29.13,0.0,29.13,61.07,0.0,0.0,0.0,0.0,8130.3,1
2026-06-05 20:15:00,1780670700,20.25,4,0,NORMAL_OPERATION,25.75,0.0,0.01,8.12,0.0,9.2,9.2,25.76,RUNNING,0.0,OFF,0.0,OFF,10.12,35.88,35.88,0.0,35.0,08:00,17:00,3.0,17:00,1,4.5,0,20.0,-26.68,0.0,26.68,59.9,0.0,0.0,0.0,0.0,8130.3,1
2026-06-05 20:20:00,1780671000,20.333,4,0,NORMAL_OPERATION,25.19,0.0,0.06,8.07,0.0,8.91,8.91,24.49,RUNNING,0.0,OFF,0.0,OFF,10.29,34.78,34.78,0.0,35.0,08:00,17:00,3.0,17:00,1,4.5,0,20.0,-25.87,0.0,25.87,58.77,0.0,0.0,0.0,0.0,8130.3,1
2026-06-05 20:25:00,1780671300,20.417,4,0,NORMAL_OPERATION,25.46,0.0,0.05,7.35,0.0,5.66,5.66,24.88,RUNNING,0.0,OFF,0.0,OFF,10.27,35.15,35.15,0.0,35.0,08:00,17:00,3.0,17:00,1,4.5,0,20.0,-29.49,0.0,29.49,57.47,0.0,0.0,0.0,0.0,8130.3,1
2026-06-05 20:30:00,1780671600,20.5,4,0,NORMAL_OPERATION,25.35,0.0,0.08,7.38,0.0,5.76,5.76,25.57,RUNNING,0.0,OFF,0.0,OFF,10.27,35.84,35.84,0.0,35.0,08:00,17:00,3.0,17:00,1,4.5,0,20.0,-30.08,0.0,30.08,56.15,0.0,0.0,0.0,0.0,8130.3,1
2026-06-05 20:35:00,1780671900,20.583,4,0,NORMAL_OPERATION,24.8,0.0,0.03,7.01,0.0,4.44,4.44,24.33,RUNNING,0.0,OFF,0.0,OFF,10.14,34.47,34.47,0.0,35.0,08:00,17:00,3.0,17:00,1,4.5,0,20.0,-30.03,0.0,30.03,54.84,0.0,0.0,0.0,0.0,8130.3,1
2026-06-05 20:40:00,1780672200,20.667,4,0,NORMAL_OPERATION,25.05,0.0,0.02,6.94,0.0,4.2,4.2,25.39,RUNNING,0.0,OFF,0.0,OFF,10.03,35.42,35.42,0.0,35.0,08:00,17:00,3.0,17:00,1,4.5,0,20.0,-31.22,0.0,31.22,53.47,0.0,0.0,0.0,0.0,8130.3,1
2026-06-05 20:45:00,1780672500,20.75,4,0,NORMAL_OPERATION,24.52,0.0,0.09,8.37,0.0,10.63,10.63,24.88,RUNNING,0.0,OFF,0.0,OFF,10.01,34.88,34.88,0.0,35.0,08:00,17:00,3.0,17:00,1,4.5,0,20.0,-24.25,0.0,24.25,52.4,0.0,0.0,0.0,0.0,8130.3,1
2026-06-05 20:50:00,1780672800,20.833,4,0,NORMAL_OPERATION,24.53,0.0,0.05,7.64,0.0,6.85,6.85,25.8,RUNNING,0.0,OFF,0.0,OFF,10.23,36.03,36.03,0.0,35.0,08:00,17:00,3.0,17:00,1,4.5,0,20.0,-29.18,0.0,29.18,51.12,0.0,0.0,0.0,0.0,8130.3,1
2026-06-05 20:55:00,1780673100,20.917,4,0,NORMAL_OPERATION,24.33,0.0,0.04,7.79,0.0,7.52,7.52,25.66,RUNNING,0.0,OFF,0.0,OFF,10.15,35.8,35.8,0.0,35.0,08:00,17:00,3.0,17:00,1,4.5,0,20.0,-28.28,0.0,28.28,49.88,0.0,0.0,0.0,0.0,8130.3,1
2026-06-05 21:00:00,1780673400,21.0,4,0,NORMAL_OPERATION,24.17,0.0,0.07,7.98,0.0,8.49,8.49,24.59,RUNNING,0.0,OFF,0.0,OFF,10.14,34.73,34.73,0.0,35.0,08:00,17:00,3.0,17:00,1,4.5,0,20.0,-26.24,0.0,26.24,48.73,0.0,0.0,0.0,0.0,8130.3,1
2026-06-05 21:05:00,1780673700,21.083,4,0,NORMAL_OPERATION,24.19,0.0,0.08,8.18,0.0,9.53,9.53,25.04,RUNNING,0.0,OFF,0.0,OFF,10.07,35.11,35.11,0.0,35.0,08:00,17:00,3.0,17:00,1,4.5,0,20.0,-25.58,0.0,25.58,47.61,0.0,0.0,0.0,0.0,8130.3,1
2026-06-05 21:10:00,1780674000,21.167,4,0,NORMAL_OPERATION,23.74,0.0,0.1,7.84,0.0,7.77,7.77,25.61,RUNNING,0.0,OFF,0.0,OFF,10.01,35.63,35.63,0.0,35.0,08:00,17:00,3.0,17:00,1,4.5,0,20.0,-27.86,0.0,27.86,46.39,0.0,0.0,0.0,0.0,8130.3,1
2026-06-05 21:15:00,1780674300,21.25,4,0,NORMAL_OPERATION,23.26,0.0,0.01,8.09,0.0,9.05,9.05,25.02,RUNNING,0.0,OFF,0.0,OFF,10.27,35.29,35.29,0.0,35.0,08:00,17:00,3.0,17:00,1,4.5,0,20.0,-26.24,0.0,26.24,45.24,0.0,0.0,0.0,0.0,8130.3,1
2026-06-05 21:20:00,1780674600,21.333,4,0,NORMAL_OPERATION,23.24,0.0,0.04,7.34,0.0,5.59,5.59,24.38,RUNNING,0.0,OFF,0.0,OFF,10.25,34.63,34.63,0.0,35.0,08:00,17:00,3.0,17:00,1,4.5,0,20.0,-29.04,0.0,29.04,43.96,0.0,0.0,0.0,0.0,8130.3,1
2026-06-05 21:25:00,1780674900,21.417,4,0,NORMAL_OPERATION,22.93,0.0,0.05,7.96,0.0,8.35,8.35,24.39,RUNNING,0.0,OFF,0.0,OFF,9.88,34.27,34.27,0.0,35.0,08:00,17:00,3.0,17:00,1,4.5,0,20.0,-25.92,0.0,25.92,42.83,0.0,0.0,0.0,0.0,8130.3,1
2026-06-05 21:30:00,1780675200,21.5,4,0,NORMAL_OPERATION,22.79,0.0,0.02,7.9,0.0,8.08,8.08,25.11,RUNNING,0.0,OFF,0.0,OFF,9.83,34.94,34.94,0.0,35.0,08:00,17:00,3.0,17:00,1,4.5,0,20.0,-26.86,0.0,26.86,41.65,0.0,0.0,0.0,0.0,8130.3,1
2026-06-05 21:35:00,1780675500,21.583,4,0,NORMAL_OPERATION,22.63,0.0,0.09,7.74,0.0,7.32,7.32,25.52,RUNNING,0.0,OFF,0.0,OFF,9.72,35.24,35.24,0.0,35.0,08:00,17:00,3.0,17:00,1,4.5,0,20.0,-27.92,0.0,27.92,40.42,0.0,0.0,0.0,0.0,8130.3,1
2026-06-05 21:40:00,1780675800,21.667,4,0,NORMAL_OPERATION,22.58,0.0,0.06,7.49,0.0,6.21,6.21,24.77,RUNNING,0.0,OFF,0.0,OFF,10.07,34.84,34.84,0.0,35.0,08:00,17:00,3.0,17:00,1,4.5,0,20.0,-28.63,0.0,28.63,39.17,0.0,0.0,0.0,0.0,8130.3,1
2026-06-05 21:45:00,1780676100,21.75,4,0,NORMAL_OPERATION,22.3,0.0,0.04,6.71,0.0,3.51,3.51,25.62,RUNNING,0.0,OFF,0.0,OFF,9.81,35.44,35.44,0.0,35.0,08:00,17:00,3.0,17:00,1,4.5,0,20.0,-31.93,0.0,31.93,37.77,0.0,0.0,0.0,0.0,8130.3,1
2026-06-05 21:50:00,1780676400,21.833,4,0,NORMAL_OPERATION,22.15,0.0,0.01,7.49,0.0,6.21,6.21,24.34,RUNNING,0.0,OFF,0.0,OFF,10.01,34.34,34.34,0.0,35.0,08:00,17:00,3.0,17:00,1,4.5,0,20.0,-28.13,0.0,28.13,36.53,0.0,0.0,0.0,0.0,8130.3,1
2026-06-05 21:55:00,1780676700,21.917,4,0,NORMAL_OPERATION,21.82,0.0,0.01,7.48,0.0,6.17,6.17,24.45,RUNNING,0.0,OFF,0.0,OFF,10.09,34.54,34.54,0.0,35.0,08:00,17:00,3.0,17:00,1,4.5,0,20.0,-28.37,0.0,28.37,35.29,0.0,0.0,0.0,0.0,8130.3,1
2026-06-05 22:00:00,1780677000,22.0,4,0,NORMAL_OPERATION,21.71,0.0,0.04,7.18,0.0,5.01,5.01,24.89,RUNNING,0.0,OFF,0.0,OFF,9.81,34.69,34.69,0.0,35.0,08:00,17:00,3.0,17:00,1,4.5,0,20.0,-29.68,0.0,29.68,33.99,0.0,0.0,0.0,0.0,8130.3,1
2026-06-05 22:05:00,1780677300,22.083,4,0,NORMAL_OPERATION,22.01,0.0,0.01,7.4,0.0,5.85,5.85,25.54,RUNNING,0.0,OFF,0.0,OFF,9.8,35.34,35.34,0.0,35.0,08:00,17:00,3.0,17:00,1,4.5,0,20.0,-29.49,0.0,29.49,32.69,0.0,0.0,0.0,0.0,8130.3,1
2026-06-05 22:10:00,1780677600,22.167,4,0,NORMAL_OPERATION,21.48,0.0,0.04,7.28,0.0,5.37,5.37,25.59,RUNNING,0.0,OFF,0.0,OFF,9.82,35.41,35.41,0.0,35.0,08:00,17:00,3.0,17:00,1,4.5,0,20.0,-30.04,0.0,30.04,31.38,0.0,0.0,0.0,0.0,8130.3,1
2026-06-05 22:15:00,1780677900,22.25,4,0,NORMAL_OPERATION,21.18,0.0,0.0,7.34,0.0,5.59,5.59,25.39,RUNNING,0.0,OFF,0.0,OFF,10.24,35.63,35.63,0.0,35.0,08:00,17:00,3.0,17:00,1,4.5,0,20.0,-30.04,0.0,30.04,30.06,0.0,0.0,0.0,0.0,8130.3,1
2026-06-05 22:20:00,1780678200,22.333,4,0,NORMAL_OPERATION,20.99,0.0,0.02,7.48,0.0,6.15,6.15,25.26,RUNNING,0.0,OFF,0.0,OFF,9.86,35.12,35.12,0.0,35.0,08:00,17:00,3.0,17:00,1,4.5,0,20.0,-28.97,0.0,28.97,28.79,0.0,0.0,0.0,0.0,8130.3,1
2026-06-05 22:25:00,1780678500,22.417,4,0,NORMAL_OPERATION,21.04,0.0,0.06,7.99,0.0,8.55,8.55,25.34,RUNNING,0.0,OFF,0.0,OFF,9.89,35.24,35.24,0.0,35.0,08:00,17:00,3.0,17:00,1,4.5,0,20.0,-26.69,0.0,26.69,27.62,0.0,0.0,0.0,0.0,8130.3,1
2026-06-05 22:30:00,1780678800,22.5,4,0,NORMAL_OPERATION,21.15,0.0,0.09,7.52,0.0,6.35,6.35,25.68,RUNNING,0.0,OFF,0.0,OFF,10.21,35.88,35.88,0.0,35.0,08:00,17:00,3.0,17:00,1,4.5,0,20.0,-29.53,0.0,29.53,26.32,0.0,0.0,0.0,0.0,8130.3,1
2026-06-05 22:35:00,1780679100,22.583,4,0,NORMAL_OPERATION,20.69,0.0,0.01,6.9,0.0,4.07,4.07,24.23,RUNNING,0.0,OFF,0.0,OFF,9.79,34.03,34.03,0.0,35.0,08:00,17:00,3.0,17:00,1,4.5,0,20.0,-29.96,0.0,29.96,25.01,0.0,0.0,0.0,0.0,8130.3,1
2026-06-05 22:40:00,1780679400,22.667,4,0,NORMAL_OPERATION,20.62,0.0,0.08,7.12,0.0,4.78,4.78,25.29,RUNNING,0.0,OFF,0.0,OFF,9.91,35.19,35.19,0.0,35.0,08:00,17:00,3.0,17:00,1,4.5,0,20.0,-30.41,0.0,30.41,23.68,0.0,0.0,0.0,0.0,8130.3,1
2026-06-05 22:45:00,1780679700,22.75,4,0,NORMAL_OPERATION,20.84,0.0,0.07,7.44,0.0,6.02,6.02,24.66,RUNNING,0.0,OFF,0.0,OFF,9.99,34.65,34.65,0.0,35.0,08:00,17:00,3.0,17:00,1,4.5,0,20.0,-28.63,0.0,28.63,22.42,0.0,0.0,0.0,0.0,8130.3,1
2026-06-05 22:50:00,1780680000,22.833,4,0,NORMAL_OPERATION,20.51,0.0,0.02,7.0,0.0,4.4,4.4,25.02,RUNNING,0.0,OFF,0.0,OFF,9.85,34.87,34.87,0.0,35.0,08:00,17:00,3.0,17:00,1,4.5,0,20.0,-30.47,0.0,30.47,21.08,0.0,0.0,0.0,0.0,8130.3,1
2026-06-05 22:55:00,1780680300,22.917,4,0,NORMAL_OPERATION,20.37,0.0,0.09,8.36,0.0,10.58,10.58,24.6,RUNNING,0.0,OFF,0.0,OFF,10.19,34.79,34.79,0.0,35.0,08:00,17:00,3.0,17:00,1,4.5,0,20.0,-24.21,0.0,24.21,20.02,0.0,0.0,0.0,0.0,8130.3,1
2026-06-05 23:00:00,1780680600,23.0,4,0,GRID_FALLBACK,19.76,0.0,0.07,8.08,0.0,9.0,9.0,25.32,RUNNING,0.0,OFF,0.0,OFF,10.0,35.32,35.32,0.0,35.0,08:00,17:00,3.0,17:00,1,4.5,0,20.0,-0.49,0.0,0.49,20.0,25.83,0.0,0.0,9.6871,8139.98,1
2026-06-05 23:05:00,1780680900,23.083,4,0,GRID_FALLBACK,19.59,0.0,0.1,7.75,0.0,7.33,7.33,25.22,RUNNING,0.0,OFF,0.0,OFF,9.84,35.05,35.05,0.0,35.0,08:00,17:00,3.0,17:00,1,4.5,0,20.0,0.0,0.0,0.0,20.0,27.72,0.0,0.0,10.395,8150.38,1
2026-06-05 23:10:00,1780681200,23.167,4,0,GRID_FALLBACK,19.41,0.0,0.0,8.4,0.0,10.8,10.8,25.69,RUNNING,0.0,OFF,0.0,OFF,9.96,35.64,35.64,0.0,35.0,08:00,17:00,3.0,17:00,1,4.5,0,20.0,0.0,0.0,0.0,20.0,24.84,0.0,0.0,9.315,8159.69,1
2026-06-05 23:15:00,1780681500,23.25,4,0,GRID_FALLBACK,19.65,0.0,0.01,6.91,0.0,4.11,4.11,24.85,RUNNING,0.0,OFF,0.0,OFF,9.88,34.74,34.74,0.0,35.0,08:00,17:00,3.0,17:00,1,4.5,0,20.0,0.0,0.0,0.0,20.0,30.63,0.0,0.0,11.4863,8171.18,1
2026-06-05 23:20:00,1780681800,23.333,4,0,GRID_FALLBACK,19.52,0.0,0.02,7.39,0.0,5.8,5.8,24.97,RUNNING,0.0,OFF,0.0,OFF,10.01,34.97,34.97,0.0,35.0,08:00,17:00,3.0,17:00,1,4.5,0,20.0,0.0,0.0,0.0,20.0,29.17,0.0,0.0,10.9387,8182.12,1
2026-06-05 23:25:00,1780682100,23.417,4,0,GRID_FALLBACK,19.38,0.0,0.03,7.3,0.0,5.46,5.46,24.65,RUNNING,0.0,OFF,0.0,OFF,9.91,34.56,34.56,0.0,35.0,08:00,17:00,3.0,17:00,1,4.5,0,20.0,0.0,0.0,0.0,20.0,29.1,0.0,0.0,10.9125,8193.03,1
2026-06-05 23:30:00,1780682400,23.5,4,0,GRID_FALLBACK,19.06,0.0,0.03,6.97,0.0,4.28,4.28,24.27,RUNNING,0.0,OFF,0.0,OFF,9.73,34.0,34.0,0.0,35.0,08:00,17:00,3.0,17:00,1,4.5,0,20.0,0.0,0.0,0.0,20.0,29.72,0.0,0.0,11.145,8204.18,1
2026-06-05 23:35:00,1780682700,23.583,4,0,GRID_FALLBACK,19.19,0.0,0.02,7.67,0.0,6.97,6.97,25.65,RUNNING,0.0,OFF,0.0,OFF,9.76,35.41,35.41,0.0,35.0,08:00,17:00,3.0,17:00,1,4.5,0,20.0,0.0,0.0,0.0,20.0,28.44,0.0,0.0,10.665,8214.84,1
2026-06-05 23:40:00,1780683000,23.667,4,0,GRID_FALLBACK,18.61,0.0,0.09,7.52,0.0,6.32,6.32,24.69,RUNNING,0.0,OFF,0.0,OFF,9.76,34.45,34.45,0.0,35.0,08:00,17:00,3.0,17:00,1,4.5,0,20.0,0.0,0.0,0.0,20.0,28.13,0.0,0.0,10.5488,8225.39,1
2026-06-05 23:45:00,1780683300,23.75,4,0,GRID_FALLBACK,18.34,0.0,0.06,8.34,0.0,10.43,10.43,24.73,RUNNING,0.0,OFF,0.0,OFF,10.14,34.87,34.87,0.0,35.0,08:00,17:00,3.0,17:00,1,4.5,0,20.0,0.0,0.0,0.0,20.0,24.44,0.0,0.0,9.165,8234.56,1
2026-06-05 23:50:00,1780683600,23.833,4,0,GRID_FALLBACK,18.48,0.0,0.08,7.83,0.0,7.72,7.72,24.79,RUNNING,0.0,OFF,0.0,OFF,10.09,34.88,34.88,0.0,35.0,08:00,17:00,3.0,17:00,1,4.5,0,20.0,0.0,0.0,0.0,20.0,27.16,0.0,0.0,10.185,8244.74,1
2026-06-05 23:55:00,1780683900,23.917,4,0,GRID_FALLBACK,18.24,0.0,0.04,8.43,0.0,10.97,10.97,24.41,RUNNING,0.0,OFF,0.0,OFF,10.15,34.55,34.55,0.0,35.0,08:00,17:00,3.0,17:00,1,4.5,0,20.0,0.0,0.0,0.0,20.0,23.58,0.0,0.0,8.8425,8253.58,1
2026-06-06 00:00:00,1780684200,0.0,5,1,GRID_FALLBACK,18.04,0.0,0.21,5.49,0.0,1.06,1.06,10.15,IDLE,0.0,OFF,0.0,OFF,9.81,19.97,19.97,0.0,0.0,08:00,17:00,3.0,17:00,1,4.5,0,50.0,0.0,0.0,0.0,20.0,18.91,0.0,0.0,7.0912,8260.67,1
2026-06-06 00:05:00,1780684500,0.083,5,1,GRID_FALLBACK,18.38,0.0,0.24,4.18,0.0,0.11,0.11,10.05,IDLE,0.0,OFF,0.0,OFF,9.91,19.95,19.95,0.0,0.0,08:00,17:00,3.0,17:00,1,4.5,0,50.0,0.0,0.0,0.0,20.0,19.84,0.0,0.0,7.44,8268.11,1
2026-06-06 00:10:00,1780684800,0.167,5,1,GRID_FALLBACK,18.28,0.0,0.25,4.41,0.0,0.19,0.19,10.22,IDLE,0.0,OFF,0.0,OFF,9.73,19.95,19.95,0.0,0.0,08:00,17:00,3.0,17:00,1,4.5,0,50.0,0.0,0.0,0.0,20.0,19.76,0.0,0.0,7.41,8275.52,1
2026-06-06 00:15:00,1780685100,0.25,5,1,GRID_FALLBACK,17.74,0.0,0.21,4.53,0.0,0.24,0.24,10.38,IDLE,0.0,OFF,0.0,OFF,10.21,20.59,20.59,0.0,0.0,08:00,17:00,3.0,17:00,1,4.5,0,50.0,0.0,0.0,0.0,20.0,20.35,0.0,0.0,7.6312,8283.16,1
2026-06-06 00:20:00,1780685400,0.333,5,1,GRID_FALLBACK,18.2,0.0,0.25,5.58,0.0,1.18,1.18,9.95,IDLE,0.0,OFF,0.0,OFF,10.13,20.08,20.08,0.0,0.0,08:00,17:00,3.0,17:00,1,4.5,0,50.0,0.0,0.0,0.0,20.0,18.9,0.0,0.0,7.0875,8290.24,1
2026-06-06 00:25:00,1780685700,0.417,5,1,GRID_FALLBACK,18.09,0.0,0.16,4.85,0.0,0.44,0.44,10.43,IDLE,0.0,OFF,0.0,OFF,10.0,20.43,20.43,0.0,0.0,08:00,17:00,3.0,17:00,1,4.5,0,50.0,0.0,0.0,0.0,20.0,19.99,0.0,0.0,7.4962,8297.74,1
2026-06-06 00:30:00,1780686000,0.5,5,1,GRID_FALLBACK,17.27,0.0,0.21,5.33,0.0,0.87,0.87,9.63,IDLE,0.0,OFF,0.0,OFF,9.73,19.36,19.36,0.0,0.0,08:00,17:00,3.0,17:00,1,4.5,0,50.0,0.0,0.0,0.0,20.0,18.49,0.0,0.0,6.9337,8304.67,1
2026-06-06 00:35:00,1780686300,0.583,5,1,GRID_FALLBACK,17.6,0.0,0.23,5.36,0.0,0.9,0.9,10.24,IDLE,0.0,OFF,0.0,OFF,9.94,20.18,20.18,0.0,0.0,08:00,17:00,3.0,17:00,1,4.5,0,50.0,0.0,0.0,0.0,20.0,19.28,0.0,0.0,7.23,8311.9,1
2026-06-06 00:40:00,1780686600,0.667,5,1,GRID_FALLBACK,17.59,0.0,0.24,5.84,0.0,1.57,1.57,9.67,IDLE,0.0,OFF,0.0,OFF,10.15,19.82,19.82,0.0,0.0,08:00,17:00,3.0,17:00,1,4.5,0,50.0,0.0,0.0,0.0,20.0,18.25,0.0,0.0,6.8438,8318.75,1
2026-06-06 00:45:00,1780686900,0.75,5,1,GRID_FALLBACK,17.26,0.0,0.23,4.96,0.0,0.52,0.52,9.77,IDLE,0.0,OFF,0.0,OFF,9.81,19.58,19.58,0.0,0.0,08:00,17:00,3.0,17:00,1,4.5,0,50.0,0.0,0.0,0.0,20.0,19.06,0.0,0.0,7.1475,8325.89,1
2026-06-06 00:50:00,1780687200,0.833,5,1,GRID_FALLBACK,16.98,0.0,0.17,5.47,0.0,1.04,1.04,10.38,IDLE,0.0,OFF,0.0,OFF,10.17,20.55,20.55,0.0,0.0,08:00,17:00,3.0,17:00,1,4.5,0,50.0,0.0,0.0,0.0,20.0,19.51,0.0,0.0,7.3163,8333.21,1
2026-06-06 00:55:00,1780687500,0.917,5,1,GRID_FALLBACK,17.13,0.0,0.22,5.23,0.0,0.76,0.76,9.8,IDLE,0.0,OFF,0.0,OFF,9.83,19.64,19.64,0.0,0.0,08:00,17:00,3.0,17:00,1,4.5,0,50.0,0.0,0.0,0.0,20.0,18.88,0.0,0.0,7.08,8340.29,1
2026-06-06 01:00:00,1780687800,1.0,5,1,GRID_FALLBACK,17.24,0.0,0.21,4.71,0.0,0.34,0.34,9.55,IDLE,0.0,OFF,0.0,OFF,9.84,19.39,19.39,0.0,0.0,08:00,17:00,3.0,17:00,1,4.5,0,50.0,0.0,0.0,0.0,20.0,19.05,0.0,0.0,7.1438,8347.43,1
2026-06-06 01:05:00,1780688100,1.083,5,1,GRID_FALLBACK,16.62,0.0,0.16,5.88,0.0,1.65,1.65,10.43,IDLE,0.0,OFF,0.0,OFF,9.86,20.29,20.29,0.0,0.0,08:00,17:00,3.0,17:00,1,4.5,0,50.0,0.0,0.0,0.0,20.0,18.64,0.0,0.0,6.99,8354.42,1
2026-06-06 01:10:00,1780688400,1.167,5,1,GRID_FALLBACK,17.14,0.0,0.21,4.91,0.0,0.48,0.48,10.32,IDLE,0.0,OFF,0.0,OFF,10.02,20.34,20.34,0.0,0.0,08:00,17:00,3.0,17:00,1,4.5,0,50.0,0.0,0.0,0.0,20.0,19.86,0.0,0.0,7.4475,8361.87,1
2026-06-06 01:15:00,1780688700,1.25,5,1,GRID_FALLBACK,16.43,0.0,0.18,5.52,0.0,1.1,1.1,9.87,IDLE,0.0,OFF,0.0,OFF,9.75,19.62,19.62,0.0,0.0,08:00,17:00,3.0,17:00,1,4.5,0,50.0,0.0,0.0,0.0,20.0,18.52,0.0,0.0,6.945,8368.82,1
2026-06-06 01:20:00,1780689000,1.333,5,1,GRID_FALLBACK,16.91,0.0,0.2,5.75,0.0,1.42,1.42,9.91,IDLE,0.0,OFF,0.0,OFF,10.07,19.98,19.98,0.0,0.0,08:00,17:00,3.0,17:00,1,4.5,0,50.0,0.0,0.0,0.0,20.0,18.56,0.0,0.0,6.96,8375.78,1
2026-06-06 01:25:00,1780689300,1.417,5,1,GRID_FALLBACK,16.54,0.0,0.16,5.94,0.0,1.74,1.74,10.32,IDLE,0.0,OFF,0.0,OFF,9.83,20.16,20.16,0.0,0.0,08:00,17:00,3.0,17:00,1,4.5,0,50.0,0.0,0.0,0.0,20.0,18.42,0.0,0.0,6.9075,8382.68,1
2026-06-06 01:30:00,1780689600,1.5,5,1,GRID_FALLBACK,16.98,0.0,0.17,6.23,0.0,2.32,2.32,10.04,IDLE,0.0,OFF,0.0,OFF,10.29,20.32,20.32,0.0,0.0,08:00,17:00,3.0,17:00,1,4.5,0,50.0,0.0,0.0,0.0,20.0,18.0,0.0,0.0,6.75,8389.43,1
2026-06-06 01:35:00,1780689900,1.583,5,1,GRID_FALLBACK,16.77,0.0,0.23,4.89,0.0,0.46,0.46,10.25,IDLE,0.0,OFF,0.0,OFF,9.93,20.17,20.17,0.0,0.0,08:00,17:00,3.0,17:00,1,4.5,0,50.0,0.0,0.0,0.0,20.0,19.71,0.0,0.0,7.3913,8396.83,1
2026-06-06 01:40:00,1780690200,1.667,5,1,GRID_FALLBACK,16.61,0.0,0.24,5.78,0.0,1.48,1.48,10.05,IDLE,0.0,OFF,0.0,OFF,10.19,20.24,20.24,0.0,0.0,08:00,17:00,3.0,17:00,1,4.5,0,50.0,0.0,0.0,0.0,20.0,18.76,0.0,0.0,7.035,8403.86,1
2026-06-06 01:45:00,1780690500,1.75,5,1,GRID_FALLBACK,16.2,0.0,0.18,5.74,0.0,1.41,1.41,10.31,IDLE,0.0,OFF,0.0,OFF,10.15,20.46,20.46,0.0,0.0,08:00,17:00,3.0,17:00,1,4.5,0,50.0,0.0,0.0,0.0,20.0,19.05,0.0,0.0,7.1438,8411.0,1
2026-06-06 01:50:00,1780690800,1.833,5,1,GRID_FALLBACK,16.09,0.0,0.17,6.02,0.0,1.89,1.89,9.87,IDLE,0.0,OFF,0.0,OFF,10.24,20.11,20.11,0.0,0.0,08:00,17:00,3.0,17:00,1,4.5,0,50.0,0.0,0.0,0.0,20.0,18.22,0.0,0.0,6.8325,8417.84,1
2026-06-06 01:55:00,1780691100,1.917,5,1,GRID_FALLBACK,15.99,0.0,0.17,5.2,0.0,0.73,0.73,10.36,IDLE,0.0,OFF,0.0,OFF,9.81,20.18,20.18,0.0,0.0,08:00,17:00,3.0,17:00,1,4.5,0,50.0,0.0,0.0,0.0,20.0,19.45,0.0,0.0,7.2937,8425.13,1
2026-06-06 02:00:00,1780691400,2.0,5,1,GRID_FALLBACK,16.27,0.0,0.22,5.99,0.0,1.83,1.83,9.52,IDLE,0.0,OFF,0.0,OFF,9.8,19.32,19.32,0.0,0.0,08:00,17:00,3.0,17:00,1,4.5,0,50.0,0.0,0.0,0.0,20.0,17.49,0.0,0.0,6.5588,8431.69,1
2026-06-06 02:05:00,1780691700,2.083,5,1,GRID_FALLBACK,15.97,0.0,0.19,5.97,0.0,1.8,1.8,9.57,IDLE,0.0,OFF,0.0,OFF,9.74,19.31,19.31,0.0,0.0,08:00,17:00,3.0,17:00,1,4.5,0,50.0,0.0,0.0,0.0,20.0,17.51,0.0,0.0,6.5662,8438.26,1
2026-06-06 02:10:00,1780692000,2.167,5,1,GRID_FALLBACK,15.99,0.0,0.24,6.6,0.0,3.2,3.2,9.6,IDLE,0.0,OFF,0.0,OFF,10.02,19.62,19.62,0.0,0.0,08:00,17:00,3.0,17:00,1,4.5,0,50.0,0.0,0.0,0.0,20.0,16.42,0.0,0.0,6.1575,8444.41,1
2026-06-06 02:15:00,1780692300,2.25,5,1,GRID_FALLBACK,16.34,0.0,0.23,6.06,0.0,1.96,1.96,9.88,IDLE,0.0,OFF,0.0,OFF,9.71,19.59,19.59,0.0,0.0,08:00,17:00,3.0,17:00,1,4.5,0,50.0,0.0,0.0,0.0,20.0,17.63,0.0,0.0,6.6112,8451.02,1
2026-06-06 02:20:00,1780692600,2.333,5,1,GRID_FALLBACK,16.38,0.0,0.23,6.17,0.0,2.19,2.19,9.54,IDLE,0.0,OFF,0.0,OFF,9.85,19.39,19.39,0.0,0.0,08:00,17:00,3.0,17:00,1,4.5,0,50.0,0.0,0.0,0.0,20.0,17.2,0.0,0.0,6.45,8457.47,1
2026-06-06 02:25:00,1780692900,2.417,5,1,GRID_FALLBACK,15.76,0.0,0.16,6.2,0.0,2.24,2.24,9.51,IDLE,0.0,OFF,0.0,OFF,10.28,19.79,19.79,0.0,0.0,08:00,17:00,3.0,17:00,1,4.5,0,50.0,0.0,0.0,0.0,20.0,17.55,0.0,0.0,6.5812,8464.06,1
2026-06-06 02:30:00,1780693200,2.5,5,1,GRID_FALLBACK,16.43,0.0,0.16,6.42,0.0,2.75,2.75,9.84,IDLE,0.0,OFF,0.0,OFF,10.12,19.96,19.96,0.0,0.0,08:00,17:00,3.0,17:00,1,4.5,0,50.0,0.0,0.0,0.0,20.0,17.21,0.0,0.0,6.4538,8470.51,1
2026-06-06 02:35:00,1780693500,2.583,5,1,GRID_FALLBACK,15.81,0.0,0.2,6.19,0.0,2.24,2.24,9.94,IDLE,0.0,OFF,0.0,OFF,9.8,19.74,19.74,0.0,0.0,08:00,17:00,3.0,17:00,1,4.5,0,50.0,0.0,0.0,0.0,20.0,17.5,0.0,0.0,6.5625,8477.07,1
2026-06-06 02:40:00,1780693800,2.667,5,1,GRID_FALLBACK,15.9,0.0,0.17,5.43,0.0,0.99,0.99,10.19,IDLE,0.0,OFF,0.0,OFF,10.08,20.27,20.27,0.0,0.0,08:00,17:00,3.0,17:00,1,4.5,0,50.0,0.0,0.0,0.0,20.0,19.28,0.0,0.0,7.23,8484.3,1
2026-06-06 02:45:00,1780694100,2.75,5,1,GRID_FALLBACK,15.72,0.0,0.23,5.56,0.0,1.15,1.15,9.8,IDLE,0.0,OFF,0.0,OFF,10.01,19.8,19.8,0.0,0.0,08:00,17:00,3.0,17:00,1,4.5,0,50.0,0.0,0.0,0.0,20.0,18.65,0.0,0.0,6.9938,8491.3,1
2026-06-06 02:50:00,1780694400,2.833,5,1,GRID_FALLBACK,16.28,0.0,0.16,6.91,0.0,4.09,4.09,9.52,IDLE,0.0,OFF,0.0,OFF,9.96,19.48,19.48,0.0,0.0,08:00,17:00,3.0,17:00,1,4.5,0,50.0,0.0,0.0,0.0,20.0,15.39,0.0,0.0,5.7712,8497.07,1
2026-06-06 02:55:00,1780694700,2.917,5,1,GRID_FALLBACK,15.72,0.0,0.22,5.86,0.0,1.61,1.61,10.38,IDLE,0.0,OFF,0.0,OFF,9.93,20.31,20.31,0.0,0.0,08:00,17:00,3.0,17:00,1,4.5,0,50.0,0.0,0.0,0.0,20.0,18.7,0.0,0.0,7.0125,8504.08,1
2026-06-06 03:00:00,1780695000,3.0,5,1,GRID_FALLBACK,16.31,0.0,0.23,5.73,0.0,1.4,1.4,9.67,IDLE,0.0,OFF,0.0,OFF,9.77,19.44,19.44,0.0,0.0,08:00,17:00,3.0,17:00,1,4.5,0,50.0,0.0,0.0,0.0,20.0,18.04,0.0,0.0,6.765,8510.84,1
2026-06-06 03:05:00,1780695300,3.083,5,1,GRID_FALLBACK,15.68,0.0,0.25,6.18,0.0,2.2,2.2,10.12,IDLE,0.0,OFF,0.0,OFF,9.77,19.89,19.89,0.0,0.0,08:00,17:00,3.0,17:00,1,4.5,0,50.0,0.0,0.0,0.0,20.0,17.69,0.0,0.0,6.6338,8517.48,1
2026-06-06 03:10:00,1780695600,3.167,5,1,GRID_FALLBACK,16.35,0.0,0.24,7.09,0.0,4.7,4.7,10.1,IDLE,0.0,OFF,0.0,OFF,9.81,19.91,19.91,0.0,0.0,08:00,17:00,3.0,17:00,1,4.5,0,50.0,0.0,0.0,0.0,20.0,15.21,0.0,0.0,5.7038,8523.18,1
2026-06-06 03:15:00,1780695900,3.25,5,1,GRID_FALLBACK,16.04,0.0,0.21,6.8,0.0,3.76,3.76,9.65,IDLE,0.0,OFF,0.0,OFF,10.1,19.75,19.75,0.0,0.0,08:00,17:00,3.0,17:00,1,4.5,0,50.0,0.0,0.0,0.0,20.0,15.99,0.0,0.0,5.9962,8529.18,1
2026-06-06 03:20:00,1780696200,3.333,5,1,GRID_FALLBACK,15.87,0.0,0.23,6.32,0.0,2.52,2.52,9.6,IDLE,0.0,OFF,0.0,OFF,10.25,19.85,19.85,0.0,0.0,08:00,17:00,3.0,17:00,1,4.5,0,50.0,0.0,0.0,0.0,20.0,17.33,0.0,0.0,6.4988,8535.68,1
2026-06-06 03:25:00,1780696500,3.417,5,1,GRID_FALLBACK,16.18,0.0,0.24,7.12,0.0,4.79,4.79,10.21,IDLE,0.0,OFF,0.0,OFF,9.75,19.96,19.96,0.0,0.0,08:00,17:00,3.0,17:00,1,4.5,0,50.0,0.0,0.0,0.0,20.0,15.17,0.0,0.0,5.6888,8541.37,1
2026-06-06 03:30:00,1780696800,3.5,5,1,GRID_FALLBACK,15.67,0.0,0.24,6.11,0.0,2.07,2.07,10.16,IDLE,0.0,OFF,0.0,OFF,9.89,20.05,20.05,0.0,0.0,08:00,17:00,3.0,17:00,1,4.5,0,50.0,0.0,0.0,0.0,20.0,17.98,0.0,0.0,6.7425,8548.11,1
2026-06-06 03:35:00,1780697100,3.583,5,1,GRID_FALLBACK,16.01,0.0,0.22,7.18,0.0,5.03,5.03,9.98,IDLE,0.0,OFF,0.0,OFF,9.74,19.72,19.72,0.0,0.0,08:00,17:00,3.0,17:00,1,4.5,0,50.0,0.0,0.0,0.0,20.0,14.69,0.0,0.0,5.5087,8553.62,1
2026-06-06 03:40:00,1780697400,3.667,5,1,GRID_FALLBACK,16.18,0.0,0.25,6.43,0.0,2.76,2.76,9.59,IDLE,0.0,OFF,0.0,OFF,10.3,19.89,19.89,0.0,0.0,08:00,17:00,3.0,17:00,1,4.5,0,50.0,0.0,0.0,0.0,20.0,17.13,0.0,0.0,6.4238,8560.04,1
2026-06-06 03:45:00,1780697700,3.75,5,1,GRID_FALLBACK,15.9,0.0,0.19,6.55,0.0,3.06,3.06,9.92,IDLE,0.0,OFF,0.0,OFF,10.12,20.04,20.04,0.0,0.0,08:00,17:00,3.0,17:00,1,4.5,0,50.0,0.0,0.0,0.0,20.0,16.98,0.0,0.0,6.3675,8566.41,1
2026-06-06 03:50:00,1780698000,3.833,5,1,GRID_FALLBACK,16.12,0.0,0.23,6.62,0.0,3.27,3.27,10.3,IDLE,0.0,OFF,0.0,OFF,10.09,20.39,20.39,0.0,0.0,08:00,17:00,3.0,17:00,1,4.5,0,50.0,0.0,0.0,0.0,20.0,17.12,0.0,0.0,6.42,8572.83,1
2026-06-06 03:55:00,1780698300,3.917,5,1,GRID_FALLBACK,16.03,0.0,0.19,6.94,0.0,4.2,4.2,10.03,IDLE,0.0,OFF,0.0,OFF,10.02,20.05,20.05,0.0,0.0,08:00,17:00,3.0,17:00,1,4.5,0,50.0,0.0,0.0,0.0,20.0,15.85,0.0,0.0,5.9437,8578.77,1
2026-06-06 04:00:00,1780698600,4.0,5,1,GRID_FALLBACK,16.53,0.0,0.19,7.13,0.0,4.83,4.83,9.92,IDLE,0.0,OFF,0.0,OFF,10.05,19.97,19.97,0.0,0.0,08:00,17:00,3.0,17:00,1,4.5,0,50.0,0.0,0.0,0.0,20.0,15.14,0.0,0.0,5.6775,8584.45,1
2026-06-06 04:05:00,1780698900,4.083,5,1,GRID_FALLBACK,16.47,0.0,0.22,7.38,0.0,5.76,5.76,9.74,IDLE,0.0,OFF,0.0,OFF,9.7,19.44,19.44,0.0,0.0,08:00,17:00,3.0,17:00,1,4.5,0,50.0,0.0,0.0,0.0,20.0,13.68,0.0,0.0,5.13,8589.58,1
2026-06-06 04:10:00,1780699200,4.167,5,1,GRID_FALLBACK,16.77,0.0,0.15,7.2,0.0,5.09,5.09,10.46,IDLE,0.0,OFF,0.0,OFF,10.25,20.71,20.71,0.0,0.0,08:00,17:00,3.0,17:00,1,4.5,0,50.0,0.0,0.0,0.0,20.0,15.62,0.0,0.0,5.8575,8595.44,1
2026-06-06 04:15:00,1780699500,4.25,5,1,GRID_FALLBACK,16.07,0.0,0.18,7.72,0.0,7.22,7.22,10.37,IDLE,0.0,OFF,0.0,OFF,10.19,20.56,20.56,0.0,0.0,08:00,17:00,3.0,17:00,1,4.5,0,50.0,0.0,0.0,0.0,20.0,13.34,0.0,0.0,5.0025,8600.44,1
2026-06-06 04:20:00,1780699800,4.333,5,1,GRID_FALLBACK,16.32,0.0,0.16,7.78,0.0,7.51,7.51,10.47,IDLE,0.0,OFF,0.0,OFF,10.25,20.72,20.72,0.0,0.0,08:00,17:00,3.0,17:00,1,4.5,0,50.0,0.0,0.0,0.0,20.0,13.21,0.0,0.0,4.9537,8605.39,1
2026-06-06 04:25:00,1780700100,4.417,5,1,GRID_FALLBACK,16.34,0.0,0.23,6.56,0.0,3.1,3.1,9.64,IDLE,0.0,OFF,0.0,OFF,10.28,19.92,19.92,0.0,0.0,08:00,17:00,3.0,17:00,1,4.5,0,50.0,0.0,0.0,0.0,20.0,16.82,0.0,0.0,6.3075,8611.7,1
2026-06-06 04:30:00,1780700400,4.5,5,1,GRID_FALLBACK,16.77,0.0,0.19,6.57,0.0,3.12,3.12,10.46,IDLE,0.0,OFF,0.0,OFF,9.92,20.39,20.39,0.0,0.0,08:00,17:00,3.0,17:00,1,4.5,0,50.0,0.0,0.0,0.0,20.0,17.27,0.0,0.0,6.4763,8618.18,1
2026-06-06 04:35:00,1780700700,4.583,5,1,GRID_FALLBACK,16.84,0.0,0.22,6.7,0.0,3.47,3.47,10.34,IDLE,0.0,OFF,0.0,OFF,10.22,20.56,20.56,0.0,0.0,08:00,17:00,3.0,17:00,1,4.5,0,50.0,0.0,0.0,0.0,20.0,17.09,0.0,0.0,6.4087,8624.59,1
2026-06-06 04:40:00,1780701000,4.667,5,1,GRID_FALLBACK,16.37,0.0,0.19,6.76,0.0,3.65,3.65,9.58,IDLE,0.0,OFF,0.0,OFF,10.04,19.62,19.62,0.0,0.0,08:00,17:00,3.0,17:00,1,4.5,0,50.0,0.0,0.0,0.0,20.0,15.97,0.0,0.0,5.9888,8630.57,1
2026-06-06 04:45:00,1780701300,4.75,5,1,GRID_FALLBACK,17.08,0.0,0.16,6.98,0.0,4.32,4.32,10.24,IDLE,0.0,OFF,0.0,OFF,10.15,20.39,20.39,0.0,0.0,08:00,17:00,3.0,17:00,1,4.5,0,50.0,0.0,0.0,0.0,20.0,16.07,0.0,0.0,6.0262,8636.6,1
2026-06-06 04:50:00,1780701600,4.833,5,1,GRID_FALLBACK,17.06,0.0,0.18,7.4,0.0,5.84,5.84,9.84,IDLE,0.0,OFF,0.0,OFF,10.17,20.01,20.01,0.0,0.0,08:00,17:00,3.0,17:00,1,4.5,0,50.0,0.0,0.0,0.0,20.0,14.17,0.0,0.0,5.3138,8641.91,1
2026-06-06 04:55:00,1780701900,4.917,5,1,GRID_FALLBACK,17.14,0.0,0.18,7.04,0.0,4.53,4.53,10.38,IDLE,0.0,OFF,0.0,OFF,9.72,20.1,20.1,0.0,0.0,08:00,17:00,3.0,17:00,1,4.5,0,50.0,0.0,0.0,0.0,20.0,15.57,0.0,0.0,5.8387,8647.75,1
2026-06-06 05:00:00,1780702200,5.0,5,1,GRID_FALLBACK,17.27,0.0,0.2,6.86,0.0,3.96,3.96,10.33,IDLE,0.0,OFF,0.0,OFF,10.11,20.44,20.44,0.0,0.0,08:00,17:00,3.0,17:00,1,4.5,0,50.0,0.0,0.0,0.0,20.0,16.48,0.0,0.0,6.18,8653.93,1
2026-06-06 05:05:00,1780702500,5.083,5,1,GRID_FALLBACK,17.46,0.0,0.21,8.23,0.0,9.79,9.79,10.42,IDLE,0.0,OFF,0.0,OFF,10.0,20.42,20.42,0.0,0.0,08:00,17:00,3.0,17:00,1,4.5,0,50.0,0.0,0.0,0.0,20.0,10.63,0.0,0.0,3.9863,8657.92,1
2026-06-06 05:10:00,1780702800,5.167,5,1,GRID_FALLBACK,17.42,0.0,0.19,7.2,0.0,5.09,5.09,10.47,IDLE,0.0,OFF,0.0,OFF,10.01,20.49,20.49,0.0,0.0,08:00,17:00,3.0,17:00,1,4.5,0,50.0,0.0,0.0,0.0,20.0,15.4,0.0,0.0,5.775,8663.69,1
2026-06-06 05:15:00,1780703100,5.25,5,1,GRID_FALLBACK,17.73,0.0,0.16,7.34,0.0,5.62,5.62,10.12,IDLE,0.0,OFF,0.0,OFF,9.83,19.95,19.95,0.0,0.0,08:00,17:00,3.0,17:00,1,4.5,0,50.0,0.0,0.0,0.0,20.0,14.33,0.0,0.0,5.3737,8669.07,1
2026-06-06 05:20:00,1780703400,5.333,5,1,GRID_FALLBACK,17.19,0.0,0.22,7.95,0.0,8.32,8.32,10.34,IDLE,0.0,OFF,0.0,OFF,10.19,20.53,20.53,0.0,0.0,08:00,17:00,3.0,17:00,1,4.5,0,50.0,0.0,0.0,0.0,20.0,12.21,0.0,0.0,4.5788,8673.65,1
2026-06-06 05:25:00,1780703700,5.417,5,1,GRID_FALLBACK,17.52,0.0,0.18,8.13,0.0,9.28,9.28,10.33,IDLE,0.0,OFF,0.0,OFF,9.8,20.13,20.13,0.0,0.0,08:00,17:00,3.0,17:00,1,4.5,0,50.0,0.0,0.0,0.0,20.0,10.85,0.0,0.0,4.0687,8677.72,1
2026-06-06 05:30:00,1780704000,5.5,5,1,GRID_FALLBACK,17.9,0.0,0.21,7.47,0.0,6.12,6.12,9.61,IDLE,0.0,OFF,0.0,OFF,9.75,19.36,19.36,0.0,0.0,08:00,17:00,3.0,17:00,1,4.5,0,50.0,0.0,0.0,0.0,20.0,13.24,0.0,0.0,4.965,8682.68,1
2026-06-06 05:35:00,1780704300,5.583,5,1,GRID_FALLBACK,17.84,0.0,0.23,7.25,0.0,5.27,5.27,9.78,IDLE,0.0,OFF,0.0,OFF,10.02,19.81,19.81,0.0,0.0,08:00,17:00,3.0,17:00,1,4.5,0,50.0,0.0,0.0,0.0,20.0,14.54,0.0,0.0,5.4525,8688.13,1
2026-06-06 05:40:00,1780704600,5.667,5,1,GRID_FALLBACK,17.52,0.0,0.21,8.47,0.0,11.21,11.21,9.81,IDLE,0.0,OFF,0.0,OFF,10.03,19.84,19.84,0.0,0.0,08:00,17:00,3.0,17:00,1,4.5,0,50.0,0.0,0.0,0.0,20.0,8.63,0.0,0.0,3.2362,8691.37,1
2026-06-06 05:45:00,1780704900,5.75,5,1,GRID_FALLBACK,18.1,0.0,0.15,7.74,0.0,7.29,7.29,10.48,IDLE,0.0,OFF,0.0,OFF,10.04,20.52,20.52,0.0,0.0,08:00,17:00,3.0,17:00,1,4.5,0,50.0,0.0,0.0,0.0,20.0,13.23,0.0,0.0,4.9612,8696.33,1
2026-06-06 05:50:00,1780705200,5.833,5,1,GRID_FALLBACK,18.15,0.0,0.23,7.43,0.0,5.95,5.95,9.81,IDLE,0.0,OFF,0.0,OFF,10.27,20.08,20.08,0.0,0.0,08:00,17:00,3.0,17:00,1,4.5,0,50.0,0.0,0.0,0.0,20.0,14.13,0.0,0.0,5.2987,8701.63,1
2026-06-06 05:55:00,1780705500,5.917,5,1,GRID_FALLBACK,17.83,0.0,0.19,7.85,0.0,7.85,7.85,9.9,IDLE,0.0,OFF,0.0,OFF,9.82,19.72,19.72,0.0,0.0,08:00,17:00,3.0,17:00,1,4.5,0,50.0,0.0,0.0,0.0,20.0,11.87,0.0,0.0,4.4512,8706.08,1
2026-06-06 06:00:00,1780705800,6.0,5,1,GRID_FALLBACK,18.54,0.0,0.22,9.01,0.2,14.88,15.08,9.6,IDLE,0.0,OFF,0.0,OFF,9.94,19.54,19.54,0.0,0.0,08:00,17:00,3.0,17:00,1,4.5,0,50.0,0.0,0.0,0.0,20.0,4.46,0.0,0.0,1.6725,8707.75,1
2026-06-06 06:05:00,1780706100,6.083,5,1,GRID_FALLBACK,18.66,18.3,0.16,8.79,1.53,13.31,14.83,10.09,IDLE,0.0,OFF,0.0,OFF,9.93,20.02,20.02,0.0,0.0,08:00,17:00,3.0,17:00,1,4.5,0,50.0,0.0,0.0,0.0,20.0,5.19,0.0,0.0,1.9462,8709.7,1
2026-06-06 06:10:00,1780706400,6.167,5,1,GRID_FALLBACK,18.66,33.4,0.24,8.01,3.07,8.61,11.68,9.96,IDLE,0.0,OFF,0.0,OFF,10.23,20.19,20.19,0.0,0.0,08:00,17:00,3.0,17:00,1,4.5,0,50.0,0.0,0.0,0.0,20.0,8.51,0.0,0.0,3.1913,8712.89,1
2026-06-06 06:15:00,1780706700,6.25,5,1,BATTERY_CHARGING,18.4,50.9,0.22,9.0,5.53,14.84,20.38,10.15,IDLE,0.0,OFF,0.0,OFF,10.16,20.32,20.32,0.0,0.0,08:00,17:00,3.0,17:00,1,4.5,0,50.0,0.06,0.06,0.0,20.0,0.0,0.0,0.0,0.0,8712.89,1
2026-06-06 06:20:00,1780707000,6.333,5,1,GRID_FALLBACK,18.59,65.7,0.25,8.46,6.97,11.16,18.13,10.15,IDLE,0.0,OFF,0.0,OFF,10.26,20.41,20.41,0.0,0.0,08:00,17:00,3.0,17:00,1,4.5,0,50.0,0.0,0.0,0.0,20.0,2.28,0.0,0.0,0.855,8713.75,1
2026-06-06 06:25:00,1780707300,6.417,5,1,GRID_FALLBACK,18.87,84.0,0.23,8.22,8.47,9.76,18.22,10.36,IDLE,0.0,OFF,0.0,OFF,9.96,20.31,20.31,0.0,0.0,08:00,17:00,3.0,17:00,1,4.5,0,50.0,0.0,0.0,0.0,20.0,2.09,0.0,0.0,0.7837,8714.53,1
2026-06-06 06:30:00,1780707600,6.5,5,1,BATTERY_CHARGING,19.44,100.8,0.23,8.34,10.02,10.46,20.47,10.11,IDLE,0.0,OFF,0.0,OFF,9.74,19.86,19.86,0.0,0.0,08:00,17:00,3.0,17:00,1,4.5,0,50.0,0.61,0.61,0.0,20.03,0.0,0.0,0.0,0.0,8714.53,1
2026-06-06 06:35:00,1780707900,6.583,5,1,BATTERY_CHARGING,18.99,119.8,0.21,8.56,12.57,11.79,24.36,9.64,IDLE,0.0,OFF,0.0,OFF,10.22,19.86,19.86,0.0,0.0,08:00,17:00,3.0,17:00,1,4.5,0,50.0,4.5,4.5,0.0,20.2,0.0,0.0,0.0,0.0,8714.53,1
2026-06-06 06:40:00,1780708200,6.667,5,1,BATTERY_CHARGING,19.45,130.8,0.25,9.06,12.96,15.24,28.2,9.59,IDLE,0.0,OFF,0.0,OFF,9.89,19.48,19.48,0.0,0.0,08:00,17:00,3.0,17:00,1,4.5,0,50.0,8.72,8.72,0.0,20.55,0.0,0.0,0.0,0.0,8714.53,1
2026-06-06 06:45:00,1780708500,6.75,5,1,BATTERY_CHARGING,19.9,162.7,0.17,8.3,16.46,10.19,26.65,9.59,IDLE,0.0,OFF,0.0,OFF,9.81,19.4,19.4,0.0,0.0,08:00,17:00,3.0,17:00,1,4.5,0,50.0,7.25,7.25,0.0,20.84,0.0,0.0,0.0,0.0,8714.53,1
2026-06-06 06:50:00,1780708800,6.833,5,1,BATTERY_CHARGING,19.92,178.4,0.18,8.65,17.96,12.35,30.3,10.38,IDLE,0.0,OFF,0.0,OFF,10.09,20.47,20.47,0.0,0.0,08:00,17:00,3.0,17:00,1,4.5,0,50.0,9.83,9.83,0.0,21.23,0.0,0.0,0.0,0.0,8714.53,1
2026-06-06 06:55:00,1780709100,6.917,5,1,BATTERY_CHARGING,19.56,199.1,0.16,8.84,19.88,13.65,33.53,10.36,IDLE,0.0,OFF,0.0,OFF,9.94,20.3,20.3,0.0,0.0,08:00,17:00,3.0,17:00,1,4.5,0,50.0,13.23,13.23,0.0,21.75,0.0,0.0,0.0,0.0,8714.53,1
2026-06-06 07:00:00,1780709400,7.0,5,1,BATTERY_CHARGING,20.29,196.3,0.24,8.17,19.86,9.5,29.36,10.34,IDLE,0.0,OFF,0.0,OFF,10.27,20.62,20.62,0.0,0.0,08:00,17:00,3.0,17:00,1,4.5,0,50.0,8.74,8.74,0.0,22.1,0.0,0.0,0.0,0.0,8714.53,1
2026-06-06 07:05:00,1780709700,7.083,5,1,BATTERY_CHARGING,20.05,218.8,0.22,8.82,22.07,13.49,35.56,10.38,IDLE,0.0,OFF,0.0,OFF,10.11,20.49,20.49,0.0,0.0,08:00,17:00,3.0,17:00,1,4.5,0,50.0,15.07,15.07,0.0,22.69,0.0,0.0,0.0,0.0,8714.53,1
2026-06-06 07:10:00,1780710000,7.167,5,1,BATTERY_CHARGING,20.4,236.2,0.21,9.23,23.8,16.58,40.38,10.32,IDLE,0.0,OFF,0.0,OFF,9.7,20.03,20.03,0.0,0.0,08:00,17:00,3.0,17:00,1,4.5,0,50.0,20.35,20.35,0.0,23.5,0.0,0.0,0.0,0.0,8714.53,1
2026-06-06 07:15:00,1780710300,7.25,5,1,BATTERY_CHARGING,20.74,263.9,0.18,8.33,26.74,10.4,37.14,9.57,IDLE,0.0,OFF,0.0,OFF,9.93,19.51,19.51,0.0,0.0,08:00,17:00,3.0,17:00,1,4.5,0,50.0,17.63,17.63,0.0,24.2,0.0,0.0,0.0,0.0,8714.53,1
2026-06-06 07:20:00,1780710600,7.333,5,1,BATTERY_CHARGING,20.59,287.5,0.16,8.86,29.4,13.81,43.21,10.4,IDLE,0.0,OFF,0.0,OFF,9.98,20.38,20.38,0.0,0.0,08:00,17:00,3.0,17:00,1,4.5,0,50.0,22.83,22.83,0.0,25.1,0.0,0.0,0.0,0.0,8714.53,1
2026-06-06 07:25:00,1780710900,7.417,5,1,BATTERY_CHARGING,20.45,281.5,0.22,9.62,29.09,19.88,48.97,10.27,IDLE,0.0,OFF,0.0,OFF,9.82,20.09,20.09,0.0,0.0,08:00,17:00,3.0,17:00,1,4.5,0,50.0,28.88,28.88,0.0,26.24,0.0,0.0,0.0,0.0,8714.53,1
2026-06-06 07:30:00,1780711200,7.5,5,1,BATTERY_CHARGING,20.8,313.1,0.18,9.78,31.83,21.35,53.18,10.2,IDLE,0.0,OFF,0.0,OFF,9.99,20.19,20.19,0.0,0.0,08:00,17:00,3.0,17:00,1,4.5,0,50.0,32.99,32.99,0.0,27.55,0.0,0.0,0.0,0.0,8714.53,1
2026-06-06 07:35:00,1780711500,7.583,5,1,BATTERY_CHARGING,20.92,340.8,0.15,8.47,34.6,11.2,45.8,10.14,IDLE,0.0,OFF,0.0,OFF,9.89,20.03,20.03,0.0,0.0,08:00,17:00,3.0,17:00,1,4.5,0,50.0,25.77,25.77,0.0,28.57,0.0,0.0,0.0,0.0,8714.53,1
2026-06-06 07:40:00,1780711800,7.667,5,1,BATTERY_CHARGING,20.89,333.8,0.21,8.86,34.37,13.78,48.14,9.86,IDLE,0.0,OFF,0.0,OFF,9.96,19.82,19.82,0.0,0.0,08:00,17:00,3.0,17:00,1,4.5,0,50.0,28.32,28.32,0.0,29.69,0.0,0.0,0.0,0.0,8714.53,1
2026-06-06 07:45:00,1780712100,7.75,5,1,BATTERY_CHARGING,21.41,373.6,0.16,9.67,38.34,20.33,58.67,10.18,IDLE,0.0,OFF,0.0,OFF,9.86,20.05,20.05,0.0,0.0,08:00,17:00,3.0,17:00,1,4.5,0,50.0,38.62,38.62,0.0,31.22,0.0,0.0,0.0,0.0,8714.53,1
2026-06-06 07:50:00,1780712400,7.833,5,1,BATTERY_CHARGING,21.7,388.6,0.16,8.42,39.28,10.92,50.2,9.8,IDLE,0.0,OFF,0.0,OFF,10.13,19.93,19.93,0.0,0.0,08:00,17:00,3.0,17:00,1,4.5,0,50.0,30.27,30.27,0.0,32.42,0.0,0.0,0.0,0.0,8714.53,1
2026-06-06 07:55:00,1780712700,7.917,5,1,BATTERY_CHARGING,22.06,383.6,0.2,9.41,38.57,18.05,56.62,10.33,IDLE,0.0,OFF,0.0,OFF,9.76,20.09,20.09,0.0,0.0,08:00,17:00,3.0,17:00,1,4.5,0,50.0,36.53,36.53,0.0,33.86,0.0,0.0,0.0,0.0,8714.53,1
2026-06-06 08:00:00,1780713000,8.0,5,1,BATTERY_CHARGING,22.25,407.9,0.18,9.57,40.9,19.45,60.36,9.85,IDLE,0.0,OFF,0.0,OFF,9.95,19.8,19.8,0.0,0.0,08:00,17:00,3.0,17:00,1,4.5,0,50.0,40.56,40.56,0.0,35.47,0.0,0.0,0.0,0.0,8714.53,1
2026-06-06 08:05:00,1780713300,8.083,5,1,BATTERY_CHARGING,22.08,405.2,0.22,8.65,41.19,12.36,53.56,9.85,IDLE,0.0,OFF,0.0,OFF,10.12,19.97,19.97,0.0,0.0,08:00,17:00,3.0,17:00,1,4.5,0,50.0,33.59,33.59,0.0,36.8,0.0,0.0,0.0,0.0,8714.53,1
2026-06-06 08:10:00,1780713600,8.167,5,1,BATTERY_CHARGING,22.18,456.2,0.15,9.67,46.23,20.36,66.59,9.58,IDLE,0.0,OFF,0.0,OFF,10.1,19.68,19.68,0.0,0.0,08:00,17:00,3.0,17:00,1,4.5,0,50.0,46.91,46.91,0.0,38.65,0.0,0.0,0.0,0.0,8714.53,1
2026-06-06 08:15:00,1780713900,8.25,5,1,BATTERY_CHARGING,22.53,454.2,0.18,10.02,46.31,23.73,70.04,10.24,IDLE,0.0,OFF,0.0,OFF,10.14,20.38,20.38,0.0,0.0,08:00,17:00,3.0,17:00,1,4.5,0,50.0,49.66,49.66,0.0,40.62,0.0,0.0,0.0,0.0,8714.53,1
2026-06-06 08:20:00,1780714200,8.333,5,1,BATTERY_CHARGING,22.46,478.9,0.17,9.2,48.02,16.34,64.37,10.36,IDLE,0.0,OFF,0.0,OFF,9.77,20.13,20.13,0.0,0.0,08:00,17:00,3.0,17:00,1,4.5,0,50.0,44.24,44.24,0.0,42.37,0.0,0.0,0.0,0.0,8714.53,1
2026-06-06 08:25:00,1780714500,8.417,5,1,BATTERY_CHARGING,23.16,478.6,0.19,9.32,47.71,17.33,65.04,9.95,IDLE,0.0,OFF,0.0,OFF,10.2,20.15,20.15,0.0,0.0,08:00,17:00,3.0,17:00,1,4.5,0,50.0,44.89,44.89,0.0,44.15,0.0,0.0,0.0,0.0,8714.53,1
2026-06-06 08:30:00,1780714800,8.5,5,1,GRID_EXPORT,22.66,490.1,0.19,10.06,49.07,24.14,73.21,9.72,IDLE,0.0,OFF,0.0,OFF,10.29,20.01,20.01,0.0,0.0,08:00,17:00,3.0,17:00,1,4.5,0,50.0,50.0,50.0,0.0,46.13,0.0,3.2,0.0,-0.6,8713.93,1
2026-06-06 08:35:00,1780715100,8.583,5,1,BATTERY_CHARGING,23.07,497.9,0.2,8.8,50.05,13.35,63.4,9.85,IDLE,0.0,OFF,0.0,OFF,10.27,20.12,20.12,0.0,0.0,08:00,17:00,3.0,17:00,1,4.5,0,50.0,43.28,43.28,0.0,47.84,0.0,0.0,0.0,0.0,8713.93,1
2026-06-06 08:40:00,1780715400,8.667,5,1,BATTERY_CHARGING,23.68,509.3,0.21,8.57,51.51,11.87,63.38,9.52,IDLE,0.0,OFF,0.0,OFF,10.24,19.75,19.75,0.0,0.0,08:00,17:00,3.0,17:00,1,4.5,0,50.0,43.63,43.63,0.0,49.57,0.0,0.0,0.0,0.0,8713.93,1
2026-06-06 08:45:00,1780715700,8.75,5,1,GRID_EXPORT,23.48,503.2,0.24,9.69,50.78,20.5,71.28,9.96,IDLE,0.0,OFF,0.0,OFF,9.95,19.9,19.9,0.0,0.0,08:00,17:00,3.0,17:00,1,4.5,0,50.0,50.0,50.0,0.0,51.55,0.0,1.38,0.0,-0.2588,8713.67,1
2026-06-06 08:50:00,1780716000,8.833,5,1,GRID_EXPORT,23.53,537.6,0.2,9.42,54.34,18.16,72.5,9.61,IDLE,0.0,OFF,0.0,OFF,9.81,19.42,19.42,0.0,0.0,08:00,17:00,3.0,17:00,1,4.5,0,50.0,50.0,50.0,0.0,53.53,0.0,3.08,0.0,-0.5775,8713.09,1
2026-06-06 08:55:00,1780716300,8.917,5,1,GRID_EXPORT,23.77,575.6,0.17,9.55,57.88,19.29,77.17,9.88,IDLE,0.0,OFF,0.0,OFF,10.21,20.09,20.09,0.0,0.0,08:00,17:00,3.0,17:00,1,4.5,0,50.0,50.0,50.0,0.0,55.5,0.0,7.08,0.0,-1.3275,8711.77,1
2026-06-06 09:00:00,1780716600,9.0,5,1,GRID_EXPORT,24.15,570.1,0.19,9.07,57.32,15.32,72.65,10.43,IDLE,0.0,OFF,0.0,OFF,10.21,20.64,20.64,0.0,0.0,08:00,17:00,3.0,17:00,1,4.5,0,50.0,50.0,50.0,0.0,57.48,0.0,2.01,0.0,-0.3769,8711.39,1
2026-06-06 09:05:00,1780716900,9.083,5,1,BATTERY_CHARGING,24.57,555.8,0.23,8.79,55.82,13.34,69.17,10.12,IDLE,0.0,OFF,0.0,OFF,9.95,20.06,20.06,0.0,0.0,08:00,17:00,3.0,17:00,1,4.5,0,50.0,49.11,49.11,0.0,59.43,0.0,0.0,0.0,0.0,8711.39,1
2026-06-06 09:10:00,1780717200,9.167,5,1,GRID_EXPORT,24.35,571.3,0.23,10.12,56.88,24.8,81.68,9.94,IDLE,0.0,OFF,0.0,OFF,10.05,19.99,19.99,0.0,0.0,08:00,17:00,3.0,17:00,1,4.5,0,50.0,50.0,50.0,0.0,61.41,0.0,11.69,0.0,-2.1919,8709.2,1
2026-06-06 09:15:00,1780717500,9.25,5,1,GRID_EXPORT,24.15,617.3,0.18,9.32,61.66,17.35,79.01,9.95,IDLE,0.0,OFF,0.0,OFF,9.93,19.88,19.88,0.0,0.0,08:00,17:00,3.0,17:00,1,4.5,0,50.0,50.0,50.0,0.0,63.39,0.0,9.13,0.0,-1.7119,8707.49,1
2026-06-06 09:20:00,1780717800,9.333,5,1,GRID_EXPORT,24.45,615.2,0.2,8.86,62.12,13.81,75.93,10.41,IDLE,0.0,OFF,0.0,OFF,9.95,20.36,20.36,0.0,0.0,08:00,17:00,3.0,17:00,1,4.5,0,50.0,50.0,50.0,0.0,65.37,0.0,5.57,0.0,-1.0444,8706.44,1
2026-06-06 09:25:00,1780718100,9.417,5,1,GRID_EXPORT,25.13,608.0,0.22,9.86,60.28,22.11,82.39,9.87,IDLE,0.0,OFF,0.0,OFF,9.83,19.71,19.71,0.0,0.0,08:00,17:00,3.0,17:00,1,4.5,0,50.0,50.0,50.0,0.0,67.34,0.0,12.68,0.0,-2.3775,8704.06,1
2026-06-06 09:30:00,1780718400,9.5,5,1,GRID_EXPORT,24.87,604.6,0.24,9.1,60.83,15.58,76.41,10.3,IDLE,0.0,OFF,0.0,OFF,9.95,20.24,20.24,0.0,0.0,08:00,17:00,3.0,17:00,1,4.5,0,50.0,50.0,50.0,0.0,69.32,0.0,6.17,0.0,-1.1569,8702.91,1
2026-06-06 09:35:00,1780718700,9.583,5,1,GRID_EXPORT,25.01,612.9,0.24,9.35,60.8,17.55,78.35,9.65,IDLE,0.0,OFF,0.0,OFF,9.92,19.58,19.58,0.0,0.0,08:00,17:00,3.0,17:00,1,4.5,0,50.0,50.0,50.0,0.0,71.3,0.0,8.77,0.0,-1.6444,8701.26,1
2026-06-06 09:40:00,1780719000,9.667,5,1,GRID_EXPORT,25.64,629.1,0.23,9.65,62.58,20.17,82.76,10.46,IDLE,0.0,OFF,0.0,OFF,10.3,20.75,20.75,0.0,0.0,08:00,17:00,3.0,17:00,1,4.5,0,50.0,50.0,50.0,0.0,73.28,0.0,12.01,0.0,-2.2519,8699.01,1
2026-06-06 09:45:00,1780719300,9.75,5,1,GRID_EXPORT,25.35,625.8,0.25,9.0,62.64,14.84,77.47,10.33,IDLE,0.0,OFF,0.0,OFF,10.18,20.51,20.51,0.0,0.0,08:00,17:00,3.0,17:00,1,4.5,0,50.0,50.0,50.0,0.0,75.26,0.0,6.96,0.0,-1.305,8697.71,1
2026-06-06 09:50:00,1780719600,9.833,5,1,GRID_EXPORT,25.79,706.0,0.16,9.72,70.85,20.77,91.63,9.67,IDLE,0.0,OFF,0.0,OFF,10.24,19.92,19.92,0.0,0.0,08:00,17:00,3.0,17:00,1,4.5,0,50.0,50.0,50.0,0.0,77.24,0.0,21.71,0.0,-4.0706,8693.63,1
2026-06-06 09:55:00,1780719900,9.917,5,1,GRID_EXPORT,25.92,689.3,0.19,8.86,68.98,13.79,82.77,10.0,IDLE,0.0,OFF,0.0,OFF,10.08,20.08,20.08,0.0,0.0,08:00,17:00,3.0,17:00,1,4.5,0,50.0,50.0,50.0,0.0,79.22,0.0,12.69,0.0,-2.3794,8691.26,1
2026-06-06 10:00:00,1780720200,10.0,5,1,GRID_EXPORT,26.3,663.1,0.23,9.7,65.73,20.66,86.39,10.05,IDLE,0.0,OFF,0.0,OFF,10.27,20.32,20.32,0.0,0.0,08:00,17:00,3.0,17:00,1,4.5,0,50.0,50.0,50.0,0.0,81.2,0.0,16.07,0.0,-3.0131,8688.24,1
2026-06-06 10:05:00,1780720500,10.083,5,1,GRID_EXPORT,26.0,737.0,0.16,9.4,73.54,17.97,91.51,10.09,IDLE,0.0,OFF,0.0,OFF,9.72,19.81,19.81,0.0,0.0,08:00,17:00,3.0,17:00,1,4.5,0,50.0,50.0,50.0,0.0,83.18,0.0,21.7,0.0,-4.0687,8684.17,1
2026-06-06 10:10:00,1780720800,10.167,5,1,GRID_EXPORT,26.57,672.3,0.24,8.82,66.69,13.55,80.24,10.24,IDLE,0.0,OFF,0.0,OFF,9.78,20.02,20.02,0.0,0.0,08:00,17:00,3.0,17:00,1,4.5,0,50.0,50.0,50.0,0.0,85.16,0.0,10.22,0.0,-1.9162,8682.26,1
2026-06-06 10:15:00,1780721100,10.25,5,1,GRID_EXPORT,26.53,705.7,0.21,9.27,69.88,16.89,86.76,10.4,IDLE,0.0,OFF,0.0,OFF,9.88,20.28,20.28,0.0,0.0,08:00,17:00,3.0,17:00,1,4.5,0,50.0,50.0,50.0,0.0,87.14,0.0,16.48,0.0,-3.09,8679.17,1
2026-06-06 10:20:00,1780721400,10.333,5,1,GRID_EXPORT,26.76,748.1,0.17,9.94,74.57,22.91,97.48,10.27,IDLE,0.0,OFF,0.0,OFF,10.1,20.37,20.37,0.0,0.0,08:00,17:00,3.0,17:00,1,4.5,0,50.0,50.0,50.0,0.0,89.12,0.0,27.11,0.0,-5.0831,8674.08,1
2026-06-06 10:25:00,1780721700,10.417,5,1,GRID_EXPORT,26.72,692.4,0.24,9.69,68.91,20.53,89.43,10.08,IDLE,0.0,OFF,0.0,OFF,9.76,19.84,19.84,0.0,0.0,08:00,17:00,3.0,17:00,1,4.5,0,50.0,50.0,50.0,0.0,91.09,0.0,19.59,0.0,-3.6731,8670.41,1
2026-06-06 10:30:00,1780722000,10.5,5,1,GRID_EXPORT,27.03,730.2,0.21,8.85,72.21,13.73,85.95,10.39,IDLE,0.0,OFF,0.0,OFF,9.76,20.15,20.15,0.0,0.0,08:00,17:00,3.0,17:00,1,4.5,0,50.0,50.0,50.0,0.0,93.07,0.0,15.8,0.0,-2.9625,8667.45,1
2026-06-06 10:35:00,1780722300,10.583,5,1,GRID_EXPORT,27.22,758.5,0.19,10.01,75.07,23.65,98.72,9.99,IDLE,0.0,OFF,0.0,OFF,9.71,19.7,19.7,0.0,0.0,08:00,17:00,3.0,17:00,1,4.5,0,50.0,48.67,48.67,0.0,95.0,0.0,30.35,0.0,-5.6912,8661.76,1
2026-06-06 10:40:00,1780722600,10.667,5,1,UNAVOIDABLE_CURTAILMENT,27.04,708.6,0.25,8.78,70.47,13.27,83.74,9.88,IDLE,0.0,OFF,0.0,OFF,9.89,19.76,19.76,0.0,0.0,08:00,17:00,3.0,17:00,1,4.5,0,50.0,0.0,0.0,0.0,95.0,0.0,50.0,13.98,-9.375,8652.38,1
2026-06-06 10:45:00,1780722900,10.75,5,1,UNAVOIDABLE_CURTAILMENT,27.86,728.3,0.23,8.94,71.51,14.37,85.88,9.68,IDLE,0.0,OFF,0.0,OFF,10.04,19.72,19.72,0.0,0.0,08:00,17:00,3.0,17:00,1,4.5,0,50.0,0.0,0.0,0.0,95.0,0.0,50.0,16.16,-9.375,8643.01,1
2026-06-06 10:50:00,1780723200,10.833,5,1,UNAVOIDABLE_CURTAILMENT,27.78,807.7,0.15,10.2,80.36,25.62,105.99,9.98,IDLE,0.0,OFF,0.0,OFF,10.07,20.05,20.05,0.0,0.0,08:00,17:00,3.0,17:00,1,4.5,0,50.0,0.0,0.0,0.0,95.0,0.0,50.0,35.94,-9.375,8633.63,1
2026-06-06 10:55:00,1780723500,10.917,5,1,UNAVOIDABLE_CURTAILMENT,27.89,800.8,0.17,9.82,79.59,21.71,101.3,9.69,IDLE,0.0,OFF,0.0,OFF,9.72,19.41,19.41,0.0,0.0,08:00,17:00,3.0,17:00,1,4.5,0,50.0,0.0,0.0,0.0,95.0,0.0,50.0,31.89,-9.375,8624.26,1
2026-06-06 11:00:00,1780723800,11.0,5,1,UNAVOIDABLE_CURTAILMENT,27.62,771.6,0.2,8.86,76.72,13.79,90.51,9.61,IDLE,0.0,OFF,0.0,OFF,9.83,19.44,19.44,0.0,0.0,08:00,17:00,3.0,17:00,1,4.5,0,50.0,0.0,0.0,0.0,95.0,0.0,50.0,21.07,-9.375,8614.88,1
2026-06-06 11:05:00,1780724100,11.083,5,1,UNAVOIDABLE_CURTAILMENT,28.01,804.3,0.17,9.76,79.9,21.23,101.13,9.77,IDLE,0.0,OFF,0.0,OFF,9.99,19.76,19.76,0.0,0.0,08:00,17:00,3.0,17:00,1,4.5,0,50.0,0.0,0.0,0.0,95.0,0.0,50.0,31.37,-9.375,8605.51,1
2026-06-06 11:10:00,1780724400,11.167,5,1,UNAVOIDABLE_CURTAILMENT,28.66,795.8,0.18,9.47,78.21,18.55,96.76,10.25,IDLE,0.0,OFF,0.0,OFF,10.0,20.24,20.24,0.0,0.0,08:00,17:00,3.0,17:00,1,4.5,0,50.0,0.0,0.0,0.0,95.0,0.0,50.0,26.52,-9.375,8596.13,1
2026-06-06 11:15:00,1780724700,11.25,5,1,UNAVOIDABLE_CURTAILMENT,28.45,794.4,0.19,8.88,78.02,13.92,91.94,10.19,IDLE,0.0,OFF,0.0,OFF,10.23,20.42,20.42,0.0,0.0,08:00,17:00,3.0,17:00,1,4.5,0,50.0,0.0,0.0,0.0,95.0,0.0,50.0,21.52,-9.375,8586.76,1
2026-06-06 11:20:00,1780725000,11.333,5,1,UNAVOIDABLE_CURTAILMENT,28.41,798.4,0.19,9.48,79.02,18.69,97.71,9.81,IDLE,0.0,OFF,0.0,OFF,10.18,19.99,19.99,0.0,0.0,08:00,17:00,3.0,17:00,1,4.5,0,50.0,0.0,0.0,0.0,95.0,0.0,50.0,27.72,-9.375,8577.38,1
2026-06-06 11:25:00,1780725300,11.417,5,1,UNAVOIDABLE_CURTAILMENT,29.09,791.9,0.2,9.94,77.82,22.95,100.77,10.25,IDLE,0.0,OFF,0.0,OFF,10.19,20.44,20.44,0.0,0.0,08:00,17:00,3.0,17:00,1,4.5,0,50.0,0.0,0.0,0.0,95.0,0.0,50.0,30.33,-9.375,8568.01,1
2026-06-06 11:30:00,1780725600,11.5,5,1,UNAVOIDABLE_CURTAILMENT,28.97,782.5,0.21,9.2,77.08,16.32,93.4,9.87,IDLE,0.0,OFF,0.0,OFF,10.08,19.95,19.95,0.0,0.0,08:00,17:00,3.0,17:00,1,4.5,0,50.0,0.0,0.0,0.0,95.0,0.0,50.0,23.45,-9.375,8558.63,1
2026-06-06 11:35:00,1780725900,11.583,5,1,UNAVOIDABLE_CURTAILMENT,28.66,828.3,0.17,8.54,81.63,11.68,93.31,10.09,IDLE,0.0,OFF,0.0,OFF,9.88,19.96,19.96,0.0,0.0,08:00,17:00,3.0,17:00,1,4.5,0,50.0,0.0,0.0,0.0,95.0,0.0,50.0,23.35,-9.375,8549.26,1
2026-06-06 11:40:00,1780726200,11.667,5,1,UNAVOIDABLE_CURTAILMENT,29.4,782.5,0.21,10.01,76.72,23.63,100.35,9.53,IDLE,0.0,OFF,0.0,OFF,9.81,19.34,19.34,0.0,0.0,08:00,17:00,3.0,17:00,1,4.5,0,50.0,0.0,0.0,0.0,95.0,0.0,50.0,31.01,-9.375,8539.88,1
2026-06-06 11:45:00,1780726500,11.75,5,1,UNAVOIDABLE_CURTAILMENT,29.13,769.3,0.23,9.01,75.23,14.92,90.15,10.16,IDLE,0.0,OFF,0.0,OFF,9.92,20.08,20.08,0.0,0.0,08:00,17:00,3.0,17:00,1,4.5,0,50.0,0.0,0.0,0.0,95.0,0.0,50.0,20.07,-9.375,8530.51,1
2026-06-06 11:50:00,1780726800,11.833,5,1,UNAVOIDABLE_CURTAILMENT,29.63,837.0,0.16,8.93,81.66,14.28,95.94,9.83,IDLE,0.0,OFF,0.0,OFF,9.98,19.81,19.81,0.0,0.0,08:00,17:00,3.0,17:00,1,4.5,0,50.0,0.0,0.0,0.0,95.0,0.0,50.0,26.13,-9.375,8521.13,1
2026-06-06 11:55:00,1780727100,11.917,5,1,UNAVOIDABLE_CURTAILMENT,29.77,759.9,0.24,9.29,74.43,17.07,91.5,10.1,IDLE,0.0,OFF,0.0,OFF,10.02,20.12,20.12,0.0,0.0,08:00,17:00,3.0,17:00,1,4.5,0,50.0,0.0,0.0,0.0,95.0,0.0,50.0,21.38,-9.375,8511.76,1
2026-06-06 12:00:00,1780727400,12.0,5,1,UNAVOIDABLE_CURTAILMENT,29.34,822.2,0.18,9.34,81.18,17.46,98.64,10.36,IDLE,0.0,OFF,0.0,OFF,9.74,20.1,20.1,0.0,0.0,08:00,17:00,3.0,17:00,1,4.5,0,50.0,0.0,0.0,0.0,95.0,0.0,50.0,28.54,-9.375,8502.38,1
2026-06-06 12:05:00,1780727700,12.083,5,1,UNAVOIDABLE_CURTAILMENT,30.09,807.6,0.19,9.55,78.94,19.25,98.18,9.82,IDLE,0.0,OFF,0.0,OFF,9.82,19.64,19.64,0.0,0.0,08:00,17:00,3.0,17:00,1,4.5,0,50.0,0.0,0.0,0.0,95.0,0.0,50.0,28.54,-9.375,8493.01,1
2026-06-06 12:10:00,1780728000,12.167,5,1,UNAVOIDABLE_CURTAILMENT,30.14,799.4,0.2,9.89,78.21,22.46,100.68,9.62,IDLE,0.0,OFF,0.0,OFF,9.8,19.43,19.43,0.0,0.0,08:00,17:00,3.0,17:00,1,4.5,0,50.0,0.0,0.0,0.0,95.0,0.0,50.0,31.25,-9.375,8483.63,1
2026-06-06 12:15:00,1780728300,12.25,5,1,UNAVOIDABLE_CURTAILMENT,29.88,810.0,0.19,9.2,79.2,16.35,95.56,10.14,IDLE,0.0,OFF,0.0,OFF,10.21,20.36,20.36,0.0,0.0,08:00,17:00,3.0,17:00,1,4.5,0,50.0,0.0,0.0,0.0,95.0,0.0,50.0,25.2,-9.375,8474.26,1
2026-06-06 12:20:00,1780728600,12.333,5,1,UNAVOIDABLE_CURTAILMENT,30.52,755.9,0.24,8.7,74.27,12.72,86.99,9.9,IDLE,0.0,OFF,0.0,OFF,10.24,20.14,20.14,0.0,0.0,08:00,17:00,3.0,17:00,1,4.5,0,50.0,0.0,0.0,0.0,95.0,0.0,50.0,16.85,-9.375,8464.88,1
2026-06-06 12:25:00,1780728900,12.417,5,1,UNAVOIDABLE_CURTAILMENT,30.57,841.1,0.15,9.25,81.8,16.73,98.53,9.6,IDLE,0.0,OFF,0.0,OFF,10.18,19.78,19.78,0.0,0.0,08:00,17:00,3.0,17:00,1,4.5,0,50.0,0.0,0.0,0.0,95.0,0.0,50.0,28.75,-9.375,8455.51,1
2026-06-06 12:30:00,1780729200,12.5,5,1,UNAVOIDABLE_CURTAILMENT,30.53,815.5,0.18,9.39,79.65,17.89,97.54,10.06,IDLE,0.0,OFF,0.0,OFF,9.89,19.94,19.94,0.0,0.0,08:00,17:00,3.0,17:00,1,4.5,0,50.0,0.0,0.0,0.0,95.0,0.0,50.0,27.6,-9.375,8446.13,1
2026-06-06 12:35:00,1780729500,12.583,5,1,UNAVOIDABLE_CURTAILMENT,30.54,801.2,0.19,9.26,78.3,16.86,95.16,10.35,IDLE,0.0,OFF,0.0,OFF,10.28,20.63,20.63,0.0,0.0,08:00,17:00,3.0,17:00,1,4.5,0,50.0,0.0,0.0,0.0,95.0,0.0,50.0,24.53,-9.375,8436.76,1
2026-06-06 12:40:00,1780729800,12.667,5,1,UNAVOIDABLE_CURTAILMENT,30.25,800.3,0.19,9.1,77.88,15.6,93.47,9.55,IDLE,0.0,OFF,0.0,OFF,9.71,19.25,19.25,0.0,0.0,08:00,17:00,3.0,17:00,1,4.5,0,50.0,0.0,0.0,0.0,95.0,0.0,50.0,24.22,-9.375,8427.38,1
2026-06-06 12:45:00,1780730100,12.75,5,1,UNAVOIDABLE_CURTAILMENT,30.34,802.0,0.18,9.18,78.42,16.19,94.61,9.67,IDLE,0.0,OFF,0.0,OFF,9.81,19.48,19.48,0.0,0.0,08:00,17:00,3.0,17:00,1,4.5,0,50.0,0.0,0.0,0.0,95.0,0.0,50.0,25.13,-9.375,8418.01,1
2026-06-06 12:50:00,1780730400,12.833,5,1,UNAVOIDABLE_CURTAILMENT,31.07,793.8,0.19,9.49,77.95,18.73,96.68,10.43,IDLE,0.0,OFF,0.0,OFF,10.22,20.65,20.65,0.0,0.0,08:00,17:00,3.0,17:00,1,4.5,0,50.0,0.0,0.0,0.0,95.0,0.0,50.0,26.03,-9.375,8408.63,1
2026-06-06 12:55:00,1780730700,12.917,5,1,UNAVOIDABLE_CURTAILMENT,30.65,749.4,0.23,8.18,73.69,9.55,83.24,9.58,IDLE,0.0,OFF,0.0,OFF,9.9,19.47,19.47,0.0,0.0,08:00,17:00,3.0,17:00,1,4.5,0,50.0,0.0,0.0,0.0,95.0,0.0,50.0,13.77,-9.375,8399.26,1
2026-06-06 13:00:00,1780731000,13.0,5,1,UNAVOIDABLE_CURTAILMENT,31.02,742.6,0.23,8.4,72.14,10.8,82.94,9.64,IDLE,0.0,OFF,0.0,OFF,9.98,19.61,19.61,0.0,0.0,08:00,17:00,3.0,17:00,1,4.5,0,50.0,0.0,0.0,0.0,95.0,0.0,50.0,13.33,-9.375,8389.88,1
2026-06-06 13:05:00,1780731300,13.083,5,1,UNAVOIDABLE_CURTAILMENT,30.71,733.3,0.24,9.13,72.04,15.83,87.87,10.47,IDLE,0.0,OFF,0.0,OFF,9.95,20.41,20.41,0.0,0.0,08:00,17:00,3.0,17:00,1,4.5,0,50.0,0.0,0.0,0.0,95.0,0.0,50.0,17.46,-9.375,8380.51,1
2026-06-06 13:10:00,1780731600,13.167,5,1,UNAVOIDABLE_CURTAILMENT,31.05,799.0,0.16,8.73,78.04,12.92,90.97,10.16,IDLE,0.0,OFF,0.0,OFF,10.29,20.45,20.45,0.0,0.0,08:00,17:00,3.0,17:00,1,4.5,0,50.0,0.0,0.0,0.0,95.0,0.0,50.0,20.52,-9.375,8371.13,1
2026-06-06 13:15:00,1780731900,13.25,5,1,UNAVOIDABLE_CURTAILMENT,31.03,735.7,0.22,8.21,71.56,9.7,81.25,9.8,IDLE,0.0,OFF,0.0,OFF,9.75,19.55,19.55,0.0,0.0,08:00,17:00,3.0,17:00,1,4.5,0,50.0,0.0,0.0,0.0,95.0,0.0,50.0,11.7,-9.375,8361.76,1
2026-06-06 13:20:00,1780732200,13.333,5,1,UNAVOIDABLE_CURTAILMENT,31.3,716.7,0.24,8.86,70.1,13.82,83.92,9.71,IDLE,0.0,OFF,0.0,OFF,9.75,19.45,19.45,0.0,0.0,08:00,17:00,3.0,17:00,1,4.5,0,50.0,0.0,0.0,0.0,95.0,0.0,50.0,14.47,-9.375,8352.38,1
2026-06-06 13:25:00,1780732500,13.417,5,1,UNAVOIDABLE_CURTAILMENT,31.7,786.6,0.16,7.79,76.27,7.52,83.79,10.32,IDLE,0.0,OFF,0.0,OFF,9.81,20.13,20.13,0.0,0.0,08:00,17:00,3.0,17:00,1,4.5,0,50.0,0.0,0.0,0.0,95.0,0.0,50.0,13.66,-9.375,8343.01,1
2026-06-06 13:30:00,1780732800,13.5,5,1,UNAVOIDABLE_CURTAILMENT,31.07,766.0,0.17,8.67,74.77,12.48,87.25,10.36,IDLE,0.0,OFF,0.0,OFF,10.16,20.51,20.51,0.0,0.0,08:00,17:00,3.0,17:00,1,4.5,0,50.0,0.0,0.0,0.0,95.0,0.0,50.0,16.74,-9.375,8333.63,1
2026-06-06 13:35:00,1780733100,13.583,5,1,UNAVOIDABLE_CURTAILMENT,31.31,736.5,0.2,7.92,71.79,8.19,79.98,10.41,IDLE,0.0,OFF,0.0,OFF,9.83,20.25,20.25,0.0,0.0,08:00,17:00,3.0,17:00,1,4.5,0,50.0,0.0,0.0,0.0,95.0,0.0,50.0,9.73,-9.375,8324.26,1
2026-06-06 13:40:00,1780733400,13.667,5,1,UNAVOIDABLE_CURTAILMENT,31.41,682.0,0.25,9.02,66.46,14.98,81.45,10.28,IDLE,0.0,OFF,0.0,OFF,9.81,20.09,20.09,0.0,0.0,08:00,17:00,3.0,17:00,1,4.5,0,50.0,0.0,0.0,0.0,95.0,0.0,50.0,11.36,-9.375,8314.88,1
2026-06-06 13:45:00,1780733700,13.75,5,1,UNAVOIDABLE_CURTAILMENT,31.4,747.6,0.17,8.08,73.22,8.99,82.21,10.15,IDLE,0.0,OFF,0.0,OFF,9.79,19.94,19.94,0.0,0.0,08:00,17:00,3.0,17:00,1,4.5,0,50.0,0.0,0.0,0.0,95.0,0.0,50.0,12.27,-9.375,8305.51,1
2026-06-06 13:50:00,1780734000,13.833,5,1,UNAVOIDABLE_CURTAILMENT,31.93,687.9,0.22,7.93,67.27,8.21,75.48,9.69,IDLE,0.0,OFF,0.0,OFF,9.72,19.4,19.4,0.0,0.0,08:00,17:00,3.0,17:00,1,4.5,0,50.0,0.0,0.0,0.0,95.0,0.0,50.0,6.08,-9.375,8296.13,1
2026-06-06 13:55:00,1780734300,13.917,5,1,UNAVOIDABLE_CURTAILMENT,31.81,705.5,0.2,7.92,69.06,8.18,77.24,9.58,IDLE,0.0,OFF,0.0,OFF,9.96,19.54,19.54,0.0,0.0,08:00,17:00,3.0,17:00,1,4.5,0,50.0,0.0,0.0,0.0,95.0,0.0,50.0,7.7,-9.375,8286.76,1
2026-06-06 14:00:00,1780734600,14.0,5,1,UNAVOIDABLE_CURTAILMENT,31.45,692.6,0.2,8.26,67.03,10.0,77.03,9.77,IDLE,0.0,OFF,0.0,OFF,9.76,19.53,19.53,0.0,0.0,08:00,17:00,3.0,17:00,1,4.5,0,50.0,0.0,0.0,0.0,95.0,0.0,50.0,7.5,-9.375,8277.38,1
2026-06-06 14:05:00,1780734900,14.083,5,1,UNAVOIDABLE_CURTAILMENT,31.89,664.1,0.22,8.08,64.37,8.98,73.36,9.9,IDLE,0.0,OFF,0.0,OFF,10.06,19.96,19.96,0.0,0.0,08:00,17:00,3.0,17:00,1,4.5,0,50.0,0.0,0.0,0.0,95.0,0.0,50.0,3.4,-9.375,8268.01,1
2026-06-06 14:10:00,1780735200,14.167,5,1,UNAVOIDABLE_CURTAILMENT,31.83,675.3,0.2,8.05,65.86,8.82,74.68,10.15,IDLE,0.0,OFF,0.0,OFF,10.28,20.42,20.42,0.0,0.0,08:00,17:00,3.0,17:00,1,4.5,0,50.0,0.0,0.0,0.0,95.0,0.0,50.0,4.26,-9.375,8258.63,1
2026-06-06 14:15:00,1780735500,14.25,5,1,UNAVOIDABLE_CURTAILMENT,31.62,702.3,0.16,7.36,68.14,5.7,73.83,9.57,IDLE,0.0,OFF,0.0,OFF,9.76,19.33,19.33,0.0,0.0,08:00,17:00,3.0,17:00,1,4.5,0,50.0,0.0,0.0,0.0,95.0,0.0,50.0,4.5,-9.375,8249.26,1
2026-06-06 14:20:00,1780735800,14.333,5,1,UNAVOIDABLE_CURTAILMENT,31.66,645.5,0.21,8.4,62.72,10.81,73.53,9.6,IDLE,0.0,OFF,0.0,OFF,10.14,19.74,19.74,0.0,0.0,08:00,17:00,3.0,17:00,1,4.5,0,50.0,0.0,0.0,0.0,95.0,0.0,50.0,3.79,-9.375,8239.88,1
2026-06-06 14:25:00,1780736100,14.417,5,1,UNAVOIDABLE_CURTAILMENT,32.21,663.8,0.18,7.54,64.76,6.4,71.16,9.85,IDLE,0.0,OFF,0.0,OFF,9.87,19.72,19.72,0.0,0.0,08:00,17:00,3.0,17:00,1,4.5,0,50.0,0.0,0.0,0.0,95.0,0.0,50.0,1.44,-9.375,8230.51,1
2026-06-06 14:30:00,1780736400,14.5,5,1,GRID_EXPORT,32.01,616.1,0.22,7.31,59.89,5.48,65.37,10.2,IDLE,0.0,OFF,0.0,OFF,9.99,20.19,20.19,0.0,0.0,08:00,17:00,3.0,17:00,1,4.5,0,50.0,0.0,0.0,0.0,95.0,0.0,45.18,0.0,-8.4713,8222.04,1
2026-06-06 14:35:00,1780736700,14.583,5,1,GRID_EXPORT,31.8,592.2,0.24,7.49,57.42,6.2,63.62,9.57,IDLE,0.0,OFF,0.0,OFF,9.81,19.38,19.38,0.0,0.0,08:00,17:00,3.0,17:00,1,4.5,0,50.0,0.0,0.0,0.0,95.0,0.0,44.24,0.0,-8.295,8213.74,1
2026-06-06 14:40:00,1780737000,14.667,5,1,GRID_EXPORT,32.29,640.3,0.16,7.08,62.13,4.64,66.78,9.83,IDLE,0.0,OFF,0.0,OFF,9.81,19.64,19.64,0.0,0.0,08:00,17:00,3.0,17:00,1,4.5,0,50.0,0.0,0.0,0.0,95.0,0.0,47.14,0.0,-8.8387,8204.9,1
2026-06-06 14:45:00,1780737300,14.75,5,1,UNAVOIDABLE_CURTAILMENT,31.79,633.3,0.16,8.09,61.96,9.05,71.01,10.09,IDLE,0.0,OFF,0.0,OFF,10.28,20.38,20.38,0.0,0.0,08:00,17:00,3.0,17:00,1,4.5,0,50.0,0.0,0.0,0.0,95.0,0.0,50.0,0.63,-9.375,8195.53,1
2026-06-06 14:50:00,1780737600,14.833,5,1,GRID_EXPORT,32.06,590.7,0.2,7.35,57.01,5.64,62.65,10.32,IDLE,0.0,OFF,0.0,OFF,10.04,20.36,20.36,0.0,0.0,08:00,17:00,3.0,17:00,1,4.5,0,50.0,0.0,0.0,0.0,95.0,0.0,42.29,0.0,-7.9294,8187.6,1
2026-06-06 14:55:00,1780737900,14.917,5,1,GRID_EXPORT,32.39,553.7,0.23,7.74,53.4,7.3,60.7,9.65,IDLE,0.0,OFF,0.0,OFF,9.76,19.4,19.4,0.0,0.0,08:00,17:00,3.0,17:00,1,4.5,0,50.0,0.0,0.0,0.0,95.0,0.0,41.3,0.0,-7.7438,8179.85,1
2026-06-06 15:00:00,1780738200,15.0,5,1,GRID_EXPORT,31.84,549.0,0.22,7.57,53.63,6.55,60.18,10.49,IDLE,0.0,OFF,0.0,OFF,9.85,20.34,20.34,0.0,0.0,08:00,17:00,3.0,17:00,1,4.5,0,50.0,0.0,0.0,0.0,95.0,0.0,39.84,0.0,-7.47,8172.38,1
2026-06-06 15:05:00,1780738500,15.083,5,1,GRID_EXPORT,31.99,562.6,0.19,6.82,54.54,3.81,58.35,10.21,IDLE,0.0,OFF,0.0,OFF,10.23,20.44,20.44,0.0,0.0,08:00,17:00,3.0,17:00,1,4.5,0,50.0,0.0,0.0,0.0,95.0,0.0,37.91,0.0,-7.1081,8165.28,1
2026-06-06 15:10:00,1780738800,15.167,5,1,GRID_EXPORT,32.21,516.4,0.24,8.18,50.24,9.56,59.8,9.61,IDLE,0.0,OFF,0.0,OFF,10.11,19.72,19.72,0.0,0.0,08:00,17:00,3.0,17:00,1,4.5,0,50.0,0.0,0.0,0.0,95.0,0.0,40.08,0.0,-7.515,8157.76,1
2026-06-06 15:15:00,1780739100,15.25,5,1,GRID_EXPORT,32.17,559.1,0.15,8.25,54.66,9.94,64.61,10.16,IDLE,0.0,OFF,0.0,OFF,9.78,19.94,19.94,0.0,0.0,08:00,17:00,3.0,17:00,1,4.5,0,50.0,0.0,0.0,0.0,95.0,0.0,44.67,0.0,-8.3756,8149.39,1
2026-06-06 15:20:00,1780739400,15.333,5,1,GRID_EXPORT,31.97,530.7,0.17,7.82,52.06,7.68,59.74,9.86,IDLE,0.0,OFF,0.0,OFF,10.15,20.01,20.01,0.0,0.0,08:00,17:00,3.0,17:00,1,4.5,0,50.0,0.0,0.0,0.0,95.0,0.0,39.73,0.0,-7.4494,8141.94,1
2026-06-06 15:25:00,1780739700,15.417,5,1,GRID_EXPORT,31.71,472.3,0.25,7.6,46.43,6.69,53.11,10.38,IDLE,0.0,OFF,0.0,OFF,10.11,20.48,20.48,0.0,0.0,08:00,17:00,3.0,17:00,1,4.5,0,50.0,0.0,0.0,0.0,95.0,0.0,32.63,0.0,-6.1181,8135.82,1
2026-06-06 15:30:00,1780740000,15.5,5,1,GRID_EXPORT,32.25,490.1,0.19,8.06,47.62,8.88,56.5,9.77,IDLE,0.0,OFF,0.0,OFF,10.11,19.87,19.87,0.0,0.0,08:00,17:00,3.0,17:00,1,4.5,0,50.0,0.0,0.0,0.0,95.0,0.0,36.63,0.0,-6.8681,8128.95,1
2026-06-06 15:35:00,1780740300,15.583,5,1,GRID_EXPORT,32.22,479.5,0.19,7.14,47.06,4.87,51.93,9.81,IDLE,0.0,OFF,0.0,OFF,9.72,19.53,19.53,0.0,0.0,08:00,17:00,3.0,17:00,1,4.5,0,50.0,0.0,0.0,0.0,95.0,0.0,32.4,0.0,-6.075,8122.87,1
2026-06-06 15:40:00,1780740600,15.667,5,1,GRID_EXPORT,31.89,467.9,0.18,7.4,45.43,5.83,51.26,9.96,IDLE,0.0,OFF,0.0,OFF,10.28,20.24,20.24,0.0,0.0,08:00,17:00,3.0,17:00,1,4.5,0,50.0,0.0,0.0,0.0,95.0,0.0,31.02,0.0,-5.8163,8117.06,1
2026-06-06 15:45:00,1780740900,15.75,5,1,GRID_EXPORT,32.08,456.2,0.18,7.91,44.33,8.14,52.47,10.19,IDLE,0.0,OFF,0.0,OFF,9.98,20.17,20.17,0.0,0.0,08:00,17:00,3.0,17:00,1,4.5,0,50.0,0.0,0.0,0.0,95.0,0.0,32.3,0.0,-6.0562,8111.0,1
2026-06-06 15:50:00,1780741200,15.833,5,1,GRID_EXPORT,31.53,404.8,0.25,7.31,39.58,5.48,45.06,9.8,IDLE,0.0,OFF,0.0,OFF,9.87,19.68,19.68,0.0,0.0,08:00,17:00,3.0,17:00,1,4.5,0,50.0,0.0,0.0,0.0,95.0,0.0,25.38,0.0,-4.7588,8106.24,1
2026-06-06 15:55:00,1780741500,15.917,5,1,GRID_EXPORT,32.01,440.1,0.15,6.32,42.56,2.51,45.07,10.09,IDLE,0.0,OFF,0.0,OFF,9.73,19.82,19.82,0.0,0.0,08:00,17:00,3.0,17:00,1,4.5,0,50.0,0.0,0.0,0.0,95.0,0.0,25.25,0.0,-4.7344,8101.51,1
2026-06-06 16:00:00,1780741800,16.0,5,1,GRID_EXPORT,31.57,403.5,0.19,7.26,38.79,5.29,44.08,9.75,IDLE,0.0,OFF,0.0,OFF,9.91,19.66,19.66,0.0,0.0,08:00,17:00,3.0,17:00,1,4.5,0,50.0,0.0,0.0,0.0,95.0,0.0,24.42,0.0,-4.5787,8096.93,1
2026-06-06 16:05:00,1780742100,16.083,5,1,GRID_EXPORT,31.51,367.5,0.24,7.21,36.06,5.12,41.18,9.66,IDLE,0.0,OFF,0.0,OFF,9.75,19.41,19.41,0.0,0.0,08:00,17:00,3.0,17:00,1,4.5,0,50.0,0.0,0.0,0.0,95.0,0.0,21.77,0.0,-4.0819,8092.85,1
2026-06-06 16:10:00,1780742400,16.167,5,1,GRID_EXPORT,31.45,346.5,0.25,6.41,33.84,2.71,36.55,9.58,IDLE,0.0,OFF,0.0,OFF,9.83,19.41,19.41,0.0,0.0,08:00,17:00,3.0,17:00,1,4.5,0,50.0,0.0,0.0,0.0,95.0,0.0,17.14,0.0,-3.2137,8089.63,1
2026-06-06 16:15:00,1780742700,16.25,5,1,GRID_EXPORT,31.55,360.3,0.19,7.34,35.22,5.59,40.81,9.92,IDLE,0.0,OFF,0.0,OFF,10.28,20.2,20.2,0.0,0.0,08:00,17:00,3.0,17:00,1,4.5,0,50.0,0.0,0.0,0.0,95.0,0.0,20.61,0.0,-3.8644,8085.77,1
2026-06-06 16:20:00,1780743000,16.333,5,1,GRID_EXPORT,31.2,348.2,0.18,6.47,33.77,2.85,36.62,10.06,IDLE,0.0,OFF,0.0,OFF,10.11,20.17,20.17,0.0,0.0,08:00,17:00,3.0,17:00,1,4.5,0,50.0,0.0,0.0,0.0,95.0,0.0,16.45,0.0,-3.0844,8082.69,1
2026-06-06 16:25:00,1780743300,16.417,5,1,GRID_EXPORT,31.31,319.0,0.21,7.02,30.8,4.46,35.26,9.64,IDLE,0.0,OFF,0.0,OFF,10.03,19.67,19.67,0.0,0.0,08:00,17:00,3.0,17:00,1,4.5,0,50.0,0.0,0.0,0.0,95.0,0.0,15.59,0.0,-2.9231,8079.76,1
2026-06-06 16:30:00,1780743600,16.5,5,1,GRID_EXPORT,31.23,322.0,0.16,6.78,31.53,3.71,35.23,10.05,IDLE,0.0,OFF,0.0,OFF,9.93,19.97,19.97,0.0,0.0,08:00,17:00,3.0,17:00,1,4.5,0,50.0,0.0,0.0,0.0,95.0,0.0,15.26,0.0,-2.8612,8076.9,1
2026-06-06 16:35:00,1780743900,16.583,5,1,GRID_EXPORT,31.62,292.2,0.19,6.04,28.39,1.93,30.32,9.81,IDLE,0.0,OFF,0.0,OFF,10.26,20.07,20.07,0.0,0.0,08:00,17:00,3.0,17:00,1,4.5,0,50.0,0.0,0.0,0.0,95.0,0.0,10.25,0.0,-1.9219,8074.98,1
2026-06-06 16:40:00,1780744200,16.667,5,1,GRID_EXPORT,31.42,274.7,0.2,6.45,26.68,2.82,29.5,9.91,IDLE,0.0,OFF,0.0,OFF,9.72,19.63,19.63,0.0,0.0,08:00,17:00,3.0,17:00,1,4.5,0,50.0,0.0,0.0,0.0,95.0,0.0,9.87,0.0,-1.8506,8073.13,1
2026-06-06 16:45:00,1780744500,16.75,5,1,GRID_EXPORT,31.22,242.4,0.25,6.39,23.9,2.66,26.56,10.12,IDLE,0.0,OFF,0.0,OFF,9.88,20.0,20.0,0.0,0.0,08:00,17:00,3.0,17:00,1,4.5,0,50.0,0.0,0.0,0.0,95.0,0.0,6.56,0.0,-1.23,8071.9,1
2026-06-06 16:50:00,1780744800,16.833,5,1,GRID_EXPORT,30.89,240.2,0.2,5.86,23.5,1.61,25.11,10.07,IDLE,0.0,OFF,0.0,OFF,9.88,19.94,19.94,0.0,0.0,08:00,17:00,3.0,17:00,1,4.5,0,50.0,0.0,0.0,0.0,95.0,0.0,5.17,0.0,-0.9694,8070.93,1
2026-06-06 16:55:00,1780745100,16.917,5,1,GRID_EXPORT,31.22,226.9,0.19,6.25,21.63,2.36,23.98,10.31,IDLE,0.0,OFF,0.0,OFF,10.22,20.53,20.53,0.0,0.0,08:00,17:00,3.0,17:00,1,4.5,0,50.0,0.0,0.0,0.0,95.0,0.0,3.45,0.0,-0.6469,8070.28,1
2026-06-06 17:00:00,1780745400,17.0,5,1,GRID_EXPORT,30.9,218.6,0.16,5.64,21.67,1.26,22.94,10.15,IDLE,0.0,OFF,0.0,OFF,9.9,20.05,20.05,0.0,0.0,08:00,17:00,3.0,17:00,1,4.5,0,50.0,0.0,0.0,0.0,95.0,0.0,2.89,0.0,-0.5419,8069.74,1
2026-06-06 17:05:00,1780745700,17.083,5,1,GRID_EXPORT,30.52,195.1,0.18,6.27,18.91,2.4,21.31,9.56,IDLE,0.0,OFF,0.0,OFF,10.14,19.71,19.71,0.0,0.0,08:00,17:00,3.0,17:00,1,4.5,0,50.0,0.0,0.0,0.0,95.0,0.0,1.6,0.0,-0.3,8069.44,1
2026-06-06 17:10:00,1780746000,17.167,5,1,NORMAL_OPERATION,30.89,168.0,0.22,5.53,16.11,1.11,17.22,9.64,IDLE,0.0,OFF,0.0,OFF,10.14,19.79,19.79,0.0,0.0,08:00,17:00,3.0,17:00,1,4.5,0,50.0,-2.57,0.0,2.57,94.89,0.0,0.0,0.0,0.0,8069.44,1
2026-06-06 17:15:00,1780746300,17.25,5,1,NORMAL_OPERATION,30.65,161.5,0.17,6.48,16.13,2.88,19.02,9.8,IDLE,0.0,OFF,0.0,OFF,9.89,19.69,19.69,0.0,0.0,08:00,17:00,3.0,17:00,1,4.5,0,50.0,-0.67,0.0,0.67,94.86,0.0,0.0,0.0,0.0,8069.44,1
2026-06-06 17:20:00,1780746600,17.333,5,1,NORMAL_OPERATION,30.94,147.5,0.15,6.12,14.59,2.08,16.67,9.61,IDLE,0.0,OFF,0.0,OFF,9.7,19.31,19.31,0.0,0.0,08:00,17:00,3.0,17:00,1,4.5,0,50.0,-2.64,0.0,2.64,94.74,0.0,0.0,0.0,0.0,8069.44,1
2026-06-06 17:25:00,1780746900,17.417,5,1,NORMAL_OPERATION,30.53,127.5,0.16,5.45,12.17,1.01,13.18,9.97,IDLE,0.0,OFF,0.0,OFF,10.2,20.17,20.17,0.0,0.0,08:00,17:00,3.0,17:00,1,4.5,0,50.0,-6.99,0.0,6.99,94.44,0.0,0.0,0.0,0.0,8069.44,1
2026-06-06 17:30:00,1780747200,17.5,5,1,NORMAL_OPERATION,30.3,110.2,0.16,5.44,10.69,0.99,11.69,10.48,IDLE,0.0,OFF,0.0,OFF,10.19,20.67,20.67,0.0,0.0,08:00,17:00,3.0,17:00,1,4.5,0,50.0,-8.98,0.0,8.98,94.04,0.0,0.0,0.0,0.0,8069.44,1
2026-06-06 17:35:00,1780747500,17.583,5,1,NORMAL_OPERATION,30.51,86.6,0.2,6.51,8.65,2.96,11.61,10.36,IDLE,0.0,OFF,0.0,OFF,10.07,20.43,20.43,0.0,0.0,08:00,17:00,3.0,17:00,1,4.5,0,50.0,-8.82,0.0,8.82,93.65,0.0,0.0,0.0,0.0,8069.44,1
2026-06-06 17:40:00,1780747800,17.667,5,1,NORMAL_OPERATION,30.07,68.5,0.21,5.44,7.03,1.0,8.03,10.16,IDLE,0.0,OFF,0.0,OFF,9.8,19.96,19.96,0.0,0.0,08:00,17:00,3.0,17:00,1,4.5,0,50.0,-11.93,0.0,11.93,93.13,0.0,0.0,0.0,0.0,8069.44,1
2026-06-06 17:45:00,1780748100,17.75,5,1,NORMAL_OPERATION,30.21,52.0,0.2,5.86,4.88,1.6,6.48,10.17,IDLE,0.0,OFF,0.0,OFF,10.28,20.44,20.44,0.0,0.0,08:00,17:00,3.0,17:00,1,4.5,0,50.0,-13.96,0.0,13.96,92.52,0.0,0.0,0.0,0.0,8069.44,1
2026-06-06 17:50:00,1780748400,17.833,5,1,NORMAL_OPERATION,29.89,34.2,0.22,5.67,3.55,1.31,4.85,9.61,IDLE,0.0,OFF,0.0,OFF,9.95,19.56,19.56,0.0,0.0,08:00,17:00,3.0,17:00,1,4.5,0,50.0,-14.71,0.0,14.71,91.87,0.0,0.0,0.0,0.0,8069.44,1
2026-06-06 17:55:00,1780748700,17.917,5,1,NORMAL_OPERATION,29.72,18.5,0.15,5.73,1.88,1.39,3.27,9.51,IDLE,0.0,OFF,0.0,OFF,9.88,19.39,19.39,0.0,0.0,08:00,17:00,3.0,17:00,1,4.5,0,50.0,-16.12,0.0,16.12,91.17,0.0,0.0,0.0,0.0,8069.44,1
2026-06-06 18:00:00,1780749000,18.0,5,1,NORMAL_OPERATION,29.77,0.0,0.24,5.94,0.0,1.75,1.75,10.41,IDLE,0.0,OFF,0.0,OFF,10.28,20.68,20.68,0.0,0.0,08:00,17:00,3.0,17:00,1,4.5,0,50.0,-18.93,0.0,18.93,90.34,0.0,0.0,0.0,0.0,8069.44,1
2026-06-06 18:05:00,1780749300,18.083,5,1,NORMAL_OPERATION,29.51,0.0,0.22,5.35,0.0,0.89,0.89,10.48,IDLE,0.0,OFF,0.0,OFF,9.91,20.4,20.4,0.0,0.0,08:00,17:00,3.0,17:00,1,4.5,0,50.0,-19.51,0.0,19.51,89.48,0.0,0.0,0.0,0.0,8069.44,1
2026-06-06 18:10:00,1780749600,18.167,5,1,NORMAL_OPERATION,29.69,0.0,0.2,5.41,0.0,0.97,0.97,10.21,IDLE,0.0,OFF,0.0,OFF,9.93,20.14,20.14,0.0,0.0,08:00,17:00,3.0,17:00,1,4.5,0,50.0,-19.17,0.0,19.17,88.64,0.0,0.0,0.0,0.0,8069.44,1
2026-06-06 18:15:00,1780749900,18.25,5,1,NORMAL_OPERATION,28.92,0.0,0.22,5.37,0.0,0.92,0.92,10.22,IDLE,0.0,OFF,0.0,OFF,9.9,20.12,20.12,0.0,0.0,08:00,17:00,3.0,17:00,1,4.5,0,50.0,-19.2,0.0,19.2,87.8,0.0,0.0,0.0,0.0,8069.44,1
2026-06-06 18:20:00,1780750200,18.333,5,1,NORMAL_OPERATION,29.31,0.0,0.23,5.21,0.0,0.74,0.74,10.26,IDLE,0.0,OFF,0.0,OFF,9.88,20.14,20.14,0.0,0.0,08:00,17:00,3.0,17:00,1,4.5,0,50.0,-19.4,0.0,19.4,86.95,0.0,0.0,0.0,0.0,8069.44,1
2026-06-06 18:25:00,1780750500,18.417,5,1,NORMAL_OPERATION,28.92,0.0,0.24,5.75,0.0,1.43,1.43,9.88,IDLE,0.0,OFF,0.0,OFF,9.98,19.86,19.86,0.0,0.0,08:00,17:00,3.0,17:00,1,4.5,0,50.0,-18.43,0.0,18.43,86.14,0.0,0.0,0.0,0.0,8069.44,1
2026-06-06 18:30:00,1780750800,18.5,5,1,NORMAL_OPERATION,29.0,0.0,0.21,6.16,0.0,2.17,2.17,10.28,IDLE,0.0,OFF,0.0,OFF,10.02,20.29,20.29,0.0,0.0,08:00,17:00,3.0,17:00,1,4.5,0,50.0,-18.12,0.0,18.12,85.34,0.0,0.0,0.0,0.0,8069.44,1
2026-06-06 18:35:00,1780751100,18.583,5,1,NORMAL_OPERATION,28.43,0.0,0.18,6.16,0.0,2.17,2.17,9.85,IDLE,0.0,OFF,0.0,OFF,10.07,19.92,19.92,0.0,0.0,08:00,17:00,3.0,17:00,1,4.5,0,50.0,-17.75,0.0,17.75,84.57,0.0,0.0,0.0,0.0,8069.44,1
2026-06-06 18:40:00,1780751400,18.667,5,1,NORMAL_OPERATION,28.51,0.0,0.15,5.96,0.0,1.77,1.77,9.66,IDLE,0.0,OFF,0.0,OFF,9.76,19.42,19.42,0.0,0.0,08:00,17:00,3.0,17:00,1,4.5,0,50.0,-17.65,0.0,17.65,83.79,0.0,0.0,0.0,0.0,8069.44,1
2026-06-06 18:45:00,1780751700,18.75,5,1,NORMAL_OPERATION,28.13,0.0,0.24,5.31,0.0,0.85,0.85,10.26,IDLE,0.0,OFF,0.0,OFF,10.29,20.55,20.55,0.0,0.0,08:00,17:00,3.0,17:00,1,4.5,0,50.0,-19.7,0.0,19.7,82.93,0.0,0.0,0.0,0.0,8069.44,1
2026-06-06 18:50:00,1780752000,18.833,5,1,NORMAL_OPERATION,28.55,0.0,0.22,4.89,0.0,0.46,0.46,10.4,IDLE,0.0,OFF,0.0,OFF,9.8,20.2,20.2,0.0,0.0,08:00,17:00,3.0,17:00,1,4.5,0,50.0,-19.74,0.0,19.74,82.06,0.0,0.0,0.0,0.0,8069.44,1
2026-06-06 18:55:00,1780752300,18.917,5,1,NORMAL_OPERATION,28.46,0.0,0.23,5.14,0.0,0.68,0.68,9.56,IDLE,0.0,OFF,0.0,OFF,10.07,19.63,19.63,0.0,0.0,08:00,17:00,3.0,17:00,1,4.5,0,50.0,-18.95,0.0,18.95,81.23,0.0,0.0,0.0,0.0,8069.44,1
2026-06-06 19:00:00,1780752600,19.0,5,1,NORMAL_OPERATION,27.69,0.0,0.23,4.55,0.0,0.25,0.25,10.26,IDLE,0.0,OFF,0.0,OFF,10.06,20.33,20.33,0.0,0.0,08:00,17:00,3.0,17:00,1,4.5,0,50.0,-20.08,0.0,20.08,80.35,0.0,0.0,0.0,0.0,8069.44,1
2026-06-06 19:05:00,1780752900,19.083,5,1,NORMAL_OPERATION,28.12,0.0,0.24,4.91,0.0,0.48,0.48,10.2,IDLE,0.0,OFF,0.0,OFF,9.93,20.13,20.13,0.0,0.0,08:00,17:00,3.0,17:00,1,4.5,0,50.0,-19.65,0.0,19.65,79.49,0.0,0.0,0.0,0.0,8069.44,1
2026-06-06 19:10:00,1780753200,19.167,5,1,NORMAL_OPERATION,28.09,0.0,0.21,4.68,0.0,0.32,0.32,9.75,IDLE,0.0,OFF,0.0,OFF,9.96,19.72,19.72,0.0,0.0,08:00,17:00,3.0,17:00,1,4.5,0,50.0,-19.4,0.0,19.4,78.64,0.0,0.0,0.0,0.0,8069.44,1
2026-06-06 19:15:00,1780753500,19.25,5,1,NORMAL_OPERATION,27.37,0.0,0.17,4.58,0.0,0.27,0.27,10.31,IDLE,0.0,OFF,0.0,OFF,10.19,20.5,20.5,0.0,0.0,08:00,17:00,3.0,17:00,1,4.5,0,50.0,-20.23,0.0,20.23,77.75,0.0,0.0,0.0,0.0,8069.44,1
2026-06-06 19:20:00,1780753800,19.333,5,1,NORMAL_OPERATION,27.13,0.0,0.21,5.29,0.0,0.83,0.83,10.17,IDLE,0.0,OFF,0.0,OFF,9.82,19.99,19.99,0.0,0.0,08:00,17:00,3.0,17:00,1,4.5,0,50.0,-19.16,0.0,19.16,76.91,0.0,0.0,0.0,0.0,8069.44,1
2026-06-06 19:25:00,1780754100,19.417,5,1,NORMAL_OPERATION,27.47,0.0,0.24,4.83,0.0,0.42,0.42,9.91,IDLE,0.0,OFF,0.0,OFF,10.03,19.94,19.94,0.0,0.0,08:00,17:00,3.0,17:00,1,4.5,0,50.0,-19.52,0.0,19.52,76.05,0.0,0.0,0.0,0.0,8069.44,1
2026-06-06 19:30:00,1780754400,19.5,5,1,NORMAL_OPERATION,26.72,0.0,0.17,5.38,0.0,0.93,0.93,10.41,IDLE,0.0,OFF,0.0,OFF,10.09,20.5,20.5,0.0,0.0,08:00,17:00,3.0,17:00,1,4.5,0,50.0,-19.57,0.0,19.57,75.2,0.0,0.0,0.0,0.0,8069.44,1
2026-06-06 19:35:00,1780754700,19.583,5,1,NORMAL_OPERATION,26.9,0.0,0.23,5.1,0.0,0.63,0.63,9.97,IDLE,0.0,OFF,0.0,OFF,9.91,19.88,19.88,0.0,0.0,08:00,17:00,3.0,17:00,1,4.5,0,50.0,-19.25,0.0,19.25,74.35,0.0,0.0,0.0,0.0,8069.44,1
2026-06-06 19:40:00,1780755000,19.667,5,1,NORMAL_OPERATION,26.83,0.0,0.21,4.37,0.0,0.18,0.18,9.57,IDLE,0.0,OFF,0.0,OFF,9.96,19.52,19.52,0.0,0.0,08:00,17:00,3.0,17:00,1,4.5,0,50.0,-19.34,0.0,19.34,73.5,0.0,0.0,0.0,0.0,8069.44,1
2026-06-06 19:45:00,1780755300,19.75,5,1,NORMAL_OPERATION,26.47,0.0,0.16,4.25,0.0,0.13,0.13,10.28,IDLE,0.0,OFF,0.0,OFF,9.88,20.16,20.16,0.0,0.0,08:00,17:00,3.0,17:00,1,4.5,0,50.0,-20.03,0.0,20.03,72.62,0.0,0.0,0.0,0.0,8069.44,1
2026-06-06 19:50:00,1780755600,19.833,5,1,NORMAL_OPERATION,26.1,0.0,0.17,5.05,0.0,0.59,0.59,9.83,IDLE,0.0,OFF,0.0,OFF,9.83,19.67,19.67,0.0,0.0,08:00,17:00,3.0,17:00,1,4.5,0,50.0,-19.08,0.0,19.08,71.79,0.0,0.0,0.0,0.0,8069.44,1
2026-06-06 19:55:00,1780755900,19.917,5,1,NORMAL_OPERATION,26.59,0.0,0.24,4.46,0.0,0.22,0.22,10.2,IDLE,0.0,OFF,0.0,OFF,9.74,19.94,19.94,0.0,0.0,08:00,17:00,3.0,17:00,1,4.5,0,50.0,-19.72,0.0,19.72,70.92,0.0,0.0,0.0,0.0,8069.44,1
2026-06-06 20:00:00,1780756200,20.0,5,1,NORMAL_OPERATION,26.37,0.0,0.25,4.15,0.0,0.11,0.11,10.08,IDLE,0.0,OFF,0.0,OFF,10.21,20.29,20.29,0.0,0.0,08:00,17:00,3.0,17:00,1,4.5,0,50.0,-20.18,0.0,20.18,70.04,0.0,0.0,0.0,0.0,8069.44,1
2026-06-06 20:05:00,1780756500,20.083,5,1,NORMAL_OPERATION,26.25,0.0,0.2,4.65,0.0,0.31,0.31,9.56,IDLE,0.0,OFF,0.0,OFF,10.12,19.68,19.68,0.0,0.0,08:00,17:00,3.0,17:00,1,4.5,0,50.0,-19.37,0.0,19.37,69.19,0.0,0.0,0.0,0.0,8069.44,1
2026-06-06 20:10:00,1780756800,20.167,5,1,NORMAL_OPERATION,25.42,0.0,0.2,5.45,0.0,1.01,1.01,9.76,IDLE,0.0,OFF,0.0,OFF,9.72,19.48,19.48,0.0,0.0,08:00,17:00,3.0,17:00,1,4.5,0,50.0,-18.47,0.0,18.47,68.38,0.0,0.0,0.0,0.0,8069.44,1
2026-06-06 20:15:00,1780757100,20.25,5,1,NORMAL_OPERATION,25.43,0.0,0.18,4.49,0.0,0.23,0.23,10.26,IDLE,0.0,OFF,0.0,OFF,9.78,20.05,20.05,0.0,0.0,08:00,17:00,3.0,17:00,1,4.5,0,50.0,-19.82,0.0,19.82,67.51,0.0,0.0,0.0,0.0,8069.44,1
2026-06-06 20:20:00,1780757400,20.333,5,1,NORMAL_OPERATION,25.43,0.0,0.22,5.41,0.0,0.96,0.96,10.16,IDLE,0.0,OFF,0.0,OFF,10.23,20.39,20.39,0.0,0.0,08:00,17:00,3.0,17:00,1,4.5,0,50.0,-19.43,0.0,19.43,66.66,0.0,0.0,0.0,0.0,8069.44,1
2026-06-06 20:25:00,1780757700,20.417,5,1,NORMAL_OPERATION,25.01,0.0,0.16,5.43,0.0,0.98,0.98,10.4,IDLE,0.0,OFF,0.0,OFF,10.12,20.53,20.53,0.0,0.0,08:00,17:00,3.0,17:00,1,4.5,0,50.0,-19.55,0.0,19.55,65.8,0.0,0.0,0.0,0.0,8069.44,1
2026-06-06 20:30:00,1780758000,20.5,5,1,NORMAL_OPERATION,25.26,0.0,0.15,5.46,0.0,1.02,1.02,10.45,IDLE,0.0,OFF,0.0,OFF,10.06,20.51,20.51,0.0,0.0,08:00,17:00,3.0,17:00,1,4.5,0,50.0,-19.49,0.0,19.49,64.94,0.0,0.0,0.0,0.0,8069.44,1
2026-06-06 20:35:00,1780758300,20.583,5,1,NORMAL_OPERATION,24.96,0.0,0.16,4.75,0.0,0.37,0.37,10.45,IDLE,0.0,OFF,0.0,OFF,9.86,20.31,20.31,0.0,0.0,08:00,17:00,3.0,17:00,1,4.5,0,50.0,-19.94,0.0,19.94,64.07,0.0,0.0,0.0,0.0,8069.44,1
2026-06-06 20:40:00,1780758600,20.667,5,1,NORMAL_OPERATION,24.33,0.0,0.15,4.66,0.0,0.32,0.32,10.15,IDLE,0.0,OFF,0.0,OFF,9.96,20.11,20.11,0.0,0.0,08:00,17:00,3.0,17:00,1,4.5,0,50.0,-19.79,0.0,19.79,63.2,0.0,0.0,0.0,0.0,8069.44,1
2026-06-06 20:45:00,1780758900,20.75,5,1,NORMAL_OPERATION,24.37,0.0,0.23,5.39,0.0,0.93,0.93,9.52,IDLE,0.0,OFF,0.0,OFF,9.73,19.25,19.25,0.0,0.0,08:00,17:00,3.0,17:00,1,4.5,0,50.0,-18.32,0.0,18.32,62.4,0.0,0.0,0.0,0.0,8069.44,1
2026-06-06 20:50:00,1780759200,20.833,5,1,NORMAL_OPERATION,24.57,0.0,0.23,4.67,0.0,0.32,0.32,10.36,IDLE,0.0,OFF,0.0,OFF,10.11,20.47,20.47,0.0,0.0,08:00,17:00,3.0,17:00,1,4.5,0,50.0,-20.15,0.0,20.15,61.51,0.0,0.0,0.0,0.0,8069.44,1
2026-06-06 20:55:00,1780759500,20.917,5,1,NORMAL_OPERATION,24.36,0.0,0.21,3.88,0.0,0.05,0.05,10.27,IDLE,0.0,OFF,0.0,OFF,10.12,20.38,20.38,0.0,0.0,08:00,17:00,3.0,17:00,1,4.5,0,50.0,-20.33,0.0,20.33,60.62,0.0,0.0,0.0,0.0,8069.44,1
2026-06-06 21:00:00,1780759800,21.0,5,1,NORMAL_OPERATION,23.94,0.0,0.19,4.01,0.0,0.07,0.07,9.94,IDLE,0.0,OFF,0.0,OFF,10.24,20.18,20.18,0.0,0.0,08:00,17:00,3.0,17:00,1,4.5,0,50.0,-20.11,0.0,20.11,59.74,0.0,0.0,0.0,0.0,8069.44,1
2026-06-06 21:05:00,1780760100,21.083,5,1,NORMAL_OPERATION,24.21,0.0,0.19,4.08,0.0,0.09,0.09,9.94,IDLE,0.0,OFF,0.0,OFF,9.73,19.67,19.67,0.0,0.0,08:00,17:00,3.0,17:00,1,4.5,0,50.0,-19.58,0.0,19.58,58.88,0.0,0.0,0.0,0.0,8069.44,1
2026-06-06 21:10:00,1780760400,21.167,5,1,NORMAL_OPERATION,23.44,0.0,0.21,4.12,0.0,0.1,0.1,10.25,IDLE,0.0,OFF,0.0,OFF,10.23,20.48,20.48,0.0,0.0,08:00,17:00,3.0,17:00,1,4.5,0,50.0,-20.38,0.0,20.38,57.99,0.0,0.0,0.0,0.0,8069.44,1
2026-06-06 21:15:00,1780760700,21.25,5,1,NORMAL_OPERATION,23.71,0.0,0.21,5.33,0.0,0.87,0.87,9.51,IDLE,0.0,OFF,0.0,OFF,10.13,19.65,19.65,0.0,0.0,08:00,17:00,3.0,17:00,1,4.5,0,50.0,-18.78,0.0,18.78,57.16,0.0,0.0,0.0,0.0,8069.44,1
2026-06-06 21:20:00,1780761000,21.333,5,1,NORMAL_OPERATION,23.55,0.0,0.16,3.94,0.0,0.06,0.06,9.68,IDLE,0.0,OFF,0.0,OFF,9.73,19.41,19.41,0.0,0.0,08:00,17:00,3.0,17:00,1,4.5,0,50.0,-19.35,0.0,19.35,56.32,0.0,0.0,0.0,0.0,8069.44,1
2026-06-06 21:25:00,1780761300,21.417,5,1,NORMAL_OPERATION,23.01,0.0,0.22,4.12,0.0,0.1,0.1,9.79,IDLE,0.0,OFF,0.0,OFF,10.06,19.86,19.86,0.0,0.0,08:00,17:00,3.0,17:00,1,4.5,0,50.0,-19.76,0.0,19.76,55.45,0.0,0.0,0.0,0.0,8069.44,1
2026-06-06 21:30:00,1780761600,21.5,5,1,NORMAL_OPERATION,22.94,0.0,0.16,3.84,0.0,0.04,0.04,9.75,IDLE,0.0,OFF,0.0,OFF,10.03,19.78,19.78,0.0,0.0,08:00,17:00,3.0,17:00,1,4.5,0,50.0,-19.74,0.0,19.74,54.58,0.0,0.0,0.0,0.0,8069.44,1
2026-06-06 21:35:00,1780761900,21.583,5,1,NORMAL_OPERATION,22.78,0.0,0.22,4.29,0.0,0.15,0.15,10.42,IDLE,0.0,OFF,0.0,OFF,9.83,20.25,20.25,0.0,0.0,08:00,17:00,3.0,17:00,1,4.5,0,50.0,-20.1,0.0,20.1,53.7,0.0,0.0,0.0,0.0,8069.44,1
2026-06-06 21:40:00,1780762200,21.667,5,1,NORMAL_OPERATION,22.78,0.0,0.24,4.96,0.0,0.51,0.51,9.79,IDLE,0.0,OFF,0.0,OFF,10.09,19.88,19.88,0.0,0.0,08:00,17:00,3.0,17:00,1,4.5,0,50.0,-19.37,0.0,19.37,52.85,0.0,0.0,0.0,0.0,8069.44,1
2026-06-06 21:45:00,1780762500,21.75,5,1,NORMAL_OPERATION,22.46,0.0,0.18,4.82,0.0,0.41,0.41,10.0,IDLE,0.0,OFF,0.0,OFF,9.73,19.74,19.74,0.0,0.0,08:00,17:00,3.0,17:00,1,4.5,0,50.0,-19.33,0.0,19.33,52.0,0.0,0.0,0.0,0.0,8069.44,1
2026-06-06 21:50:00,1780762800,21.833,5,1,NORMAL_OPERATION,22.59,0.0,0.22,4.7,0.0,0.34,0.34,9.78,IDLE,0.0,OFF,0.0,OFF,9.82,19.6,19.6,0.0,0.0,08:00,17:00,3.0,17:00,1,4.5,0,50.0,-19.26,0.0,19.26,51.16,0.0,0.0,0.0,0.0,8069.44,1
2026-06-06 21:55:00,1780763100,21.917,5,1,NORMAL_OPERATION,21.81,0.0,0.25,4.07,0.0,0.08,0.08,10.24,IDLE,0.0,OFF,0.0,OFF,9.83,20.07,20.07,0.0,0.0,08:00,17:00,3.0,17:00,1,4.5,0,50.0,-19.99,0.0,19.99,50.28,0.0,0.0,0.0,0.0,8069.44,1
2026-06-06 22:00:00,1780763400,22.0,5,1,NORMAL_OPERATION,21.83,0.0,0.23,3.93,0.0,0.05,0.05,10.48,IDLE,0.0,OFF,0.0,OFF,10.12,20.6,20.6,0.0,0.0,08:00,17:00,3.0,17:00,1,4.5,0,50.0,-20.55,0.0,20.55,49.38,0.0,0.0,0.0,0.0,8069.44,1
2026-06-06 22:05:00,1780763700,22.083,5,1,NORMAL_OPERATION,21.88,0.0,0.2,3.88,0.0,0.05,0.05,10.0,IDLE,0.0,OFF,0.0,OFF,9.72,19.72,19.72,0.0,0.0,08:00,17:00,3.0,17:00,1,4.5,0,50.0,-19.67,0.0,19.67,48.52,0.0,0.0,0.0,0.0,8069.44,1
2026-06-06 22:10:00,1780764000,22.167,5,1,NORMAL_OPERATION,21.42,0.0,0.19,5.03,0.0,0.57,0.57,9.58,IDLE,0.0,OFF,0.0,OFF,9.87,19.45,19.45,0.0,0.0,08:00,17:00,3.0,17:00,1,4.5,0,50.0,-18.88,0.0,18.88,47.69,0.0,0.0,0.0,0.0,8069.44,1
2026-06-06 22:15:00,1780764300,22.25,5,1,NORMAL_OPERATION,21.52,0.0,0.2,5.09,0.0,0.62,0.62,9.88,IDLE,0.0,OFF,0.0,OFF,9.73,19.61,19.61,0.0,0.0,08:00,17:00,3.0,17:00,1,4.5,0,50.0,-18.99,0.0,18.99,46.86,0.0,0.0,0.0,0.0,8069.44,1
2026-06-06 22:20:00,1780764600,22.333,5,1,NORMAL_OPERATION,21.03,0.0,0.17,4.4,0.0,0.19,0.19,9.55,IDLE,0.0,OFF,0.0,OFF,9.88,19.44,19.44,0.0,0.0,08:00,17:00,3.0,17:00,1,4.5,0,50.0,-19.25,0.0,19.25,46.01,0.0,0.0,0.0,0.0,8069.44,1
2026-06-06 22:25:00,1780764900,22.417,5,1,NORMAL_OPERATION,21.13,0.0,0.18,3.76,0.0,0.03,0.03,10.11,IDLE,0.0,OFF,0.0,OFF,10.24,20.34,20.34,0.0,0.0,08:00,17:00,3.0,17:00,1,4.5,0,50.0,-20.31,0.0,20.31,45.12,0.0,0.0,0.0,0.0,8069.44,1
2026-06-06 22:30:00,1780765200,22.5,5,1,NORMAL_OPERATION,21.28,0.0,0.24,5.02,0.0,0.56,0.56,10.09,IDLE,0.0,OFF,0.0,OFF,10.15,20.25,20.25,0.0,0.0,08:00,17:00,3.0,17:00,1,4.5,0,50.0,-19.69,0.0,19.69,44.26,0.0,0.0,0.0,0.0,8069.44,1
2026-06-06 22:35:00,1780765500,22.583,5,1,NORMAL_OPERATION,20.65,0.0,0.23,4.42,0.0,0.2,0.2,9.93,IDLE,0.0,OFF,0.0,OFF,10.14,20.07,20.07,0.0,0.0,08:00,17:00,3.0,17:00,1,4.5,0,50.0,-19.87,0.0,19.87,43.39,0.0,0.0,0.0,0.0,8069.44,1
2026-06-06 22:40:00,1780765800,22.667,5,1,NORMAL_OPERATION,20.81,0.0,0.16,3.91,0.0,0.05,0.05,9.89,IDLE,0.0,OFF,0.0,OFF,10.13,20.02,20.02,0.0,0.0,08:00,17:00,3.0,17:00,1,4.5,0,50.0,-19.97,0.0,19.97,42.51,0.0,0.0,0.0,0.0,8069.44,1
2026-06-06 22:45:00,1780766100,22.75,5,1,NORMAL_OPERATION,20.6,0.0,0.24,5.25,0.0,0.78,0.78,9.96,IDLE,0.0,OFF,0.0,OFF,10.04,20.01,20.01,0.0,0.0,08:00,17:00,3.0,17:00,1,4.5,0,50.0,-19.23,0.0,19.23,41.67,0.0,0.0,0.0,0.0,8069.44,1
2026-06-06 22:50:00,1780766400,22.833,5,1,NORMAL_OPERATION,20.36,0.0,0.2,4.02,0.0,0.07,0.07,9.88,IDLE,0.0,OFF,0.0,OFF,10.15,20.03,20.03,0.0,0.0,08:00,17:00,3.0,17:00,1,4.5,0,50.0,-19.96,0.0,19.96,40.79,0.0,0.0,0.0,0.0,8069.44,1
2026-06-06 22:55:00,1780766700,22.917,5,1,NORMAL_OPERATION,20.49,0.0,0.16,3.8,0.0,0.03,0.03,10.3,IDLE,0.0,OFF,0.0,OFF,10.27,20.57,20.57,0.0,0.0,08:00,17:00,3.0,17:00,1,4.5,0,50.0,-20.54,0.0,20.54,39.89,0.0,0.0,0.0,0.0,8069.44,1
2026-06-06 23:00:00,1780767000,23.0,5,1,NORMAL_OPERATION,19.67,0.0,0.17,4.65,0.0,0.31,0.31,9.84,IDLE,0.0,OFF,0.0,OFF,9.94,19.77,19.77,0.0,0.0,08:00,17:00,3.0,17:00,1,4.5,0,50.0,-19.46,0.0,19.46,39.04,0.0,0.0,0.0,0.0,8069.44,1
2026-06-06 23:05:00,1780767300,23.083,5,1,NORMAL_OPERATION,19.94,0.0,0.19,4.85,0.0,0.44,0.44,10.28,IDLE,0.0,OFF,0.0,OFF,10.19,20.47,20.47,0.0,0.0,08:00,17:00,3.0,17:00,1,4.5,0,50.0,-20.03,0.0,20.03,38.16,0.0,0.0,0.0,0.0,8069.44,1
2026-06-06 23:10:00,1780767600,23.167,5,1,NORMAL_OPERATION,19.79,0.0,0.16,4.73,0.0,0.35,0.35,9.82,IDLE,0.0,OFF,0.0,OFF,9.86,19.68,19.68,0.0,0.0,08:00,17:00,3.0,17:00,1,4.5,0,50.0,-19.33,0.0,19.33,37.31,0.0,0.0,0.0,0.0,8069.44,1
2026-06-06 23:15:00,1780767900,23.25,5,1,NORMAL_OPERATION,19.3,0.0,0.2,4.54,0.0,0.25,0.25,9.97,IDLE,0.0,OFF,0.0,OFF,10.28,20.25,20.25,0.0,0.0,08:00,17:00,3.0,17:00,1,4.5,0,50.0,-20.0,0.0,20.0,36.43,0.0,0.0,0.0,0.0,8069.44,1
2026-06-06 23:20:00,1780768200,23.333,5,1,NORMAL_OPERATION,19.4,0.0,0.23,4.2,0.0,0.12,0.12,9.56,IDLE,0.0,OFF,0.0,OFF,10.26,19.82,19.82,0.0,0.0,08:00,17:00,3.0,17:00,1,4.5,0,50.0,-19.7,0.0,19.7,35.57,0.0,0.0,0.0,0.0,8069.44,1
2026-06-06 23:25:00,1780768500,23.417,5,1,NORMAL_OPERATION,19.09,0.0,0.21,4.37,0.0,0.18,0.18,9.56,IDLE,0.0,OFF,0.0,OFF,9.81,19.37,19.37,0.0,0.0,08:00,17:00,3.0,17:00,1,4.5,0,50.0,-19.19,0.0,19.19,34.73,0.0,0.0,0.0,0.0,8069.44,1
2026-06-06 23:30:00,1780768800,23.5,5,1,NORMAL_OPERATION,19.34,0.0,0.18,5.28,0.0,0.81,0.81,9.63,IDLE,0.0,OFF,0.0,OFF,10.08,19.71,19.71,0.0,0.0,08:00,17:00,3.0,17:00,1,4.5,0,50.0,-18.9,0.0,18.9,33.9,0.0,0.0,0.0,0.0,8069.44,1
2026-06-06 23:35:00,1780769100,23.583,5,1,NORMAL_OPERATION,18.71,0.0,0.21,3.99,0.0,0.07,0.07,9.61,IDLE,0.0,OFF,0.0,OFF,9.72,19.34,19.34,0.0,0.0,08:00,17:00,3.0,17:00,1,4.5,0,50.0,-19.27,0.0,19.27,33.05,0.0,0.0,0.0,0.0,8069.44,1
2026-06-06 23:40:00,1780769400,23.667,5,1,NORMAL_OPERATION,19.01,0.0,0.24,4.86,0.0,0.44,0.44,9.54,IDLE,0.0,OFF,0.0,OFF,10.13,19.67,19.67,0.0,0.0,08:00,17:00,3.0,17:00,1,4.5,0,50.0,-19.23,0.0,19.23,32.21,0.0,0.0,0.0,0.0,8069.44,1
2026-06-06 23:45:00,1780769700,23.75,5,1,NORMAL_OPERATION,18.37,0.0,0.22,4.37,0.0,0.18,0.18,9.76,IDLE,0.0,OFF,0.0,OFF,10.11,19.86,19.86,0.0,0.0,08:00,17:00,3.0,17:00,1,4.5,0,50.0,-19.68,0.0,19.68,31.35,0.0,0.0,0.0,0.0,8069.44,1
2026-06-06 23:50:00,1780770000,23.833,5,1,NORMAL_OPERATION,18.88,0.0,0.19,5.13,0.0,0.66,0.66,10.1,IDLE,0.0,OFF,0.0,OFF,9.91,20.01,20.01,0.0,0.0,08:00,17:00,3.0,17:00,1,4.5,0,50.0,-19.35,0.0,19.35,30.5,0.0,0.0,0.0,0.0,8069.44,1
2026-06-06 23:55:00,1780770300,23.917,5,1,NORMAL_OPERATION,18.13,0.0,0.19,4.83,0.0,0.42,0.42,9.74,IDLE,0.0,OFF,0.0,OFF,9.9,19.63,19.63,0.0,0.0,08:00,17:00,3.0,17:00,1,4.5,0,50.0,-19.21,0.0,19.21,29.66,0.0,0.0,0.0,0.0,8069.44,1
2026-06-07 00:00:00,1780770600,0.0,6,1,NORMAL_OPERATION,18.24,0.0,0.28,4.2,0.0,0.12,0.12,10.14,IDLE,0.0,OFF,0.0,OFF,10.23,20.37,20.37,0.0,0.0,08:00,17:00,3.0,17:00,1,4.5,0,50.0,-20.25,0.0,20.25,28.77,0.0,0.0,0.0,0.0,8069.44,1
2026-06-07 00:05:00,1780770900,0.083,6,1,NORMAL_OPERATION,17.94,0.0,0.23,4.82,0.0,0.42,0.42,9.83,IDLE,0.0,OFF,0.0,OFF,9.94,19.78,19.78,0.0,0.0,08:00,17:00,3.0,17:00,1,4.5,0,50.0,-19.36,0.0,19.36,27.92,0.0,0.0,0.0,0.0,8069.44,1
2026-06-07 00:10:00,1780771200,0.167,6,1,NORMAL_OPERATION,18.22,0.0,0.25,5.15,0.0,0.68,0.68,10.12,IDLE,0.0,OFF,0.0,OFF,9.8,19.92,19.92,0.0,0.0,08:00,17:00,3.0,17:00,1,4.5,0,50.0,-19.24,0.0,19.24,27.08,0.0,0.0,0.0,0.0,8069.44,1
2026-06-07 00:15:00,1780771500,0.25,6,1,NORMAL_OPERATION,17.62,0.0,0.29,5.08,0.0,0.62,0.62,9.53,IDLE,0.0,OFF,0.0,OFF,10.07,19.59,19.59,0.0,0.0,08:00,17:00,3.0,17:00,1,4.5,0,50.0,-18.97,0.0,18.97,26.24,0.0,0.0,0.0,0.0,8069.44,1
2026-06-07 00:20:00,1780771800,0.333,6,1,NORMAL_OPERATION,18.12,0.0,0.25,4.9,0.0,0.47,0.47,10.01,IDLE,0.0,OFF,0.0,OFF,10.05,20.06,20.06,0.0,0.0,08:00,17:00,3.0,17:00,1,4.5,0,50.0,-19.59,0.0,19.59,25.38,0.0,0.0,0.0,0.0,8069.44,1
2026-06-07 00:25:00,1780772100,0.417,6,1,NORMAL_OPERATION,17.64,0.0,0.22,5.01,0.0,0.56,0.56,9.53,IDLE,0.0,OFF,0.0,OFF,10.14,19.67,19.67,0.0,0.0,08:00,17:00,3.0,17:00,1,4.5,0,50.0,-19.11,0.0,19.11,24.55,0.0,0.0,0.0,0.0,8069.44,1
2026-06-07 00:30:00,1780772400,0.5,6,1,NORMAL_OPERATION,17.56,0.0,0.3,3.84,0.0,0.04,0.04,9.58,IDLE,0.0,OFF,0.0,OFF,10.26,19.84,19.84,0.0,0.0,08:00,17:00,3.0,17:00,1,4.5,0,50.0,-19.8,0.0,19.8,23.68,0.0,0.0,0.0,0.0,8069.44,1
2026-06-07 00:35:00,1780772700,0.583,6,1,NORMAL_OPERATION,17.33,0.0,0.25,4.67,0.0,0.32,0.32,10.05,IDLE,0.0,OFF,0.0,OFF,9.95,20.0,20.0,0.0,0.0,08:00,17:00,3.0,17:00,1,4.5,0,50.0,-19.68,0.0,19.68,22.81,0.0,0.0,0.0,0.0,8069.44,1
2026-06-07 00:40:00,1780773000,0.667,6,1,NORMAL_OPERATION,17.63,0.0,0.28,4.63,0.0,0.3,0.3,9.55,IDLE,0.0,OFF,0.0,OFF,9.98,19.53,19.53,0.0,0.0,08:00,17:00,3.0,17:00,1,4.5,0,50.0,-19.23,0.0,19.23,21.97,0.0,0.0,0.0,0.0,8069.44,1
2026-06-07 00:45:00,1780773300,0.75,6,1,NORMAL_OPERATION,17.37,0.0,0.24,4.25,0.0,0.13,0.13,10.34,IDLE,0.0,OFF,0.0,OFF,9.88,20.21,20.21,0.0,0.0,08:00,17:00,3.0,17:00,1,4.5,0,50.0,-20.08,0.0,20.08,21.09,0.0,0.0,0.0,0.0,8069.44,1
2026-06-07 00:50:00,1780773600,0.833,6,1,NORMAL_OPERATION,17.05,0.0,0.22,5.09,0.0,0.62,0.62,9.86,IDLE,0.0,OFF,0.0,OFF,9.97,19.84,19.84,0.0,0.0,08:00,17:00,3.0,17:00,1,4.5,0,50.0,-19.22,0.0,19.22,20.25,0.0,0.0,0.0,0.0,8069.44,1
2026-06-07 00:55:00,1780773900,0.917,6,1,GRID_FALLBACK,17.36,0.0,0.21,4.28,0.0,0.14,0.14,10.23,IDLE,0.0,OFF,0.0,OFF,10.23,20.46,20.46,0.0,0.0,08:00,17:00,3.0,17:00,1,4.5,0,50.0,-5.65,0.0,5.65,20.0,14.67,0.0,0.0,5.5013,8074.94,1
2026-06-07 01:00:00,1780774200,1.0,6,1,GRID_FALLBACK,16.96,0.0,0.24,4.74,0.0,0.36,0.36,10.41,IDLE,0.0,OFF,0.0,OFF,10.09,20.51,20.51,0.0,0.0,08:00,17:00,3.0,17:00,1,4.5,0,50.0,0.0,0.0,0.0,20.0,20.15,0.0,0.0,7.5563,8082.5,1
2026-06-07 01:05:00,1780774500,1.083,6,1,GRID_FALLBACK,17.07,0.0,0.24,4.64,0.0,0.3,0.3,10.07,IDLE,0.0,OFF,0.0,OFF,10.2,20.27,20.27,0.0,0.0,08:00,17:00,3.0,17:00,1,4.5,0,50.0,0.0,0.0,0.0,20.0,19.97,0.0,0.0,7.4887,8089.99,1
2026-06-07 01:10:00,1780774800,1.167,6,1,GRID_FALLBACK,16.6,0.0,0.25,5.25,0.0,0.78,0.78,9.91,IDLE,0.0,OFF,0.0,OFF,10.05,19.96,19.96,0.0,0.0,08:00,17:00,3.0,17:00,1,4.5,0,50.0,0.0,0.0,0.0,20.0,19.18,0.0,0.0,7.1925,8097.18,1
2026-06-07 01:15:00,1780775100,1.25,6,1,GRID_FALLBACK,16.54,0.0,0.23,4.51,0.0,0.24,0.24,9.81,IDLE,0.0,OFF,0.0,OFF,9.75,19.56,19.56,0.0,0.0,08:00,17:00,3.0,17:00,1,4.5,0,50.0,0.0,0.0,0.0,20.0,19.32,0.0,0.0,7.245,8104.42,1
2026-06-07 01:20:00,1780775400,1.333,6,1,GRID_FALLBACK,16.69,0.0,0.3,5.01,0.0,0.56,0.56,10.13,IDLE,0.0,OFF,0.0,OFF,10.16,20.3,20.3,0.0,0.0,08:00,17:00,3.0,17:00,1,4.5,0,50.0,0.0,0.0,0.0,20.0,19.74,0.0,0.0,7.4025,8111.83,1
2026-06-07 01:25:00,1780775700,1.417,6,1,GRID_FALLBACK,17.0,0.0,0.29,4.16,0.0,0.11,0.11,9.62,IDLE,0.0,OFF,0.0,OFF,9.86,19.48,19.48,0.0,0.0,08:00,17:00,3.0,17:00,1,4.5,0,50.0,0.0,0.0,0.0,20.0,19.37,0.0,0.0,7.2637,8119.09,1
2026-06-07 01:30:00,1780776000,1.5,6,1,GRID_FALLBACK,16.65,0.0,0.29,5.37,0.0,0.91,0.91,9.63,IDLE,0.0,OFF,0.0,OFF,9.72,19.35,19.35,0.0,0.0,08:00,17:00,3.0,17:00,1,4.5,0,50.0,0.0,0.0,0.0,20.0,18.44,0.0,0.0,6.915,8126.01,1
2026-06-07 01:35:00,1780776300,1.583,6,1,GRID_FALLBACK,16.49,0.0,0.27,5.81,0.0,1.51,1.51,9.63,IDLE,0.0,OFF,0.0,OFF,10.22,19.85,19.85,0.0,0.0,08:00,17:00,3.0,17:00,1,4.5,0,50.0,0.0,0.0,0.0,20.0,18.34,0.0,0.0,6.8775,8132.88,1
2026-06-07 01:40:00,1780776600,1.667,6,1,GRID_FALLBACK,16.82,0.0,0.29,4.83,0.0,0.42,0.42,9.9,IDLE,0.0,OFF,0.0,OFF,10.03,19.94,19.94,0.0,0.0,08:00,17:00,3.0,17:00,1,4.5,0,50.0,0.0,0.0,0.0,20.0,19.52,0.0,0.0,7.32,8140.2,1
2026-06-07 01:45:00,1780776900,1.75,6,1,GRID_FALLBACK,16.59,0.0,0.21,5.75,0.0,1.42,1.42,10.4,IDLE,0.0,OFF,0.0,OFF,10.05,20.45,20.45,0.0,0.0,08:00,17:00,3.0,17:00,1,4.5,0,50.0,0.0,0.0,0.0,20.0,19.03,0.0,0.0,7.1363,8147.34,1
2026-06-07 01:50:00,1780777200,1.833,6,1,GRID_FALLBACK,16.46,0.0,0.3,4.43,0.0,0.2,0.2,10.24,IDLE,0.0,OFF,0.0,OFF,9.91,20.15,20.15,0.0,0.0,08:00,17:00,3.0,17:00,1,4.5,0,50.0,0.0,0.0,0.0,20.0,19.95,0.0,0.0,7.4812,8154.82,1
2026-06-07 01:55:00,1780777500,1.917,6,1,GRID_FALLBACK,16.28,0.0,0.24,5.12,0.0,0.66,0.66,10.33,IDLE,0.0,OFF,0.0,OFF,9.87,20.21,20.21,0.0,0.0,08:00,17:00,3.0,17:00,1,4.5,0,50.0,0.0,0.0,0.0,20.0,19.55,0.0,0.0,7.3313,8162.15,1
2026-06-07 02:00:00,1780777800,2.0,6,1,GRID_FALLBACK,16.25,0.0,0.21,4.74,0.0,0.36,0.36,10.27,IDLE,0.0,OFF,0.0,OFF,10.25,20.52,20.52,0.0,0.0,08:00,17:00,3.0,17:00,1,4.5,0,50.0,0.0,0.0,0.0,20.0,20.16,0.0,0.0,7.56,8169.71,1
2026-06-07 02:05:00,1780778100,2.083,6,1,GRID_FALLBACK,16.58,0.0,0.21,5.93,0.0,1.73,1.73,10.09,IDLE,0.0,OFF,0.0,OFF,9.92,20.02,20.02,0.0,0.0,08:00,17:00,3.0,17:00,1,4.5,0,50.0,0.0,0.0,0.0,20.0,18.29,0.0,0.0,6.8587,8176.57,1
2026-06-07 02:10:00,1780778400,2.167,6,1,GRID_FALLBACK,16.31,0.0,0.24,5.25,0.0,0.78,0.78,10.01,IDLE,0.0,OFF,0.0,OFF,10.05,20.06,20.06,0.0,0.0,08:00,17:00,3.0,17:00,1,4.5,0,50.0,0.0,0.0,0.0,20.0,19.28,0.0,0.0,7.23,8183.8,1
2026-06-07 02:15:00,1780778700,2.25,6,1,GRID_FALLBACK,16.51,0.0,0.21,5.07,0.0,0.61,0.61,9.84,IDLE,0.0,OFF,0.0,OFF,10.04,19.88,19.88,0.0,0.0,08:00,17:00,3.0,17:00,1,4.5,0,50.0,0.0,0.0,0.0,20.0,19.27,0.0,0.0,7.2263,8191.03,1
2026-06-07 02:20:00,1780779000,2.333,6,1,GRID_FALLBACK,16.44,0.0,0.26,5.99,0.0,1.84,1.84,9.93,IDLE,0.0,OFF,0.0,OFF,9.89,19.82,19.82,0.0,0.0,08:00,17:00,3.0,17:00,1,4.5,0,50.0,0.0,0.0,0.0,20.0,17.98,0.0,0.0,6.7425,8197.77,1
2026-06-07 02:25:00,1780779300,2.417,6,1,GRID_FALLBACK,15.95,0.0,0.22,4.92,0.0,0.49,0.49,10.31,IDLE,0.0,OFF,0.0,OFF,10.14,20.45,20.45,0.0,0.0,08:00,17:00,3.0,17:00,1,4.5,0,50.0,0.0,0.0,0.0,20.0,19.96,0.0,0.0,7.485,8205.25,1
2026-06-07 02:30:00,1780779600,2.5,6,1,GRID_FALLBACK,16.46,0.0,0.22,5.57,0.0,1.17,1.17,10.08,IDLE,0.0,OFF,0.0,OFF,10.07,20.14,20.14,0.0,0.0,08:00,17:00,3.0,17:00,1,4.5,0,50.0,0.0,0.0,0.0,20.0,18.97,0.0,0.0,7.1137,8212.37,1
2026-06-07 02:35:00,1780779900,2.583,6,1,GRID_FALLBACK,15.73,0.0,0.23,4.98,0.0,0.54,0.54,9.77,IDLE,0.0,OFF,0.0,OFF,9.96,19.74,19.74,0.0,0.0,08:00,17:00,3.0,17:00,1,4.5,0,50.0,0.0,0.0,0.0,20.0,19.2,0.0,0.0,7.2,8219.57,1
2026-06-07 02:40:00,1780780200,2.667,6,1,GRID_FALLBACK,16.34,0.0,0.23,6.31,0.0,2.49,2.49,10.49,IDLE,0.0,OFF,0.0,OFF,10.15,20.64,20.64,0.0,0.0,08:00,17:00,3.0,17:00,1,4.5,0,50.0,0.0,0.0,0.0,20.0,18.15,0.0,0.0,6.8062,8226.37,1
2026-06-07 02:45:00,1780780500,2.75,6,1,GRID_FALLBACK,16.36,0.0,0.27,5.12,0.0,0.66,0.66,9.71,IDLE,0.0,OFF,0.0,OFF,10.2,19.91,19.91,0.0,0.0,08:00,17:00,3.0,17:00,1,4.5,0,50.0,0.0,0.0,0.0,20.0,19.25,0.0,0.0,7.2188,8233.59,1
2026-06-07 02:50:00,1780780800,2.833,6,1,GRID_FALLBACK,16.21,0.0,0.2,6.39,0.0,2.68,2.68,10.46,IDLE,0.0,OFF,0.0,OFF,10.02,20.48,20.48,0.0,0.0,08:00,17:00,3.0,17:00,1,4.5,0,50.0,0.0,0.0,0.0,20.0,17.8,0.0,0.0,6.675,8240.27,1
2026-06-07 02:55:00,1780781100,2.917,6,1,GRID_FALLBACK,16.24,0.0,0.2,6.33,0.0,2.54,2.54,9.53,IDLE,0.0,OFF,0.0,OFF,9.82,19.35,19.35,0.0,0.0,08:00,17:00,3.0,17:00,1,4.5,0,50.0,0.0,0.0,0.0,20.0,16.81,0.0,0.0,6.3038,8246.57,1
2026-06-07 03:00:00,1780781400,3.0,6,1,GRID_FALLBACK,16.35,0.0,0.26,6.22,0.0,2.3,2.3,10.02,IDLE,0.0,OFF,0.0,OFF,10.2,20.22,20.22,0.0,0.0,08:00,17:00,3.0,17:00,1,4.5,0,50.0,0.0,0.0,0.0,20.0,17.92,0.0,0.0,6.72,8253.29,1
2026-06-07 03:05:00,1780781700,3.083,6,1,GRID_FALLBACK,15.84,0.0,0.21,6.24,0.0,2.32,2.32,10.34,IDLE,0.0,OFF,0.0,OFF,9.97,20.31,20.31,0.0,0.0,08:00,17:00,3.0,17:00,1,4.5,0,50.0,0.0,0.0,0.0,20.0,17.99,0.0,0.0,6.7462,8260.04,1
2026-06-07 03:10:00,1780782000,3.167,6,1,GRID_FALLBACK,15.95,0.0,0.23,6.54,0.0,3.05,3.05,10.49,IDLE,0.0,OFF,0.0,OFF,10.14,20.63,20.63,0.0,0.0,08:00,17:00,3.0,17:00,1,4.5,0,50.0,0.0,0.0,0.0,20.0,17.58,0.0,0.0,6.5925,8266.63,1
2026-06-07 03:15:00,1780782300,3.25,6,1,GRID_FALLBACK,15.71,0.0,0.24,5.34,0.0,0.88,0.88,10.29,IDLE,0.0,OFF,0.0,OFF,10.14,20.43,20.43,0.0,0.0,08:00,17:00,3.0,17:00,1,4.5,0,50.0,0.0,0.0,0.0,20.0,19.55,0.0,0.0,7.3313,8273.96,1
2026-06-07 03:20:00,1780782600,3.333,6,1,GRID_FALLBACK,15.89,0.0,0.25,5.71,0.0,1.36,1.36,10.13,IDLE,0.0,OFF,0.0,OFF,10.01,20.14,20.14,0.0,0.0,08:00,17:00,3.0,17:00,1,4.5,0,50.0,0.0,0.0,0.0,20.0,18.78,0.0,0.0,7.0425,8281.0,1
2026-06-07 03:25:00,1780782900,3.417,6,1,GRID_FALLBACK,16.27,0.0,0.27,5.82,0.0,1.54,1.54,10.42,IDLE,0.0,OFF,0.0,OFF,9.96,20.38,20.38,0.0,0.0,08:00,17:00,3.0,17:00,1,4.5,0,50.0,0.0,0.0,0.0,20.0,18.84,0.0,0.0,7.065,8288.07,1
2026-06-07 03:30:00,1780783200,3.5,6,1,GRID_FALLBACK,16.41,0.0,0.28,5.88,0.0,1.64,1.64,10.34,IDLE,0.0,OFF,0.0,OFF,10.1,20.44,20.44,0.0,0.0,08:00,17:00,3.0,17:00,1,4.5,0,50.0,0.0,0.0,0.0,20.0,18.8,0.0,0.0,7.05,8295.12,1
2026-06-07 03:35:00,1780783500,3.583,6,1,GRID_FALLBACK,16.4,0.0,0.2,6.44,0.0,2.8,2.8,9.51,IDLE,0.0,OFF,0.0,OFF,9.78,19.29,19.29,0.0,0.0,08:00,17:00,3.0,17:00,1,4.5,0,50.0,0.0,0.0,0.0,20.0,16.49,0.0,0.0,6.1837,8301.3,1
2026-06-07 03:40:00,1780783800,3.667,6,1,GRID_FALLBACK,16.02,0.0,0.29,6.56,0.0,3.09,3.09,9.77,IDLE,0.0,OFF,0.0,OFF,9.79,19.56,19.56,0.0,0.0,08:00,17:00,3.0,17:00,1,4.5,0,50.0,0.0,0.0,0.0,20.0,16.47,0.0,0.0,6.1762,8307.48,1
2026-06-07 03:45:00,1780784100,3.75,6,1,GRID_FALLBACK,16.4,0.0,0.27,5.99,0.0,1.83,1.83,9.7,IDLE,0.0,OFF,0.0,OFF,10.23,19.92,19.92,0.0,0.0,08:00,17:00,3.0,17:00,1,4.5,0,50.0,0.0,0.0,0.0,20.0,18.09,0.0,0.0,6.7838,8314.26,1
2026-06-07 03:50:00,1780784400,3.833,6,1,GRID_FALLBACK,16.55,0.0,0.29,6.79,0.0,3.73,3.73,9.5,IDLE,0.0,OFF,0.0,OFF,9.74,19.24,19.24,0.0,0.0,08:00,17:00,3.0,17:00,1,4.5,0,50.0,0.0,0.0,0.0,20.0,15.51,0.0,0.0,5.8162,8320.08,1
2026-06-07 03:55:00,1780784700,3.917,6,1,GRID_FALLBACK,16.28,0.0,0.22,5.93,0.0,1.73,1.73,9.92,IDLE,0.0,OFF,0.0,OFF,9.86,19.78,19.78,0.0,0.0,08:00,17:00,3.0,17:00,1,4.5,0,50.0,0.0,0.0,0.0,20.0,18.05,0.0,0.0,6.7688,8326.85,1
2026-06-07 04:00:00,1780785000,4.0,6,1,GRID_FALLBACK,16.18,0.0,0.26,6.72,0.0,3.53,3.53,9.98,IDLE,0.0,OFF,0.0,OFF,10.09,20.08,20.08,0.0,0.0,08:00,17:00,3.0,17:00,1,4.5,0,50.0,0.0,0.0,0.0,20.0,16.55,0.0,0.0,6.2062,8333.05,1
2026-06-07 04:05:00,1780785300,4.083,6,1,GRID_FALLBACK,16.06,0.0,0.23,6.13,0.0,2.09,2.09,9.79,IDLE,0.0,OFF,0.0,OFF,9.99,19.78,19.78,0.0,0.0,08:00,17:00,3.0,17:00,1,4.5,0,50.0,0.0,0.0,0.0,20.0,17.69,0.0,0.0,6.6338,8339.69,1
2026-06-07 04:10:00,1780785600,4.167,6,1,GRID_FALLBACK,16.61,0.0,0.24,6.38,0.0,2.65,2.65,9.98,IDLE,0.0,OFF,0.0,OFF,9.76,19.74,19.74,0.0,0.0,08:00,17:00,3.0,17:00,1,4.5,0,50.0,0.0,0.0,0.0,20.0,17.09,0.0,0.0,6.4087,8346.1,1
2026-06-07 04:15:00,1780785900,4.25,6,1,GRID_FALLBACK,16.11,0.0,0.29,7.07,0.0,4.63,4.63,9.79,IDLE,0.0,OFF,0.0,OFF,10.28,20.07,20.07,0.0,0.0,08:00,17:00,3.0,17:00,1,4.5,0,50.0,0.0,0.0,0.0,20.0,15.44,0.0,0.0,5.79,8351.89,1
2026-06-07 04:20:00,1780786200,4.333,6,1,GRID_FALLBACK,16.34,0.0,0.27,6.1,0.0,2.05,2.05,9.96,IDLE,0.0,OFF,0.0,OFF,9.89,19.86,19.86,0.0,0.0,08:00,17:00,3.0,17:00,1,4.5,0,50.0,0.0,0.0,0.0,20.0,17.81,0.0,0.0,6.6787,8358.57,1
2026-06-07 04:25:00,1780786500,4.417,6,1,GRID_FALLBACK,16.23,0.0,0.27,7.1,0.0,4.73,4.73,10.27,IDLE,0.0,OFF,0.0,OFF,9.99,20.26,20.26,0.0,0.0,08:00,17:00,3.0,17:00,1,4.5,0,50.0,0.0,0.0,0.0,20.0,15.53,0.0,0.0,5.8238,8364.39,1
2026-06-07 04:30:00,1780786800,4.5,6,1,GRID_FALLBACK,16.85,0.0,0.25,6.69,0.0,3.43,3.43,9.73,IDLE,0.0,OFF,0.0,OFF,9.87,19.61,19.61,0.0,0.0,08:00,17:00,3.0,17:00,1,4.5,0,50.0,0.0,0.0,0.0,20.0,16.18,0.0,0.0,6.0675,8370.46,1
2026-06-07 04:35:00,1780787100,4.583,6,1,GRID_FALLBACK,16.68,0.0,0.29,7.33,0.0,5.58,5.58,9.56,IDLE,0.0,OFF,0.0,OFF,10.16,19.72,19.72,0.0,0.0,08:00,17:00,3.0,17:00,1,4.5,0,50.0,0.0,0.0,0.0,20.0,14.14,0.0,0.0,5.3025,8375.76,1
2026-06-07 04:40:00,1780787400,4.667,6,1,GRID_FALLBACK,16.56,0.0,0.23,6.76,0.0,3.65,3.65,9.94,IDLE,0.0,OFF,0.0,OFF,9.94,19.88,19.88,0.0,0.0,08:00,17:00,3.0,17:00,1,4.5,0,50.0,0.0,0.0,0.0,20.0,16.23,0.0,0.0,6.0862,8381.85,1
2026-06-07 04:45:00,1780787700,4.75,6,1,GRID_FALLBACK,17.15,0.0,0.23,7.35,0.0,5.66,5.66,9.84,IDLE,0.0,OFF,0.0,OFF,10.19,20.03,20.03,0.0,0.0,08:00,17:00,3.0,17:00,1,4.5,0,50.0,0.0,0.0,0.0,20.0,14.37,0.0,0.0,5.3887,8387.23,1
2026-06-07 04:50:00,1780788000,4.833,6,1,GRID_FALLBACK,16.75,0.0,0.24,7.16,0.0,4.93,4.93,9.67,IDLE,0.0,OFF,0.0,OFF,9.82,19.49,19.49,0.0,0.0,08:00,17:00,3.0,17:00,1,4.5,0,50.0,0.0,0.0,0.0,20.0,14.56,0.0,0.0,5.46,8392.69,1
2026-06-07 04:55:00,1780788300,4.917,6,1,GRID_FALLBACK,17.09,0.0,0.29,7.28,0.0,5.36,5.36,9.83,IDLE,0.0,OFF,0.0,OFF,10.06,19.89,19.89,0.0,0.0,08:00,17:00,3.0,17:00,1,4.5,0,50.0,0.0,0.0,0.0,20.0,14.53,0.0,0.0,5.4488,8398.14,1
2026-06-07 05:00:00,1780788600,5.0,6,1,GRID_FALLBACK,16.69,0.0,0.27,7.63,0.0,6.81,6.81,9.59,IDLE,0.0,OFF,0.0,OFF,10.12,19.71,19.71,0.0,0.0,08:00,17:00,3.0,17:00,1,4.5,0,50.0,0.0,0.0,0.0,20.0,12.9,0.0,0.0,4.8375,8402.98,1
2026-06-07 05:05:00,1780788900,5.083,6,1,GRID_FALLBACK,17.49,0.0,0.28,7.28,0.0,5.39,5.39,10.15,IDLE,0.0,OFF,0.0,OFF,10.01,20.17,20.17,0.0,0.0,08:00,17:00,3.0,17:00,1,4.5,0,50.0,0.0,0.0,0.0,20.0,14.78,0.0,0.0,5.5425,8408.52,1
2026-06-07 05:10:00,1780789200,5.167,6,1,GRID_FALLBACK,17.14,0.0,0.22,6.7,0.0,3.48,3.48,10.04,IDLE,0.0,OFF,0.0,OFF,10.22,20.25,20.25,0.0,0.0,08:00,17:00,3.0,17:00,1,4.5,0,50.0,0.0,0.0,0.0,20.0,16.77,0.0,0.0,6.2888,8414.81,1
2026-06-07 05:15:00,1780789500,5.25,6,1,GRID_FALLBACK,17.13,0.0,0.28,7.96,0.0,8.37,8.37,9.83,IDLE,0.0,OFF,0.0,OFF,9.83,19.66,19.66,0.0,0.0,08:00,17:00,3.0,17:00,1,4.5,0,50.0,0.0,0.0,0.0,20.0,11.29,0.0,0.0,4.2338,8419.05,1
2026-06-07 05:20:00,1780789800,5.333,6,1,GRID_FALLBACK,17.63,0.0,0.29,6.61,0.0,3.23,3.23,9.52,IDLE,0.0,OFF,0.0,OFF,10.26,19.78,19.78,0.0,0.0,08:00,17:00,3.0,17:00,1,4.5,0,50.0,0.0,0.0,0.0,20.0,16.55,0.0,0.0,6.2063,8425.25,1
2026-06-07 05:25:00,1780790100,5.417,6,1,GRID_FALLBACK,17.23,0.0,0.24,7.38,0.0,5.77,5.77,9.66,IDLE,0.0,OFF,0.0,OFF,9.88,19.54,19.54,0.0,0.0,08:00,17:00,3.0,17:00,1,4.5,0,50.0,0.0,0.0,0.0,20.0,13.77,0.0,0.0,5.1637,8430.42,1
2026-06-07 05:30:00,1780790400,5.5,6,1,GRID_FALLBACK,17.44,0.0,0.28,7.05,0.0,4.56,4.56,9.77,IDLE,0.0,OFF,0.0,OFF,9.77,19.55,19.55,0.0,0.0,08:00,17:00,3.0,17:00,1,4.5,0,50.0,0.0,0.0,0.0,20.0,14.99,0.0,0.0,5.6213,8436.04,1
2026-06-07 05:35:00,1780790700,5.583,6,1,GRID_FALLBACK,17.99,0.0,0.27,6.92,0.0,4.12,4.12,10.24,IDLE,0.0,OFF,0.0,OFF,9.86,20.1,20.1,0.0,0.0,08:00,17:00,3.0,17:00,1,4.5,0,50.0,0.0,0.0,0.0,20.0,15.98,0.0,0.0,5.9925,8442.03,1
2026-06-07 05:40:00,1780791000,5.667,6,1,GRID_FALLBACK,17.54,0.0,0.21,7.91,0.0,8.13,8.13,10.26,IDLE,0.0,OFF,0.0,OFF,9.95,20.21,20.21,0.0,0.0,08:00,17:00,3.0,17:00,1,4.5,0,50.0,0.0,0.0,0.0,20.0,12.08,0.0,0.0,4.53,8446.56,1
2026-06-07 05:45:00,1780791300,5.75,6,1,GRID_FALLBACK,17.6,0.0,0.28,7.77,0.0,7.46,7.46,9.65,IDLE,0.0,OFF,0.0,OFF,10.14,19.79,19.79,0.0,0.0,08:00,17:00,3.0,17:00,1,4.5,0,50.0,0.0,0.0,0.0,20.0,12.33,0.0,0.0,4.6237,8451.18,1
2026-06-07 05:50:00,1780791600,5.833,6,1,GRID_FALLBACK,18.34,0.0,0.22,7.82,0.0,7.7,7.7,9.81,IDLE,0.0,OFF,0.0,OFF,9.89,19.71,19.71,0.0,0.0,08:00,17:00,3.0,17:00,1,4.5,0,50.0,0.0,0.0,0.0,20.0,12.01,0.0,0.0,4.5038,8455.69,1
2026-06-07 05:55:00,1780791900,5.917,6,1,GRID_FALLBACK,18.23,0.0,0.2,7.34,0.0,5.61,5.61,9.7,IDLE,0.0,OFF,0.0,OFF,9.86,19.56,19.56,0.0,0.0,08:00,17:00,3.0,17:00,1,4.5,0,50.0,0.0,0.0,0.0,20.0,13.95,0.0,0.0,5.2312,8460.92,1
2026-06-07 06:00:00,1780792200,6.0,6,1,GRID_FALLBACK,18.47,0.0,0.25,7.42,0.0,5.91,5.91,10.47,IDLE,0.0,OFF,0.0,OFF,10.04,20.5,20.5,0.0,0.0,08:00,17:00,3.0,17:00,1,4.5,0,50.0,0.0,0.0,0.0,20.0,14.59,0.0,0.0,5.4712,8466.39,1
2026-06-07 06:05:00,1780792500,6.083,6,1,GRID_FALLBACK,18.45,15.5,0.29,7.85,1.33,7.82,9.16,9.52,IDLE,0.0,OFF,0.0,OFF,10.0,19.52,19.52,0.0,0.0,08:00,17:00,3.0,17:00,1,4.5,0,50.0,0.0,0.0,0.0,20.0,10.36,0.0,0.0,3.885,8470.27,1
2026-06-07 06:10:00,1780792800,6.167,6,1,GRID_FALLBACK,18.51,33.3,0.24,7.92,3.02,8.16,11.18,9.72,IDLE,0.0,OFF,0.0,OFF,10.29,20.01,20.01,0.0,0.0,08:00,17:00,3.0,17:00,1,4.5,0,50.0,0.0,0.0,0.0,20.0,8.83,0.0,0.0,3.3113,8473.59,1
2026-06-07 06:15:00,1780793100,6.25,6,1,GRID_FALLBACK,18.64,50.8,0.22,7.68,5.27,7.03,12.31,10.14,IDLE,0.0,OFF,0.0,OFF,9.9,20.04,20.04,0.0,0.0,08:00,17:00,3.0,17:00,1,4.5,0,50.0,0.0,0.0,0.0,20.0,7.73,0.0,0.0,2.8987,8476.48,1
2026-06-07 06:20:00,1780793400,6.333,6,1,GRID_FALLBACK,19.11,61.2,0.3,7.29,5.94,5.4,11.34,10.36,IDLE,0.0,OFF,0.0,OFF,9.99,20.36,20.36,0.0,0.0,08:00,17:00,3.0,17:00,1,4.5,0,50.0,0.0,0.0,0.0,20.0,9.02,0.0,0.0,3.3825,8479.87,1
2026-06-07 06:25:00,1780793700,6.417,6,1,GRID_FALLBACK,18.79,85.6,0.21,8.16,8.74,9.45,18.19,10.22,IDLE,0.0,OFF,0.0,OFF,10.04,20.26,20.26,0.0,0.0,08:00,17:00,3.0,17:00,1,4.5,0,50.0,0.0,0.0,0.0,20.0,2.07,0.0,0.0,0.7763,8480.64,1
2026-06-07 06:30:00,1780794000,6.5,6,1,GRID_FALLBACK,18.92,94.4,0.28,7.63,9.48,6.79,16.27,9.84,IDLE,0.0,OFF,0.0,OFF,9.79,19.63,19.63,0.0,0.0,08:00,17:00,3.0,17:00,1,4.5,0,50.0,0.0,0.0,0.0,20.0,3.36,0.0,0.0,1.26,8481.9,1
2026-06-07 06:35:00,1780794300,6.583,6,1,GRID_FALLBACK,19.13,113.1,0.26,7.92,11.08,8.14,19.23,10.19,IDLE,0.0,OFF,0.0,OFF,10.15,20.34,20.34,0.0,0.0,08:00,17:00,3.0,17:00,1,4.5,0,50.0,0.0,0.0,0.0,20.0,1.11,0.0,0.0,0.4162,8482.32,1
2026-06-07 06:40:00,1780794600,6.667,6,1,BATTERY_CHARGING,19.65,129.4,0.25,7.81,13.37,7.62,21.0,9.82,IDLE,0.0,OFF,0.0,OFF,10.13,19.95,19.95,0.0,0.0,08:00,17:00,3.0,17:00,1,4.5,0,50.0,1.05,1.05,0.0,20.04,0.0,0.0,0.0,0.0,8482.32,1
2026-06-07 06:45:00,1780794900,6.75,6,1,BATTERY_CHARGING,19.57,139.3,0.29,8.94,13.82,14.35,28.17,9.61,IDLE,0.0,OFF,0.0,OFF,10.12,19.72,19.72,0.0,0.0,08:00,17:00,3.0,17:00,1,4.5,0,50.0,8.45,8.45,0.0,20.38,0.0,0.0,0.0,0.0,8482.32,1
2026-06-07 06:50:00,1780795200,6.833,6,1,BATTERY_CHARGING,19.6,156.8,0.28,7.65,16.26,6.89,23.15,9.67,IDLE,0.0,OFF,0.0,OFF,9.96,19.63,19.63,0.0,0.0,08:00,17:00,3.0,17:00,1,4.5,0,50.0,3.52,3.52,0.0,20.52,0.0,0.0,0.0,0.0,8482.32,1
2026-06-07 06:55:00,1780795500,6.917,6,1,BATTERY_CHARGING,20.23,189.2,0.2,8.11,18.95,9.14,28.09,10.3,IDLE,0.0,OFF,0.0,OFF,9.99,20.3,20.3,0.0,0.0,08:00,17:00,3.0,17:00,1,4.5,0,50.0,7.79,7.79,0.0,20.82,0.0,0.0,0.0,0.0,8482.32,1
2026-06-07 07:00:00,1780795800,7.0,6,1,BATTERY_CHARGING,20.2,192.9,0.25,8.11,19.46,9.13,28.59,9.94,IDLE,0.0,OFF,0.0,OFF,9.88,19.81,19.81,0.0,0.0,08:00,17:00,3.0,17:00,1,4.5,0,50.0,8.78,8.78,0.0,21.17,0.0,0.0,0.0,0.0,8482.32,1
2026-06-07 07:05:00,1780796100,7.083,6,1,BATTERY_CHARGING,20.49,204.9,0.27,8.34,20.98,10.46,31.43,9.87,IDLE,0.0,OFF,0.0,OFF,10.09,19.96,19.96,0.0,0.0,08:00,17:00,3.0,17:00,1,4.5,0,50.0,11.47,11.47,0.0,21.63,0.0,0.0,0.0,0.0,8482.32,1
2026-06-07 07:10:00,1780796400,7.167,6,1,BATTERY_CHARGING,20.02,224.8,0.25,7.87,23.04,7.92,30.97,10.21,IDLE,0.0,OFF,0.0,OFF,10.01,20.23,20.23,0.0,0.0,08:00,17:00,3.0,17:00,1,4.5,0,50.0,10.74,10.74,0.0,22.05,0.0,0.0,0.0,0.0,8482.32,1
2026-06-07 07:15:00,1780796700,7.25,6,1,BATTERY_CHARGING,20.26,242.3,0.25,9.08,25.11,15.4,40.51,10.22,IDLE,0.0,OFF,0.0,OFF,10.21,20.43,20.43,0.0,0.0,08:00,17:00,3.0,17:00,1,4.5,0,50.0,20.08,20.08,0.0,22.85,0.0,0.0,0.0,0.0,8482.32,1
2026-06-07 07:20:00,1780797000,7.333,6,1,BATTERY_CHARGING,20.33,255.7,0.25,8.94,25.56,14.39,39.95,9.92,IDLE,0.0,OFF,0.0,OFF,9.79,19.71,19.71,0.0,0.0,08:00,17:00,3.0,17:00,1,4.5,0,50.0,20.24,20.24,0.0,23.65,0.0,0.0,0.0,0.0,8482.32,1
2026-06-07 07:25:00,1780797300,7.417,6,1,BATTERY_CHARGING,20.43,254.5,0.3,8.15,25.61,9.36,34.97,10.19,IDLE,0.0,OFF,0.0,OFF,10.02,20.22,20.22,0.0,0.0,08:00,17:00,3.0,17:00,1,4.5,0,50.0,14.75,14.75,0.0,24.23,0.0,0.0,0.0,0.0,8482.32,1
2026-06-07 07:30:00,1780797600,7.5,6,1,BATTERY_CHARGING,20.8,303.8,0.21,8.43,30.55,11.0,41.55,9.85,IDLE,0.0,OFF,0.0,OFF,10.04,19.89,19.89,0.0,0.0,08:00,17:00,3.0,17:00,1,4.5,0,50.0,21.66,21.66,0.0,25.09,0.0,0.0,0.0,0.0,8482.32,1
2026-06-07 07:35:00,1780797900,7.583,6,1,BATTERY_CHARGING,20.88,296.9,0.26,9.2,29.95,16.35,46.3,10.32,IDLE,0.0,OFF,0.0,OFF,10.22,20.54,20.54,0.0,0.0,08:00,17:00,3.0,17:00,1,4.5,0,50.0,25.76,25.76,0.0,26.11,0.0,0.0,0.0,0.0,8482.32,1
2026-06-07 07:40:00,1780798200,7.667,6,1,BATTERY_CHARGING,21.33,325.2,0.23,8.75,32.9,13.02,45.92,9.75,IDLE,0.0,OFF,0.0,OFF,10.02,19.78,19.78,0.0,0.0,08:00,17:00,3.0,17:00,1,4.5,0,50.0,26.14,26.14,0.0,27.14,0.0,0.0,0.0,0.0,8482.32,1
2026-06-07 07:45:00,1780798500,7.75,6,1,BATTERY_CHARGING,21.56,350.4,0.21,8.02,35.75,8.69,44.44,9.78,IDLE,0.0,OFF,0.0,OFF,9.86,19.64,19.64,0.0,0.0,08:00,17:00,3.0,17:00,1,4.5,0,50.0,24.8,24.8,0.0,28.12,0.0,0.0,0.0,0.0,8482.32,1
2026-06-07 07:50:00,1780798800,7.833,6,1,BATTERY_CHARGING,21.28,332.6,0.28,8.75,34.02,13.03,47.05,9.83,IDLE,0.0,OFF,0.0,OFF,10.16,19.99,19.99,0.0,0.0,08:00,17:00,3.0,17:00,1,4.5,0,50.0,27.06,27.06,0.0,29.19,0.0,0.0,0.0,0.0,8482.32,1
2026-06-07 07:55:00,1780799100,7.917,6,1,BATTERY_CHARGING,21.84,371.5,0.23,9.13,37.99,15.79,53.78,10.17,IDLE,0.0,OFF,0.0,OFF,9.98,20.15,20.15,0.0,0.0,08:00,17:00,3.0,17:00,1,4.5,0,50.0,33.63,33.63,0.0,30.53,0.0,0.0,0.0,0.0,8482.32,1
2026-06-07 08:00:00,1780799400,8.0,6,1,BATTERY_CHARGING,21.66,360.8,0.28,9.45,36.16,18.38,54.54,10.3,IDLE,0.0,OFF,0.0,OFF,9.79,20.09,20.09,0.0,0.0,08:00,17:00,3.0,17:00,1,4.5,0,50.0,34.45,34.45,0.0,31.89,0.0,0.0,0.0,0.0,8482.32,1
2026-06-07 08:05:00,1780799700,8.083,6,1,BATTERY_CHARGING,21.83,369.6,0.29,8.41,37.83,10.86,48.68,9.55,IDLE,0.0,OFF,0.0,OFF,10.01,19.56,19.56,0.0,0.0,08:00,17:00,3.0,17:00,1,4.5,0,50.0,29.12,29.12,0.0,33.04,0.0,0.0,0.0,0.0,8482.32,1
2026-06-07 08:10:00,1780800000,8.167,6,1,BATTERY_CHARGING,22.22,394.1,0.27,8.44,39.85,11.05,50.9,9.62,IDLE,0.0,OFF,0.0,OFF,10.04,19.65,19.65,0.0,0.0,08:00,17:00,3.0,17:00,1,4.5,0,50.0,31.25,31.25,0.0,34.28,0.0,0.0,0.0,0.0,8482.32,1
2026-06-07 08:15:00,1780800300,8.25,6,1,BATTERY_CHARGING,22.34,423.0,0.24,8.7,42.57,12.71,55.28,10.02,IDLE,0.0,OFF,0.0,OFF,10.02,20.04,20.04,0.0,0.0,08:00,17:00,3.0,17:00,1,4.5,0,50.0,35.24,35.24,0.0,35.67,0.0,0.0,0.0,0.0,8482.32,1
2026-06-07 08:20:00,1780800600,8.333,6,1,BATTERY_CHARGING,22.92,410.6,0.28,9.49,41.84,18.79,60.63,10.33,IDLE,0.0,OFF,0.0,OFF,10.13,20.46,20.46,0.0,0.0,08:00,17:00,3.0,17:00,1,4.5,0,50.0,40.17,40.17,0.0,37.26,0.0,0.0,0.0,0.0,8482.32,1
2026-06-07 08:25:00,1780800900,8.417,6,1,BATTERY_CHARGING,23.05,439.9,0.26,8.77,44.62,13.19,57.81,10.19,IDLE,0.0,OFF,0.0,OFF,10.03,20.22,20.22,0.0,0.0,08:00,17:00,3.0,17:00,1,4.5,0,50.0,37.59,37.59,0.0,38.75,0.0,0.0,0.0,0.0,8482.32,1
2026-06-07 08:30:00,1780801200,8.5,6,1,BATTERY_CHARGING,22.9,465.8,0.23,8.05,46.84,8.83,55.67,9.97,IDLE,0.0,OFF,0.0,OFF,10.1,20.07,20.07,0.0,0.0,08:00,17:00,3.0,17:00,1,4.5,0,50.0,35.6,35.6,0.0,40.16,0.0,0.0,0.0,0.0,8482.32,1
2026-06-07 08:35:00,1780801500,8.583,6,1,BATTERY_CHARGING,23.31,487.4,0.22,8.93,49.56,14.27,63.83,10.44,IDLE,0.0,OFF,0.0,OFF,9.93,20.37,20.37,0.0,0.0,08:00,17:00,3.0,17:00,1,4.5,0,50.0,43.46,43.46,0.0,41.88,0.0,0.0,0.0,0.0,8482.32,1
2026-06-07 08:40:00,1780801800,8.667,6,1,BATTERY_CHARGING,23.05,466.2,0.27,8.07,46.92,8.92,55.84,10.03,IDLE,0.0,OFF,0.0,OFF,9.7,19.73,19.73,0.0,0.0,08:00,17:00,3.0,17:00,1,4.5,0,50.0,36.11,36.11,0.0,43.31,0.0,0.0,0.0,0.0,8482.32,1
2026-06-07 08:45:00,1780802100,8.75,6,1,BATTERY_CHARGING,23.33,521.3,0.21,8.66,52.23,12.42,64.65,10.42,IDLE,0.0,OFF,0.0,OFF,10.06,20.49,20.49,0.0,0.0,08:00,17:00,3.0,17:00,1,4.5,0,50.0,44.16,44.16,0.0,45.06,0.0,0.0,0.0,0.0,8482.32,1
2026-06-07 08:50:00,1780802400,8.833,6,1,BATTERY_CHARGING,23.28,521.9,0.23,8.85,52.09,13.73,65.83,10.2,IDLE,0.0,OFF,0.0,OFF,9.85,20.05,20.05,0.0,0.0,08:00,17:00,3.0,17:00,1,4.5,0,50.0,45.78,45.78,0.0,46.87,0.0,0.0,0.0,0.0,8482.32,1
2026-06-07 08:55:00,1780802700,8.917,6,1,BATTERY_CHARGING,23.93,486.1,0.3,9.42,49.18,18.13,67.3,10.43,IDLE,0.0,OFF,0.0,OFF,10.3,20.73,20.73,0.0,0.0,08:00,17:00,3.0,17:00,1,4.5,0,50.0,46.57,46.57,0.0,48.71,0.0,0.0,0.0,0.0,8482.32,1
2026-06-07 09:00:00,1780803000,9.0,6,1,BATTERY_CHARGING,24.11,531.0,0.25,8.87,53.67,13.89,67.56,10.25,IDLE,0.0,OFF,0.0,OFF,10.18,20.44,20.44,0.0,0.0,08:00,17:00,3.0,17:00,1,4.5,0,50.0,47.12,47.12,0.0,50.58,0.0,0.0,0.0,0.0,8482.32,1
2026-06-07 09:05:00,1780803300,9.083,6,1,GRID_EXPORT,23.81,575.8,0.2,9.56,57.51,19.35,76.86,10.24,IDLE,0.0,OFF,0.0,OFF,10.22,20.46,20.46,0.0,0.0,08:00,17:00,3.0,17:00,1,4.5,0,50.0,50.0,50.0,0.0,52.56,0.0,6.4,0.0,-1.2,8481.12,1
2026-06-07 09:10:00,1780803600,9.167,6,1,GRID_EXPORT,24.05,558.9,0.24,9.49,55.66,18.78,74.44,10.14,IDLE,0.0,OFF,0.0,OFF,9.74,19.87,19.87,0.0,0.0,08:00,17:00,3.0,17:00,1,4.5,0,50.0,50.0,50.0,0.0,54.54,0.0,4.57,0.0,-0.8569,8480.26,1
2026-06-07 09:15:00,1780803900,9.25,6,1,GRID_EXPORT,24.2,560.6,0.25,9.73,55.93,20.86,76.79,10.11,IDLE,0.0,OFF,0.0,OFF,9.71,19.82,19.82,0.0,0.0,08:00,17:00,3.0,17:00,1,4.5,0,50.0,50.0,50.0,0.0,56.52,0.0,6.97,0.0,-1.3069,8478.96,1
2026-06-07 09:20:00,1780804200,9.333,6,1,BATTERY_CHARGING,24.97,547.9,0.28,8.67,55.0,12.49,67.49,10.41,IDLE,0.0,OFF,0.0,OFF,10.05,20.46,20.46,0.0,0.0,08:00,17:00,3.0,17:00,1,4.5,0,50.0,47.03,47.03,0.0,58.38,0.0,0.0,0.0,0.0,8478.96,1
2026-06-07 09:25:00,1780804500,9.417,6,1,GRID_EXPORT,25.23,583.6,0.25,9.68,58.21,20.41,78.62,10.34,IDLE,0.0,OFF,0.0,OFF,10.1,20.44,20.44,0.0,0.0,08:00,17:00,3.0,17:00,1,4.5,0,50.0,50.0,50.0,0.0,60.36,0.0,8.18,0.0,-1.5338,8477.42,1
2026-06-07 09:30:00,1780804800,9.5,6,1,GRID_EXPORT,24.7,569.2,0.28,8.98,57.22,14.67,71.9,9.58,IDLE,0.0,OFF,0.0,OFF,9.97,19.55,19.55,0.0,0.0,08:00,17:00,3.0,17:00,1,4.5,0,50.0,50.0,50.0,0.0,62.34,0.0,2.35,0.0,-0.4406,8476.98,1
2026-06-07 09:35:00,1780805100,9.583,6,1,GRID_EXPORT,25.04,629.1,0.22,8.99,62.58,14.77,77.35,10.25,IDLE,0.0,OFF,0.0,OFF,10.2,20.45,20.45,0.0,0.0,08:00,17:00,3.0,17:00,1,4.5,0,50.0,50.0,50.0,0.0,64.32,0.0,6.9,0.0,-1.2937,8475.69,1
2026-06-07 09:40:00,1780805400,9.667,6,1,GRID_EXPORT,24.99,632.9,0.23,8.75,63.13,13.05,76.18,10.07,IDLE,0.0,OFF,0.0,OFF,10.12,20.19,20.19,0.0,0.0,08:00,17:00,3.0,17:00,1,4.5,0,50.0,50.0,50.0,0.0,66.3,0.0,5.99,0.0,-1.1231,8474.56,1
2026-06-07 09:45:00,1780805700,9.75,6,1,GRID_EXPORT,25.61,626.7,0.25,8.38,62.1,10.68,72.79,10.23,IDLE,0.0,OFF,0.0,OFF,9.81,20.04,20.04,0.0,0.0,08:00,17:00,3.0,17:00,1,4.5,0,50.0,50.0,50.0,0.0,68.27,0.0,2.75,0.0,-0.5156,8474.05,1
2026-06-07 09:50:00,1780806000,9.833,6,1,GRID_EXPORT,25.8,593.3,0.3,9.42,59.42,18.19,77.61,9.72,IDLE,0.0,OFF,0.0,OFF,9.92,19.64,19.64,0.0,0.0,08:00,17:00,3.0,17:00,1,4.5,0,50.0,50.0,50.0,0.0,70.25,0.0,7.97,0.0,-1.4944,8472.55,1
2026-06-07 09:55:00,1780806300,9.917,6,1,GRID_EXPORT,25.57,622.0,0.27,8.59,62.4,12.01,74.4,10.14,IDLE,0.0,OFF,0.0,OFF,10.24,20.38,20.38,0.0,0.0,08:00,17:00,3.0,17:00,1,4.5,0,50.0,50.0,50.0,0.0,72.23,0.0,4.02,0.0,-0.7538,8471.8,1
2026-06-07 10:00:00,1780806600,10.0,6,1,GRID_EXPORT,25.82,627.4,0.28,8.41,62.08,10.87,72.96,10.21,IDLE,0.0,OFF,0.0,OFF,9.81,20.01,20.01,0.0,0.0,08:00,17:00,3.0,17:00,1,4.5,0,50.0,50.0,50.0,0.0,74.21,0.0,2.95,0.0,-0.5531,8471.25,1
2026-06-07 10:05:00,1780806900,10.083,6,1,GRID_EXPORT,25.95,673.7,0.23,8.56,66.8,11.79,78.6,10.38,IDLE,0.0,OFF,0.0,OFF,9.81,20.19,20.19,0.0,0.0,08:00,17:00,3.0,17:00,1,4.5,0,50.0,50.0,50.0,0.0,76.19,0.0,8.41,0.0,-1.5769,8469.67,1
2026-06-07 10:10:00,1780807200,10.167,6,1,GRID_EXPORT,26.24,647.7,0.27,8.62,64.44,12.18,76.62,10.08,IDLE,0.0,OFF,0.0,OFF,9.91,19.99,19.99,0.0,0.0,08:00,17:00,3.0,17:00,1,4.5,0,50.0,50.0,50.0,0.0,78.17,0.0,6.63,0.0,-1.2431,8468.43,1
2026-06-07 10:15:00,1780807500,10.25,6,1,GRID_EXPORT,26.68,677.2,0.24,9.2,67.59,16.38,83.97,9.54,IDLE,0.0,OFF,0.0,OFF,10.2,19.74,19.74,0.0,0.0,08:00,17:00,3.0,17:00,1,4.5,0,50.0,50.0,50.0,0.0,80.15,0.0,14.23,0.0,-2.6681,8465.76,1
2026-06-07 10:20:00,1780807800,10.333,6,1,GRID_EXPORT,26.64,676.3,0.25,8.53,67.39,11.58,78.97,9.85,IDLE,0.0,OFF,0.0,OFF,10.19,20.03,20.03,0.0,0.0,08:00,17:00,3.0,17:00,1,4.5,0,50.0,50.0,50.0,0.0,82.13,0.0,8.94,0.0,-1.6762,8464.08,1
2026-06-07 10:25:00,1780808100,10.417,6,1,GRID_EXPORT,27.14,713.3,0.22,9.3,70.72,17.19,87.91,10.33,IDLE,0.0,OFF,0.0,OFF,10.18,20.51,20.51,0.0,0.0,08:00,17:00,3.0,17:00,1,4.5,0,50.0,50.0,50.0,0.0,84.11,0.0,17.4,0.0,-3.2625,8460.82,1
2026-06-07 10:30:00,1780808400,10.5,6,1,GRID_EXPORT,26.73,667.6,0.28,8.59,66.27,11.99,78.26,9.53,IDLE,0.0,OFF,0.0,OFF,9.77,19.3,19.3,0.0,0.0,08:00,17:00,3.0,17:00,1,4.5,0,50.0,50.0,50.0,0.0,86.09,0.0,8.96,0.0,-1.68,8459.14,1
2026-06-07 10:35:00,1780808700,10.583,6,1,GRID_EXPORT,27.35,728.2,0.22,8.39,72.23,10.77,82.99,9.87,IDLE,0.0,OFF,0.0,OFF,9.93,19.8,19.8,0.0,0.0,08:00,17:00,3.0,17:00,1,4.5,0,50.0,50.0,50.0,0.0,88.07,0.0,13.19,0.0,-2.4731,8456.67,1
2026-06-07 10:40:00,1780809000,10.667,6,1,GRID_EXPORT,27.45,748.6,0.2,9.28,74.25,17.02,91.27,10.37,IDLE,0.0,OFF,0.0,OFF,9.7,20.07,20.07,0.0,0.0,08:00,17:00,3.0,17:00,1,4.5,0,50.0,50.0,50.0,0.0,90.05,0.0,21.2,0.0,-3.975,8452.69,1
2026-06-07 10:45:00,1780809300,10.75,6,1,GRID_EXPORT,27.48,725.8,0.23,9.19,71.47,16.26,87.72,10.41,IDLE,0.0,OFF,0.0,OFF,9.88,20.3,20.3,0.0,0.0,08:00,17:00,3.0,17:00,1,4.5,0,50.0,50.0,50.0,0.0,92.02,0.0,17.42,0.0,-3.2663,8449.43,1
2026-06-07 10:50:00,1780809600,10.833,6,1,GRID_EXPORT,27.67,745.2,0.22,8.18,74.04,9.51,83.54,9.96,IDLE,0.0,OFF,0.0,OFF,10.05,20.0,20.0,0.0,0.0,08:00,17:00,3.0,17:00,1,4.5,0,50.0,50.0,50.0,0.0,94.0,0.0,13.54,0.0,-2.5388,8446.89,1
2026-06-07 10:55:00,1780809900,10.917,6,1,GRID_EXPORT,27.8,729.7,0.24,9.46,71.91,18.52,90.42,9.87,IDLE,0.0,OFF,0.0,OFF,9.9,19.78,19.78,0.0,0.0,08:00,17:00,3.0,17:00,1,4.5,0,50.0,25.17,25.17,0.0,95.0,0.0,45.47,0.0,-8.5262,8438.36,1
2026-06-07 11:00:00,1780810200,11.0,6,1,UNAVOIDABLE_CURTAILMENT,28.14,743.7,0.23,9.67,73.82,20.33,94.15,10.26,IDLE,0.0,OFF,0.0,OFF,10.24,20.5,20.5,0.0,0.0,08:00,17:00,3.0,17:00,1,4.5,0,50.0,0.0,0.0,0.0,95.0,0.0,50.0,23.65,-9.375,8428.99,1
2026-06-07 11:05:00,1780810500,11.083,6,1,UNAVOIDABLE_CURTAILMENT,28.16,736.2,0.24,9.34,73.14,17.47,90.61,9.9,IDLE,0.0,OFF,0.0,OFF,9.72,19.62,19.62,0.0,0.0,08:00,17:00,3.0,17:00,1,4.5,0,50.0,0.0,0.0,0.0,95.0,0.0,50.0,20.99,-9.375,8419.61,1
2026-06-07 11:10:00,1780810800,11.167,6,1,UNAVOIDABLE_CURTAILMENT,28.31,691.0,0.29,9.5,68.65,18.86,87.51,10.44,IDLE,0.0,OFF,0.0,OFF,9.82,20.26,20.26,0.0,0.0,08:00,17:00,3.0,17:00,1,4.5,0,50.0,0.0,0.0,0.0,95.0,0.0,50.0,17.25,-9.375,8410.24,1
2026-06-07 11:15:00,1780811100,11.25,6,1,UNAVOIDABLE_CURTAILMENT,28.82,710.9,0.28,8.28,69.83,10.07,79.9,10.46,IDLE,0.0,OFF,0.0,OFF,10.28,20.74,20.74,0.0,0.0,08:00,17:00,3.0,17:00,1,4.5,0,50.0,0.0,0.0,0.0,95.0,0.0,50.0,9.16,-9.375,8400.86,1
2026-06-07 11:20:00,1780811400,11.333,6,1,UNAVOIDABLE_CURTAILMENT,28.44,712.4,0.28,9.33,70.22,17.41,87.63,9.67,IDLE,0.0,OFF,0.0,OFF,9.7,19.37,19.37,0.0,0.0,08:00,17:00,3.0,17:00,1,4.5,0,50.0,0.0,0.0,0.0,95.0,0.0,50.0,18.26,-9.375,8391.49,1
2026-06-07 11:25:00,1780811700,11.417,6,1,UNAVOIDABLE_CURTAILMENT,28.45,703.4,0.29,8.51,68.95,11.49,80.44,9.74,IDLE,0.0,OFF,0.0,OFF,9.82,19.56,19.56,0.0,0.0,08:00,17:00,3.0,17:00,1,4.5,0,50.0,0.0,0.0,0.0,95.0,0.0,50.0,10.88,-9.375,8382.11,1
2026-06-07 11:30:00,1780812000,11.5,6,1,UNAVOIDABLE_CURTAILMENT,28.54,768.9,0.22,9.11,76.15,15.61,91.75,9.87,IDLE,0.0,OFF,0.0,OFF,9.99,19.86,19.86,0.0,0.0,08:00,17:00,3.0,17:00,1,4.5,0,50.0,0.0,0.0,0.0,95.0,0.0,50.0,21.89,-9.375,8372.74,1
2026-06-07 11:35:00,1780812300,11.583,6,1,UNAVOIDABLE_CURTAILMENT,28.88,748.4,0.25,9.09,73.88,15.47,89.35,10.41,IDLE,0.0,OFF,0.0,OFF,10.1,20.51,20.51,0.0,0.0,08:00,17:00,3.0,17:00,1,4.5,0,50.0,0.0,0.0,0.0,95.0,0.0,50.0,18.84,-9.375,8363.36,1
2026-06-07 11:40:00,1780812600,11.667,6,1,UNAVOIDABLE_CURTAILMENT,29.41,726.6,0.27,9.19,70.98,16.24,87.22,9.63,IDLE,0.0,OFF,0.0,OFF,10.16,19.79,19.79,0.0,0.0,08:00,17:00,3.0,17:00,1,4.5,0,50.0,0.0,0.0,0.0,95.0,0.0,50.0,17.43,-9.375,8353.99,1
2026-06-07 11:45:00,1780812900,11.75,6,1,UNAVOIDABLE_CURTAILMENT,28.98,721.1,0.28,9.38,71.28,17.8,89.09,10.23,IDLE,0.0,OFF,0.0,OFF,9.95,20.19,20.19,0.0,0.0,08:00,17:00,3.0,17:00,1,4.5,0,50.0,0.0,0.0,0.0,95.0,0.0,50.0,18.9,-9.375,8344.61,1
2026-06-07 11:50:00,1780813200,11.833,6,1,UNAVOIDABLE_CURTAILMENT,29.32,792.1,0.21,8.7,78.08,12.69,90.77,10.09,IDLE,0.0,OFF,0.0,OFF,9.83,19.92,19.92,0.0,0.0,08:00,17:00,3.0,17:00,1,4.5,0,50.0,0.0,0.0,0.0,95.0,0.0,50.0,20.85,-9.375,8335.24,1
2026-06-07 11:55:00,1780813500,11.917,6,1,UNAVOIDABLE_CURTAILMENT,29.62,723.0,0.28,8.48,70.81,11.3,82.11,10.32,IDLE,0.0,OFF,0.0,OFF,10.07,20.39,20.39,0.0,0.0,08:00,17:00,3.0,17:00,1,4.5,0,50.0,0.0,0.0,0.0,95.0,0.0,50.0,11.72,-9.375,8325.86,1
2026-06-07 12:00:00,1780813800,12.0,6,1,UNAVOIDABLE_CURTAILMENT,29.86,708.5,0.29,8.9,69.12,14.07,83.19,9.69,IDLE,0.0,OFF,0.0,OFF,9.83,19.51,19.51,0.0,0.0,08:00,17:00,3.0,17:00,1,4.5,0,50.0,0.0,0.0,0.0,95.0,0.0,50.0,13.68,-9.375,8316.49,1
2026-06-07 12:05:00,1780814100,12.083,6,1,UNAVOIDABLE_CURTAILMENT,29.73,765.9,0.23,8.88,75.06,13.97,89.03,9.78,IDLE,0.0,OFF,0.0,OFF,9.93,19.72,19.72,0.0,0.0,08:00,17:00,3.0,17:00,1,4.5,0,50.0,0.0,0.0,0.0,95.0,0.0,50.0,19.31,-9.375,8307.11,1
2026-06-07 12:10:00,1780814400,12.167,6,1,UNAVOIDABLE_CURTAILMENT,30.16,795.8,0.2,9.34,77.86,17.5,95.35,9.66,IDLE,0.0,OFF,0.0,OFF,10.11,19.77,19.77,0.0,0.0,08:00,17:00,3.0,17:00,1,4.5,0,50.0,0.0,0.0,0.0,95.0,0.0,50.0,25.58,-9.375,8297.74,1
2026-06-07 12:15:00,1780814700,12.25,6,1,UNAVOIDABLE_CURTAILMENT,30.28,751.9,0.25,7.91,73.79,8.12,81.91,9.6,IDLE,0.0,OFF,0.0,OFF,10.22,19.82,19.82,0.0,0.0,08:00,17:00,3.0,17:00,1,4.5,0,50.0,0.0,0.0,0.0,95.0,0.0,50.0,12.09,-9.375,8288.36,1
2026-06-07 12:20:00,1780815000,12.333,6,1,UNAVOIDABLE_CURTAILMENT,30.37,795.7,0.2,8.26,77.94,9.97,87.91,9.88,IDLE,0.0,OFF,0.0,OFF,9.97,19.86,19.86,0.0,0.0,08:00,17:00,3.0,17:00,1,4.5,0,50.0,0.0,0.0,0.0,95.0,0.0,50.0,18.05,-9.375,8278.99,1
2026-06-07 12:25:00,1780815300,12.417,6,1,UNAVOIDABLE_CURTAILMENT,30.23,699.8,0.3,8.36,68.79,10.55,79.35,9.8,IDLE,0.0,OFF,0.0,OFF,9.86,19.66,19.66,0.0,0.0,08:00,17:00,3.0,17:00,1,4.5,0,50.0,0.0,0.0,0.0,95.0,0.0,50.0,9.69,-9.375,8269.61,1
2026-06-07 12:30:00,1780815600,12.5,6,1,UNAVOIDABLE_CURTAILMENT,30.45,733.3,0.26,8.97,71.68,14.57,86.25,9.87,IDLE,0.0,OFF,0.0,OFF,9.98,19.86,19.86,0.0,0.0,08:00,17:00,3.0,17:00,1,4.5,0,50.0,0.0,0.0,0.0,95.0,0.0,50.0,16.39,-9.375,8260.24,1
2026-06-07 12:35:00,1780815900,12.583,6,1,UNAVOIDABLE_CURTAILMENT,30.32,737.8,0.25,8.23,72.5,9.83,82.33,10.48,IDLE,0.0,OFF,0.0,OFF,10.02,20.5,20.5,0.0,0.0,08:00,17:00,3.0,17:00,1,4.5,0,50.0,0.0,0.0,0.0,95.0,0.0,50.0,11.83,-9.375,8250.86,1
2026-06-07 12:40:00,1780816200,12.667,6,1,UNAVOIDABLE_CURTAILMENT,30.46,721.4,0.27,7.86,70.4,7.85,78.25,10.43,IDLE,0.0,OFF,0.0,OFF,10.05,20.49,20.49,0.0,0.0,08:00,17:00,3.0,17:00,1,4.5,0,50.0,0.0,0.0,0.0,95.0,0.0,50.0,7.76,-9.375,8241.49,1
2026-06-07 12:45:00,1780816500,12.75,6,1,UNAVOIDABLE_CURTAILMENT,30.41,704.9,0.28,8.74,68.92,13.0,81.92,9.55,IDLE,0.0,OFF,0.0,OFF,9.87,19.42,19.42,0.0,0.0,08:00,17:00,3.0,17:00,1,4.5,0,50.0,0.0,0.0,0.0,95.0,0.0,50.0,12.5,-9.375,8232.11,1
2026-06-07 12:50:00,1780816800,12.833,6,1,UNAVOIDABLE_CURTAILMENT,30.44,733.2,0.25,8.13,72.12,9.26,81.38,10.19,IDLE,0.0,OFF,0.0,OFF,9.85,20.04,20.04,0.0,0.0,08:00,17:00,3.0,17:00,1,4.5,0,50.0,0.0,0.0,0.0,95.0,0.0,50.0,11.34,-9.375,8222.74,1
2026-06-07 12:55:00,1780817100,12.917,6,1,UNAVOIDABLE_CURTAILMENT,30.71,748.3,0.23,8.82,73.16,13.5,86.66,9.68,IDLE,0.0,OFF,0.0,OFF,9.91,19.59,19.59,0.0,0.0,08:00,17:00,3.0,17:00,1,4.5,0,50.0,0.0,0.0,0.0,95.0,0.0,50.0,17.07,-9.375,8213.36,1
2026-06-07 13:00:00,1780817400,13.0,6,1,UNAVOIDABLE_CURTAILMENT,30.54,741.4,0.23,8.49,72.59,11.32,83.91,9.86,IDLE,0.0,OFF,0.0,OFF,9.72,19.58,19.58,0.0,0.0,08:00,17:00,3.0,17:00,1,4.5,0,50.0,0.0,0.0,0.0,95.0,0.0,50.0,14.33,-9.375,8203.99,1
2026-06-07 13:05:00,1780817700,13.083,6,1,UNAVOIDABLE_CURTAILMENT,31.2,744.2,0.22,7.56,72.16,6.52,78.68,10.23,IDLE,0.0,OFF,0.0,OFF,10.08,20.31,20.31,0.0,0.0,08:00,17:00,3.0,17:00,1,4.5,0,50.0,0.0,0.0,0.0,95.0,0.0,50.0,8.37,-9.375,8194.61,1
2026-06-07 13:10:00,1780818000,13.167,6,1,UNAVOIDABLE_CURTAILMENT,31.04,736.8,0.23,8.94,72.09,14.4,86.49,9.74,IDLE,0.0,OFF,0.0,OFF,10.2,19.94,19.94,0.0,0.0,08:00,17:00,3.0,17:00,1,4.5,0,50.0,0.0,0.0,0.0,95.0,0.0,50.0,16.55,-9.375,8185.24,1
2026-06-07 13:15:00,1780818300,13.25,6,1,UNAVOIDABLE_CURTAILMENT,31.44,688.2,0.27,8.19,67.0,9.57,76.57,9.58,IDLE,0.0,OFF,0.0,OFF,9.92,19.5,19.5,0.0,0.0,08:00,17:00,3.0,17:00,1,4.5,0,50.0,0.0,0.0,0.0,95.0,0.0,50.0,7.07,-9.375,8175.86,1
2026-06-07 13:20:00,1780818600,13.333,6,1,UNAVOIDABLE_CURTAILMENT,30.97,660.0,0.3,8.33,64.8,10.37,75.17,9.88,IDLE,0.0,OFF,0.0,OFF,10.29,20.17,20.17,0.0,0.0,08:00,17:00,3.0,17:00,1,4.5,0,50.0,0.0,0.0,0.0,95.0,0.0,50.0,5.0,-9.375,8166.49,1
2026-06-07 13:25:00,1780818900,13.417,6,1,UNAVOIDABLE_CURTAILMENT,30.99,659.2,0.29,8.46,64.26,11.19,75.45,9.52,IDLE,0.0,OFF,0.0,OFF,10.27,19.79,19.79,0.0,0.0,08:00,17:00,3.0,17:00,1,4.5,0,50.0,0.0,0.0,0.0,95.0,0.0,50.0,5.66,-9.375,8157.11,1
2026-06-07 13:30:00,1780819200,13.5,6,1,UNAVOIDABLE_CURTAILMENT,31.2,678.8,0.27,8.63,66.53,12.27,78.8,9.93,IDLE,0.0,OFF,0.0,OFF,9.77,19.7,19.7,0.0,0.0,08:00,17:00,3.0,17:00,1,4.5,0,50.0,0.0,0.0,0.0,95.0,0.0,50.0,9.1,-9.375,8147.74,1
2026-06-07 13:35:00,1780819500,13.583,6,1,UNAVOIDABLE_CURTAILMENT,31.21,708.4,0.23,7.66,69.09,6.96,76.05,10.35,IDLE,0.0,OFF,0.0,OFF,9.85,20.2,20.2,0.0,0.0,08:00,17:00,3.0,17:00,1,4.5,0,50.0,0.0,0.0,0.0,95.0,0.0,50.0,5.85,-9.375,8138.36,1
2026-06-07 13:40:00,1780819800,13.667,6,1,UNAVOIDABLE_CURTAILMENT,31.76,691.1,0.24,7.89,67.51,8.02,75.53,9.94,IDLE,0.0,OFF,0.0,OFF,10.15,20.09,20.09,0.0,0.0,08:00,17:00,3.0,17:00,1,4.5,0,50.0,0.0,0.0,0.0,95.0,0.0,50.0,5.44,-9.375,8128.99,1
2026-06-07 13:45:00,1780820100,13.75,6,1,UNAVOIDABLE_CURTAILMENT,31.8,692.7,0.23,8.16,67.49,9.44,76.93,10.41,IDLE,0.0,OFF,0.0,OFF,10.11,20.52,20.52,0.0,0.0,08:00,17:00,3.0,17:00,1,4.5,0,50.0,0.0,0.0,0.0,95.0,0.0,50.0,6.41,-9.375,8119.61,1
2026-06-07 13:50:00,1780820400,13.833,6,1,UNAVOIDABLE_CURTAILMENT,31.45,673.5,0.24,7.07,65.53,4.63,70.16,9.63,IDLE,0.0,OFF,0.0,OFF,9.86,19.49,19.49,0.0,0.0,08:00,17:00,3.0,17:00,1,4.5,0,50.0,0.0,0.0,0.0,95.0,0.0,50.0,0.67,-9.375,8110.24,1
2026-06-07 13:55:00,1780820700,13.917,6,1,GRID_EXPORT,31.76,615.8,0.3,7.51,59.64,6.27,65.91,9.52,IDLE,0.0,OFF,0.0,OFF,9.89,19.41,19.41,0.0,0.0,08:00,17:00,3.0,17:00,1,4.5,0,50.0,0.0,0.0,0.0,95.0,0.0,46.5,0.0,-8.7188,8101.52,1
2026-06-07 14:00:00,1780821000,14.0,6,1,GRID_OUTAGE_ISLANDING,31.38,667.9,0.23,8.09,65.41,9.04,74.45,10.09,IDLE,0.0,OFF,0.0,OFF,10.08,20.17,20.17,0.0,0.0,08:00,17:00,3.0,17:00,0,4.5,0,50.0,0.0,0.0,0.0,95.0,0.0,0.0,54.28,0.0,8101.52,1
2026-06-07 14:05:00,1780821300,14.083,6,1,GRID_OUTAGE_ISLANDING,31.63,650.7,0.24,8.39,62.85,10.74,73.59,9.84,IDLE,0.0,OFF,0.0,OFF,9.91,19.75,19.75,0.0,0.0,08:00,17:00,3.0,17:00,0,4.5,0,50.0,0.0,0.0,0.0,95.0,0.0,0.0,53.84,0.0,8101.52,1
2026-06-07 14:10:00,1780821600,14.167,6,1,GRID_OUTAGE_ISLANDING,31.77,635.8,0.25,8.04,61.57,8.79,70.36,10.2,IDLE,0.0,OFF,0.0,OFF,10.1,20.3,20.3,0.0,0.0,08:00,17:00,3.0,17:00,0,4.5,0,50.0,0.0,0.0,0.0,95.0,0.0,0.0,50.06,0.0,8101.52,1
2026-06-07 14:15:00,1780821900,14.25,6,1,GRID_OUTAGE_ISLANDING,31.65,662.5,0.2,8.17,64.95,9.47,74.43,10.13,IDLE,0.0,OFF,0.0,OFF,10.04,20.17,20.17,0.0,0.0,08:00,17:00,3.0,17:00,0,4.5,0,50.0,0.0,0.0,0.0,95.0,0.0,0.0,54.26,0.0,8101.52,1
2026-06-07 14:20:00,1780822200,14.333,6,1,GRID_OUTAGE_ISLANDING,31.75,638.3,0.22,8.33,61.98,10.4,72.38,9.79,IDLE,0.0,OFF,0.0,OFF,9.89,19.68,19.68,0.0,0.0,08:00,17:00,3.0,17:00,0,4.5,0,50.0,0.0,0.0,0.0,95.0,0.0,0.0,52.7,0.0,8101.52,1
2026-06-07 14:25:00,1780822500,14.417,6,1,GRID_OUTAGE_ISLANDING,32.05,642.8,0.2,7.71,62.13,7.15,69.28,9.85,IDLE,0.0,OFF,0.0,OFF,9.96,19.81,19.81,0.0,0.0,08:00,17:00,3.0,17:00,0,4.5,0,50.0,0.0,0.0,0.0,95.0,0.0,0.0,49.47,0.0,8101.52,1
2026-06-07 14:30:00,1780822800,14.5,6,1,GRID_OUTAGE_ISLANDING,32.33,632.8,0.2,8.21,61.48,9.72,71.21,9.99,IDLE,0.0,OFF,0.0,OFF,9.84,19.83,19.83,0.0,0.0,08:00,17:00,3.0,17:00,0,4.5,0,50.0,0.0,0.0,0.0,95.0,0.0,0.0,51.38,0.0,8101.52,1
2026-06-07 14:35:00,1780823100,14.583,6,1,GRID_OUTAGE_ISLANDING,32.29,613.6,0.21,7.58,59.92,6.58,66.5,9.6,IDLE,0.0,OFF,0.0,OFF,9.83,19.43,19.43,0.0,0.0,08:00,17:00,3.0,17:00,0,4.5,0,50.0,0.0,0.0,0.0,95.0,0.0,0.0,47.07,0.0,8101.52,1
2026-06-07 14:40:00,1780823400,14.667,6,1,GRID_OUTAGE_ISLANDING,32.36,569.1,0.26,6.84,54.89,3.89,58.78,10.28,IDLE,0.0,OFF,0.0,OFF,10.14,20.42,20.42,0.0,0.0,08:00,17:00,3.0,17:00,0,4.5,0,50.0,0.0,0.0,0.0,95.0,0.0,0.0,38.36,0.0,8101.52,1
2026-06-07 14:45:00,1780823700,14.75,6,1,GRID_OUTAGE_ISLANDING,31.9,570.8,0.24,7.71,55.42,7.15,62.56,10.1,IDLE,0.0,OFF,0.0,OFF,9.89,19.99,19.99,0.0,0.0,08:00,17:00,3.0,17:00,0,4.5,0,50.0,0.0,0.0,0.0,95.0,0.0,0.0,42.57,0.0,8101.52,1
2026-06-07 14:50:00,1780824000,14.833,6,1,GRID_OUTAGE_ISLANDING,31.88,582.0,0.21,7.87,57.06,7.91,64.97,10.26,IDLE,0.0,OFF,0.0,OFF,9.89,20.15,20.15,0.0,0.0,08:00,17:00,3.0,17:00,0,4.5,0,50.0,0.0,0.0,0.0,95.0,0.0,0.0,44.82,0.0,8101.52,1
2026-06-07 14:55:00,1780824300,14.917,6,1,GRID_OUTAGE_ISLANDING,32.03,549.6,0.24,7.77,53.41,7.46,60.87,9.96,IDLE,0.0,OFF,0.0,OFF,10.2,20.16,20.16,0.0,0.0,08:00,17:00,3.0,17:00,0,4.5,0,50.0,0.0,0.0,0.0,95.0,0.0,0.0,40.71,0.0,8101.52,1
2026-06-07 15:00:00,1780824600,15.0,6,1,GRID_OUTAGE_ISLANDING,31.96,500.4,0.29,6.63,48.43,3.28,51.72,10.03,IDLE,0.0,OFF,0.0,OFF,9.9,19.93,19.93,0.0,0.0,08:00,17:00,3.0,17:00,0,4.5,0,50.0,0.0,0.0,0.0,95.0,0.0,0.0,31.79,0.0,8101.52,1
2026-06-07 15:05:00,1780824900,15.083,6,1,GRID_OUTAGE_ISLANDING,31.97,541.3,0.22,7.75,52.5,7.33,59.84,10.15,IDLE,0.0,OFF,0.0,OFF,10.28,20.44,20.44,0.0,0.0,08:00,17:00,3.0,17:00,0,4.5,0,50.0,0.0,0.0,0.0,95.0,0.0,0.0,39.4,0.0,8101.52,1
2026-06-07 15:10:00,1780825200,15.167,6,1,GRID_OUTAGE_ISLANDING,31.92,497.5,0.26,7.23,48.01,5.2,53.21,10.12,IDLE,0.0,OFF,0.0,OFF,10.3,20.42,20.42,0.0,0.0,08:00,17:00,3.0,17:00,0,4.5,0,50.0,0.0,0.0,0.0,95.0,0.0,0.0,32.79,0.0,8101.52,1
2026-06-07 15:15:00,1780825500,15.25,6,1,GRID_OUTAGE_ISLANDING,32.06,479.2,0.27,7.7,46.39,7.12,53.51,9.75,IDLE,0.0,OFF,0.0,OFF,10.04,19.79,19.79,0.0,0.0,08:00,17:00,3.0,17:00,0,4.5,0,50.0,0.0,0.0,0.0,95.0,0.0,0.0,33.72,0.0,8101.52,1
2026-06-07 15:20:00,1780825800,15.333,6,1,GRID_OUTAGE_ISLANDING,31.95,508.4,0.21,6.73,49.67,3.55,53.22,10.38,IDLE,0.0,OFF,0.0,OFF,10.09,20.48,20.48,0.0,0.0,08:00,17:00,3.0,17:00,0,4.5,0,50.0,0.0,0.0,0.0,95.0,0.0,0.0,32.74,0.0,8101.52,1
2026-06-07 15:25:00,1780826100,15.417,6,1,GRID_OUTAGE_ISLANDING,31.99,446.7,0.29,7.44,43.08,6.01,49.09,9.87,IDLE,0.0,OFF,0.0,OFF,10.22,20.09,20.09,0.0,0.0,08:00,17:00,3.0,17:00,0,4.5,0,50.0,0.0,0.0,0.0,95.0,0.0,0.0,29.0,0.0,8101.52,1
2026-06-07 15:30:00,1780826400,15.5,6,1,GRID_OUTAGE_ISLANDING,31.67,430.0,0.29,7.5,41.67,6.25,47.92,9.79,IDLE,0.0,OFF,0.0,OFF,10.24,20.03,20.03,0.0,0.0,08:00,17:00,3.0,17:00,0,4.5,0,50.0,0.0,0.0,0.0,95.0,0.0,0.0,27.89,0.0,8101.52,1
2026-06-07 15:35:00,1780826700,15.583,6,1,GRID_OUTAGE_ISLANDING,31.67,445.8,0.25,6.36,43.49,2.61,46.1,10.49,IDLE,0.0,OFF,0.0,OFF,10.18,20.67,20.67,0.0,0.0,08:00,17:00,3.0,17:00,0,4.5,0,50.0,0.0,0.0,0.0,95.0,0.0,0.0,25.43,0.0,8101.52,1
2026-06-07 15:40:00,1780827000,15.667,6,1,GRID_OUTAGE_ISLANDING,32.26,430.2,0.25,6.1,41.87,2.03,43.91,9.83,IDLE,0.0,OFF,0.0,OFF,10.25,20.08,20.08,0.0,0.0,08:00,17:00,3.0,17:00,0,4.5,0,50.0,0.0,0.0,0.0,95.0,0.0,0.0,23.83,0.0,8101.52,1
2026-06-07 15:45:00,1780827300,15.75,6,1,GRID_OUTAGE_ISLANDING,31.57,418.8,0.25,7.4,40.28,5.86,46.14,9.53,IDLE,0.0,OFF,0.0,OFF,10.11,19.64,19.64,0.0,0.0,08:00,17:00,3.0,17:00,0,4.5,0,50.0,0.0,0.0,0.0,95.0,0.0,0.0,26.5,0.0,8101.52,1
2026-06-07 15:50:00,1780827600,15.833,6,1,GRID_OUTAGE_ISLANDING,32.1,376.3,0.3,7.19,36.14,5.04,41.18,9.92,IDLE,0.0,OFF,0.0,OFF,9.86,19.77,19.77,0.0,0.0,08:00,17:00,3.0,17:00,0,4.5,0,50.0,0.0,0.0,0.0,95.0,0.0,0.0,21.41,0.0,8101.52,1
2026-06-07 15:55:00,1780827900,15.917,6,1,GRID_OUTAGE_ISLANDING,31.94,408.7,0.21,7.0,39.89,4.38,44.27,10.03,IDLE,0.0,OFF,0.0,OFF,9.71,19.75,19.75,0.0,0.0,08:00,17:00,3.0,17:00,0,4.5,0,50.0,0.0,0.0,0.0,95.0,0.0,0.0,24.52,0.0,8101.52,1
2026-06-07 16:00:00,1780828200,16.0,6,1,GRID_OUTAGE_ISLANDING,31.71,363.7,0.27,6.17,35.29,2.18,37.47,10.32,IDLE,0.0,OFF,0.0,OFF,10.16,20.48,20.48,0.0,0.0,08:00,17:00,3.0,17:00,0,4.5,0,50.0,0.0,0.0,0.0,95.0,0.0,0.0,16.99,0.0,8101.52,1
2026-06-07 16:05:00,1780828500,16.083,6,1,GRID_EXPORT,31.57,350.3,0.27,6.46,34.26,2.85,37.11,9.93,IDLE,0.0,OFF,0.0,OFF,9.77,19.7,19.7,0.0,0.0,08:00,17:00,3.0,17:00,1,4.5,0,50.0,0.0,0.0,0.0,95.0,0.0,17.41,0.0,-3.2644,8098.25,1
2026-06-07 16:10:00,1780828800,16.167,6,1,GRID_EXPORT,31.35,357.3,0.23,6.91,35.07,4.1,39.18,9.61,IDLE,0.0,OFF,0.0,OFF,9.8,19.41,19.41,0.0,0.0,08:00,17:00,3.0,17:00,1,4.5,0,50.0,0.0,0.0,0.0,95.0,0.0,19.77,0.0,-3.7069,8094.55,1
2026-06-07 16:15:00,1780829100,16.25,6,1,GRID_EXPORT,31.51,338.8,0.23,7.0,33.29,4.38,37.67,9.71,IDLE,0.0,OFF,0.0,OFF,9.76,19.47,19.47,0.0,0.0,08:00,17:00,3.0,17:00,1,4.5,0,50.0,0.0,0.0,0.0,95.0,0.0,18.2,0.0,-3.4125,8091.13,1
2026-06-07 16:20:00,1780829400,16.333,6,1,GRID_EXPORT,31.63,335.0,0.21,6.92,32.6,4.13,36.73,9.74,IDLE,0.0,OFF,0.0,OFF,9.86,19.6,19.6,0.0,0.0,08:00,17:00,3.0,17:00,1,4.5,0,50.0,0.0,0.0,0.0,95.0,0.0,17.13,0.0,-3.2119,8087.92,1
2026-06-07 16:25:00,1780829700,16.417,6,1,GRID_EXPORT,31.29,304.3,0.24,6.69,29.86,3.44,33.3,10.07,IDLE,0.0,OFF,0.0,OFF,10.06,20.12,20.12,0.0,0.0,08:00,17:00,3.0,17:00,1,4.5,0,50.0,0.0,0.0,0.0,95.0,0.0,13.18,0.0,-2.4712,8085.45,1
2026-06-07 16:30:00,1780830000,16.5,6,1,GRID_EXPORT,31.6,300.5,0.21,5.84,28.98,1.56,30.54,9.87,IDLE,0.0,OFF,0.0,OFF,9.92,19.79,19.79,0.0,0.0,08:00,17:00,3.0,17:00,1,4.5,0,50.0,0.0,0.0,0.0,95.0,0.0,10.75,0.0,-2.0156,8083.44,1
2026-06-07 16:35:00,1780830300,16.583,6,1,GRID_EXPORT,31.16,255.7,0.29,5.57,25.08,1.17,26.24,9.98,IDLE,0.0,OFF,0.0,OFF,9.96,19.94,19.94,0.0,0.0,08:00,17:00,3.0,17:00,1,4.5,0,50.0,0.0,0.0,0.0,95.0,0.0,6.3,0.0,-1.1812,8082.25,1
2026-06-07 16:40:00,1780830600,16.667,6,1,GRID_EXPORT,31.09,248.2,0.27,6.38,23.86,2.64,26.5,9.79,IDLE,0.0,OFF,0.0,OFF,9.93,19.72,19.72,0.0,0.0,08:00,17:00,3.0,17:00,1,4.5,0,50.0,0.0,0.0,0.0,95.0,0.0,6.78,0.0,-1.2713,8080.98,1
2026-06-07 16:45:00,1780830900,16.75,6,1,GRID_EXPORT,31.28,256.3,0.2,5.55,24.78,1.14,25.92,10.08,IDLE,0.0,OFF,0.0,OFF,9.86,19.94,19.94,0.0,0.0,08:00,17:00,3.0,17:00,1,4.5,0,50.0,0.0,0.0,0.0,95.0,0.0,5.98,0.0,-1.1213,8079.86,1
2026-06-07 16:50:00,1780831200,16.833,6,1,GRID_EXPORT,31.27,218.1,0.27,6.75,21.17,3.62,24.8,10.12,IDLE,0.0,OFF,0.0,OFF,9.8,19.92,19.92,0.0,0.0,08:00,17:00,3.0,17:00,1,4.5,0,50.0,0.0,0.0,0.0,95.0,0.0,4.88,0.0,-0.915,8078.95,1
2026-06-07 16:55:00,1780831500,16.917,6,1,GRID_EXPORT,30.89,219.5,0.22,6.47,21.25,2.87,24.11,9.87,IDLE,0.0,OFF,0.0,OFF,10.22,20.09,20.09,0.0,0.0,08:00,17:00,3.0,17:00,1,4.5,0,50.0,0.0,0.0,0.0,95.0,0.0,4.02,0.0,-0.7537,8078.19,1
2026-06-07 17:00:00,1780831800,17.0,6,1,GRID_EXPORT,30.92,202.7,0.22,5.89,19.46,1.66,21.12,10.4,IDLE,0.0,OFF,0.0,OFF,9.71,20.11,20.11,0.0,0.0,08:00,17:00,3.0,17:00,1,4.5,0,50.0,0.0,0.0,0.0,95.0,0.0,1.01,0.0,-0.1894,8078.0,1
2026-06-07 17:05:00,1780832100,17.083,6,1,NORMAL_OPERATION,31.2,182.0,0.23,5.5,17.47,1.07,18.54,9.78,IDLE,0.0,OFF,0.0,OFF,10.17,19.95,19.95,0.0,0.0,08:00,17:00,3.0,17:00,1,4.5,0,50.0,-1.41,0.0,1.41,94.94,0.0,0.0,0.0,0.0,8078.0,1
2026-06-07 17:10:00,1780832400,17.167,6,1,NORMAL_OPERATION,30.98,159.1,0.26,5.52,15.49,1.1,16.58,10.41,IDLE,0.0,OFF,0.0,OFF,10.24,20.66,20.66,0.0,0.0,08:00,17:00,3.0,17:00,1,4.5,0,50.0,-4.08,0.0,4.08,94.76,0.0,0.0,0.0,0.0,8078.0,1
2026-06-07 17:15:00,1780832700,17.25,6,1,NORMAL_OPERATION,30.92,139.6,0.28,6.15,13.65,2.14,15.79,9.73,IDLE,0.0,OFF,0.0,OFF,9.82,19.55,19.55,0.0,0.0,08:00,17:00,3.0,17:00,1,4.5,0,50.0,-3.76,0.0,3.76,94.59,0.0,0.0,0.0,0.0,8078.0,1
2026-06-07 17:20:00,1780833000,17.333,6,1,NORMAL_OPERATION,30.68,132.0,0.24,5.0,12.73,0.55,13.28,9.57,IDLE,0.0,OFF,0.0,OFF,10.03,19.6,19.6,0.0,0.0,08:00,17:00,3.0,17:00,1,4.5,0,50.0,-6.32,0.0,6.32,94.32,0.0,0.0,0.0,0.0,8078.0,1
2026-06-07 17:25:00,1780833300,17.417,6,1,NORMAL_OPERATION,30.48,110.4,0.27,6.19,11.27,2.23,13.5,9.56,IDLE,0.0,OFF,0.0,OFF,10.04,19.6,19.6,0.0,0.0,08:00,17:00,3.0,17:00,1,4.5,0,50.0,-6.1,0.0,6.1,94.05,0.0,0.0,0.0,0.0,8078.0,1
2026-06-07 17:30:00,1780833600,17.5,6,1,NORMAL_OPERATION,30.15,101.1,0.23,5.93,10.09,1.72,11.81,10.15,IDLE,0.0,OFF,0.0,OFF,9.85,20.0,20.0,0.0,0.0,08:00,17:00,3.0,17:00,1,4.5,0,50.0,-8.19,0.0,8.19,93.69,0.0,0.0,0.0,0.0,8078.0,1
2026-06-07 17:35:00,1780833900,17.583,6,1,NORMAL_OPERATION,30.39,82.1,0.25,4.76,8.14,0.37,8.52,10.05,IDLE,0.0,OFF,0.0,OFF,9.75,19.81,19.81,0.0,0.0,08:00,17:00,3.0,17:00,1,4.5,0,50.0,-11.29,0.0,11.29,93.2,0.0,0.0,0.0,0.0,8078.0,1
2026-06-07 17:40:00,1780834200,17.667,6,1,NORMAL_OPERATION,29.88,62.5,0.28,4.75,6.53,0.36,6.89,10.02,IDLE,0.0,OFF,0.0,OFF,9.74,19.76,19.76,0.0,0.0,08:00,17:00,3.0,17:00,1,4.5,0,50.0,-12.87,0.0,12.87,92.63,0.0,0.0,0.0,0.0,8078.0,1
2026-06-07 17:45:00,1780834500,17.75,6,1,NORMAL_OPERATION,29.8,48.5,0.26,5.52,4.72,1.1,5.82,10.04,IDLE,0.0,OFF,0.0,OFF,10.17,20.21,20.21,0.0,0.0,08:00,17:00,3.0,17:00,1,4.5,0,50.0,-14.39,0.0,14.39,92.0,0.0,0.0,0.0,0.0,8078.0,1
2026-06-07 17:50:00,1780834800,17.833,6,1,NORMAL_OPERATION,29.75,32.1,0.26,4.86,2.77,0.44,3.21,9.58,IDLE,0.0,OFF,0.0,OFF,9.82,19.4,19.4,0.0,0.0,08:00,17:00,3.0,17:00,1,4.5,0,50.0,-16.19,0.0,16.19,91.29,0.0,0.0,0.0,0.0,8078.0,1
2026-06-07 17:55:00,1780835100,17.917,6,1,NORMAL_OPERATION,29.81,17.0,0.22,5.28,1.73,0.81,2.54,10.08,IDLE,0.0,OFF,0.0,OFF,10.22,20.3,20.3,0.0,0.0,08:00,17:00,3.0,17:00,1,4.5,0,50.0,-17.76,0.0,17.76,90.51,0.0,0.0,0.0,0.0,8078.0,1
2026-06-07 18:00:00,1780835400,18.0,6,1,NORMAL_OPERATION,29.35,0.0,0.29,5.69,0.0,1.34,1.34,10.31,IDLE,0.0,OFF,0.0,OFF,10.07,20.37,20.37,0.0,0.0,08:00,17:00,3.0,17:00,1,4.5,0,50.0,-19.03,0.0,19.03,89.68,0.0,0.0,0.0,0.0,8078.0,1
2026-06-07 18:05:00,1780835700,18.083,6,1,NORMAL_OPERATION,29.5,0.0,0.2,5.61,0.0,1.22,1.22,10.1,IDLE,0.0,OFF,0.0,OFF,10.0,20.1,20.1,0.0,0.0,08:00,17:00,3.0,17:00,1,4.5,0,50.0,-18.88,0.0,18.88,88.85,0.0,0.0,0.0,0.0,8078.0,1
2026-06-07 18:10:00,1780836000,18.167,6,1,NORMAL_OPERATION,29.15,0.0,0.25,5.18,0.0,0.71,0.71,10.45,IDLE,0.0,OFF,0.0,OFF,9.88,20.33,20.33,0.0,0.0,08:00,17:00,3.0,17:00,1,4.5,0,50.0,-19.62,0.0,19.62,87.99,0.0,0.0,0.0,0.0,8078.0,1
2026-06-07 18:15:00,1780836300,18.25,6,1,NORMAL_OPERATION,29.57,0.0,0.22,4.75,0.0,0.37,0.37,10.06,IDLE,0.0,OFF,0.0,OFF,9.89,19.95,19.95,0.0,0.0,08:00,17:00,3.0,17:00,1,4.5,0,50.0,-19.58,0.0,19.58,87.13,0.0,0.0,0.0,0.0,8078.0,1
2026-06-07 18:20:00,1780836600,18.333,6,1,NORMAL_OPERATION,29.09,0.0,0.3,5.78,0.0,1.47,1.47,9.99,IDLE,0.0,OFF,0.0,OFF,9.89,19.88,19.88,0.0,0.0,08:00,17:00,3.0,17:00,1,4.5,0,50.0,-18.41,0.0,18.41,86.32,0.0,0.0,0.0,0.0,8078.0,1
2026-06-07 18:25:00,1780836900,18.417,6,1,NORMAL_OPERATION,29.39,0.0,0.25,4.48,0.0,0.22,0.22,9.57,IDLE,0.0,OFF,0.0,OFF,9.96,19.52,19.52,0.0,0.0,08:00,17:00,3.0,17:00,1,4.5,0,50.0,-19.3,0.0,19.3,85.47,0.0,0.0,0.0,0.0,8078.0,1
2026-06-07 18:30:00,1780837200,18.5,6,1,NORMAL_OPERATION,28.71,0.0,0.29,4.89,0.0,0.46,0.46,10.14,IDLE,0.0,OFF,0.0,OFF,10.02,20.16,20.16,0.0,0.0,08:00,17:00,3.0,17:00,1,4.5,0,50.0,-19.7,0.0,19.7,84.61,0.0,0.0,0.0,0.0,8078.0,1
2026-06-07 18:35:00,1780837500,18.583,6,1,NORMAL_OPERATION,28.48,0.0,0.28,5.36,0.0,0.9,0.9,9.71,IDLE,0.0,OFF,0.0,OFF,10.0,19.71,19.71,0.0,0.0,08:00,17:00,3.0,17:00,1,4.5,0,50.0,-18.81,0.0,18.81,83.79,0.0,0.0,0.0,0.0,8078.0,1
2026-06-07 18:40:00,1780837800,18.667,6,1,NORMAL_OPERATION,28.44,0.0,0.25,4.26,0.0,0.14,0.14,9.8,IDLE,0.0,OFF,0.0,OFF,10.07,19.87,19.87,0.0,0.0,08:00,17:00,3.0,17:00,1,4.5,0,50.0,-19.73,0.0,19.73,82.92,0.0,0.0,0.0,0.0,8078.0,1
2026-06-07 18:45:00,1780838100,18.75,6,1,NORMAL_OPERATION,28.5,0.0,0.22,4.3,0.0,0.15,0.15,10.27,IDLE,0.0,OFF,0.0,OFF,10.17,20.44,20.44,0.0,0.0,08:00,17:00,3.0,17:00,1,4.5,0,50.0,-20.29,0.0,20.29,82.03,0.0,0.0,0.0,0.0,8078.0,1
2026-06-07 18:50:00,1780838400,18.833,6,1,NORMAL_OPERATION,28.58,0.0,0.26,4.26,0.0,0.14,0.14,10.46,IDLE,0.0,OFF,0.0,OFF,10.29,20.75,20.75,0.0,0.0,08:00,17:00,3.0,17:00,1,4.5,0,50.0,-20.61,0.0,20.61,81.13,0.0,0.0,0.0,0.0,8078.0,1
2026-06-07 18:55:00,1780838700,18.917,6,1,NORMAL_OPERATION,28.27,0.0,0.28,5.22,0.0,0.75,0.75,9.77,IDLE,0.0,OFF,0.0,OFF,10.26,20.03,20.03,0.0,0.0,08:00,17:00,3.0,17:00,1,4.5,0,50.0,-19.28,0.0,19.28,80.28,0.0,0.0,0.0,0.0,8078.0,1
2026-06-07 19:00:00,1780839000,19.0,6,1,NORMAL_OPERATION,27.98,0.0,0.29,4.42,0.0,0.2,0.2,9.64,IDLE,0.0,OFF,0.0,OFF,9.9,19.55,19.55,0.0,0.0,08:00,17:00,3.0,17:00,1,4.5,0,50.0,-19.35,0.0,19.35,79.43,0.0,0.0,0.0,0.0,8078.0,1
2026-06-07 19:05:00,1780839300,19.083,6,1,NORMAL_OPERATION,27.73,0.0,0.27,4.61,0.0,0.29,0.29,9.93,IDLE,0.0,OFF,0.0,OFF,9.94,19.86,19.86,0.0,0.0,08:00,17:00,3.0,17:00,1,4.5,0,50.0,-19.57,0.0,19.57,78.57,0.0,0.0,0.0,0.0,8078.0,1
2026-06-07 19:10:00,1780839600,19.167,6,1,NORMAL_OPERATION,27.63,0.0,0.28,4.5,0.0,0.23,0.23,10.47,IDLE,0.0,OFF,0.0,OFF,9.91,20.38,20.38,0.0,0.0,08:00,17:00,3.0,17:00,1,4.5,0,50.0,-20.15,0.0,20.15,77.69,0.0,0.0,0.0,0.0,8078.0,1
2026-06-07 19:15:00,1780839900,19.25,6,1,NORMAL_OPERATION,27.78,0.0,0.3,5.05,0.0,0.59,0.59,9.52,IDLE,0.0,OFF,0.0,OFF,10.12,19.64,19.64,0.0,0.0,08:00,17:00,3.0,17:00,1,4.5,0,50.0,-19.05,0.0,19.05,76.85,0.0,0.0,0.0,0.0,8078.0,1
2026-06-07 19:20:00,1780840200,19.333,6,1,NORMAL_OPERATION,27.15,0.0,0.27,4.26,0.0,0.14,0.14,9.87,IDLE,0.0,OFF,0.0,OFF,9.89,19.77,19.77,0.0,0.0,08:00,17:00,3.0,17:00,1,4.5,0,50.0,-19.63,0.0,19.63,75.99,0.0,0.0,0.0,0.0,8078.0,1
2026-06-07 19:25:00,1780840500,19.417,6,1,NORMAL_OPERATION,27.45,0.0,0.23,4.65,0.0,0.31,0.31,9.7,IDLE,0.0,OFF,0.0,OFF,9.83,19.53,19.53,0.0,0.0,08:00,17:00,3.0,17:00,1,4.5,0,50.0,-19.22,0.0,19.22,75.15,0.0,0.0,0.0,0.0,8078.0,1
2026-06-07 19:30:00,1780840800,19.5,6,1,NORMAL_OPERATION,27.06,0.0,0.29,3.89,0.0,0.05,0.05,9.74,IDLE,0.0,OFF,0.0,OFF,9.9,19.64,19.64,0.0,0.0,08:00,17:00,3.0,17:00,1,4.5,0,50.0,-19.59,0.0,19.59,74.29,0.0,0.0,0.0,0.0,8078.0,1
2026-06-07 19:35:00,1780841100,19.583,6,1,NORMAL_OPERATION,26.88,0.0,0.27,4.44,0.0,0.2,0.2,10.47,IDLE,0.0,OFF,0.0,OFF,9.73,20.2,20.2,0.0,0.0,08:00,17:00,3.0,17:00,1,4.5,0,50.0,-20.0,0.0,20.0,73.41,0.0,0.0,0.0,0.0,8078.0,1
2026-06-07 19:40:00,1780841400,19.667,6,1,NORMAL_OPERATION,26.86,0.0,0.27,5.11,0.0,0.64,0.64,9.99,IDLE,0.0,OFF,0.0,OFF,9.87,19.86,19.86,0.0,0.0,08:00,17:00,3.0,17:00,1,4.5,0,50.0,-19.22,0.0,19.22,72.57,0.0,0.0,0.0,0.0,8078.0,1
2026-06-07 19:45:00,1780841700,19.75,6,1,NORMAL_OPERATION,26.66,0.0,0.24,3.78,0.0,0.03,0.03,10.14,IDLE,0.0,OFF,0.0,OFF,9.87,20.01,20.01,0.0,0.0,08:00,17:00,3.0,17:00,1,4.5,0,50.0,-19.98,0.0,19.98,71.69,0.0,0.0,0.0,0.0,8078.0,1
2026-06-07 19:50:00,1780842000,19.833,6,1,NORMAL_OPERATION,26.3,0.0,0.29,3.77,0.0,0.03,0.03,9.63,IDLE,0.0,OFF,0.0,OFF,10.15,19.78,19.78,0.0,0.0,08:00,17:00,3.0,17:00,1,4.5,0,50.0,-19.75,0.0,19.75,70.83,0.0,0.0,0.0,0.0,8078.0,1
2026-06-07 19:55:00,1780842300,19.917,6,1,NORMAL_OPERATION,26.1,0.0,0.28,4.22,0.0,0.13,0.13,9.65,IDLE,0.0,OFF,0.0,OFF,9.79,19.44,19.44,0.0,0.0,08:00,17:00,3.0,17:00,1,4.5,0,50.0,-19.31,0.0,19.31,69.98,0.0,0.0,0.0,0.0,8078.0,1
2026-06-07 20:00:00,1780842600,20.0,6,1,NORMAL_OPERATION,25.91,0.0,0.22,3.68,0.0,0.02,0.02,9.75,IDLE,0.0,OFF,0.0,OFF,10.04,19.79,19.79,0.0,0.0,08:00,17:00,3.0,17:00,1,4.5,0,50.0,-19.77,0.0,19.77,69.11,0.0,0.0,0.0,0.0,8078.0,1
2026-06-07 20:05:00,1780842900,20.083,6,1,NORMAL_OPERATION,26.11,0.0,0.23,4.36,0.0,0.17,0.17,9.79,IDLE,0.0,OFF,0.0,OFF,9.71,19.5,19.5,0.0,0.0,08:00,17:00,3.0,17:00,1,4.5,0,50.0,-19.33,0.0,19.33,68.27,0.0,0.0,0.0,0.0,8078.0,1
2026-06-07 20:10:00,1780843200,20.167,6,1,NORMAL_OPERATION,25.95,0.0,0.21,4.74,0.0,0.36,0.36,10.21,IDLE,0.0,OFF,0.0,OFF,9.89,20.1,20.1,0.0,0.0,08:00,17:00,3.0,17:00,1,4.5,0,50.0,-19.74,0.0,19.74,67.4,0.0,0.0,0.0,0.0,8078.0,1
2026-06-07 20:15:00,1780843500,20.25,6,1,NORMAL_OPERATION,25.84,0.0,0.29,4.17,0.0,0.11,0.11,10.38,IDLE,0.0,OFF,0.0,OFF,9.81,20.2,20.2,0.0,0.0,08:00,17:00,3.0,17:00,1,4.5,0,50.0,-20.09,0.0,20.09,66.52,0.0,0.0,0.0,0.0,8078.0,1
2026-06-07 20:20:00,1780843800,20.333,6,1,NORMAL_OPERATION,25.36,0.0,0.25,3.97,0.0,0.06,0.06,10.18,IDLE,0.0,OFF,0.0,OFF,10.12,20.3,20.3,0.0,0.0,08:00,17:00,3.0,17:00,1,4.5,0,50.0,-20.24,0.0,20.24,65.63,0.0,0.0,0.0,0.0,8078.0,1
2026-06-07 20:25:00,1780844100,20.417,6,1,NORMAL_OPERATION,25.02,0.0,0.27,3.45,0.0,0.01,0.01,9.62,IDLE,0.0,OFF,0.0,OFF,9.95,19.57,19.57,0.0,0.0,08:00,17:00,3.0,17:00,1,4.5,0,50.0,-19.56,0.0,19.56,64.77,0.0,0.0,0.0,0.0,8078.0,1
2026-06-07 20:30:00,1780844400,20.5,6,1,NORMAL_OPERATION,24.96,0.0,0.25,3.47,0.0,0.01,0.01,10.03,IDLE,0.0,OFF,0.0,OFF,10.25,20.28,20.28,0.0,0.0,08:00,17:00,3.0,17:00,1,4.5,0,50.0,-20.27,0.0,20.27,63.89,0.0,0.0,0.0,0.0,8078.0,1
2026-06-07 20:35:00,1780844700,20.583,6,1,NORMAL_OPERATION,24.88,0.0,0.2,4.07,0.0,0.08,0.08,9.53,IDLE,0.0,OFF,0.0,OFF,10.0,19.53,19.53,0.0,0.0,08:00,17:00,3.0,17:00,1,4.5,0,50.0,-19.45,0.0,19.45,63.03,0.0,0.0,0.0,0.0,8078.0,1
2026-06-07 20:40:00,1780845000,20.667,6,1,NORMAL_OPERATION,24.94,0.0,0.28,4.14,0.0,0.1,0.1,10.07,IDLE,0.0,OFF,0.0,OFF,10.08,20.16,20.16,0.0,0.0,08:00,17:00,3.0,17:00,1,4.5,0,50.0,-20.06,0.0,20.06,62.15,0.0,0.0,0.0,0.0,8078.0,1
2026-06-07 20:45:00,1780845300,20.75,6,1,NORMAL_OPERATION,24.71,0.0,0.26,4.89,0.0,0.46,0.46,10.28,IDLE,0.0,OFF,0.0,OFF,10.02,20.3,20.3,0.0,0.0,08:00,17:00,3.0,17:00,1,4.5,0,50.0,-19.84,0.0,19.84,61.28,0.0,0.0,0.0,0.0,8078.0,1
2026-06-07 20:50:00,1780845600,20.833,6,1,NORMAL_OPERATION,24.59,0.0,0.28,3.46,0.0,0.01,0.01,10.42,IDLE,0.0,OFF,0.0,OFF,10.07,20.49,20.49,0.0,0.0,08:00,17:00,3.0,17:00,1,4.5,0,50.0,-20.48,0.0,20.48,60.38,0.0,0.0,0.0,0.0,8078.0,1
2026-06-07 20:55:00,1780845900,20.917,6,1,NORMAL_OPERATION,24.57,0.0,0.28,4.53,0.0,0.24,0.24,9.93,IDLE,0.0,OFF,0.0,OFF,9.87,19.8,19.8,0.0,0.0,08:00,17:00,3.0,17:00,1,4.5,0,50.0,-19.56,0.0,19.56,59.53,0.0,0.0,0.0,0.0,8078.0,1
2026-06-07 21:00:00,1780846200,21.0,6,1,NORMAL_OPERATION,23.96,0.0,0.29,4.47,0.0,0.22,0.22,10.15,IDLE,0.0,OFF,0.0,OFF,9.74,19.89,19.89,0.0,0.0,08:00,17:00,3.0,17:00,1,4.5,0,50.0,-19.67,0.0,19.67,58.66,0.0,0.0,0.0,0.0,8078.0,1
2026-06-07 21:05:00,1780846500,21.083,6,1,NORMAL_OPERATION,23.94,0.0,0.23,4.12,0.0,0.1,0.1,10.19,IDLE,0.0,OFF,0.0,OFF,10.19,20.38,20.38,0.0,0.0,08:00,17:00,3.0,17:00,1,4.5,0,50.0,-20.28,0.0,20.28,57.77,0.0,0.0,0.0,0.0,8078.0,1
2026-06-07 21:10:00,1780846800,21.167,6,1,NORMAL_OPERATION,23.6,0.0,0.2,4.18,0.0,0.11,0.11,9.51,IDLE,0.0,OFF,0.0,OFF,10.2,19.7,19.7,0.0,0.0,08:00,17:00,3.0,17:00,1,4.5,0,50.0,-19.59,0.0,19.59,56.91,0.0,0.0,0.0,0.0,8078.0,1
2026-06-07 21:15:00,1780847100,21.25,6,1,NORMAL_OPERATION,23.09,0.0,0.22,3.93,0.0,0.06,0.06,9.76,IDLE,0.0,OFF,0.0,OFF,9.83,19.59,19.59,0.0,0.0,08:00,17:00,3.0,17:00,1,4.5,0,50.0,-19.53,0.0,19.53,56.06,0.0,0.0,0.0,0.0,8078.0,1
2026-06-07 21:20:00,1780847400,21.333,6,1,NORMAL_OPERATION,23.44,0.0,0.23,3.97,0.0,0.06,0.06,10.17,IDLE,0.0,OFF,0.0,OFF,10.16,20.33,20.33,0.0,0.0,08:00,17:00,3.0,17:00,1,4.5,0,50.0,-20.27,0.0,20.27,55.17,0.0,0.0,0.0,0.0,8078.0,1
2026-06-07 21:25:00,1780847700,21.417,6,1,NORMAL_OPERATION,23.19,0.0,0.24,4.64,0.0,0.3,0.3,10.37,IDLE,0.0,OFF,0.0,OFF,9.79,20.16,20.16,0.0,0.0,08:00,17:00,3.0,17:00,1,4.5,0,50.0,-19.86,0.0,19.86,54.3,0.0,0.0,0.0,0.0,8078.0,1
2026-06-07 21:30:00,1780848000,21.5,6,1,NORMAL_OPERATION,23.17,0.0,0.22,3.51,0.0,0.01,0.01,9.53,IDLE,0.0,OFF,0.0,OFF,10.06,19.59,19.59,0.0,0.0,08:00,17:00,3.0,17:00,1,4.5,0,50.0,-19.58,0.0,19.58,53.44,0.0,0.0,0.0,0.0,8078.0,1
2026-06-07 21:35:00,1780848300,21.583,6,1,NORMAL_OPERATION,23.06,0.0,0.28,4.08,0.0,0.09,0.09,10.45,IDLE,0.0,OFF,0.0,OFF,9.9,20.35,20.35,0.0,0.0,08:00,17:00,3.0,17:00,1,4.5,0,50.0,-20.26,0.0,20.26,52.55,0.0,0.0,0.0,0.0,8078.0,1
2026-06-07 21:40:00,1780848600,21.667,6,1,NORMAL_OPERATION,22.46,0.0,0.22,3.54,0.0,0.01,0.01,9.8,IDLE,0.0,OFF,0.0,OFF,9.95,19.76,19.76,0.0,0.0,08:00,17:00,3.0,17:00,1,4.5,0,50.0,-19.75,0.0,19.75,51.68,0.0,0.0,0.0,0.0,8078.0,1
2026-06-07 21:45:00,1780848900,21.75,6,1,NORMAL_OPERATION,22.26,0.0,0.29,3.55,0.0,0.01,0.01,9.86,IDLE,0.0,OFF,0.0,OFF,9.78,19.64,19.64,0.0,0.0,08:00,17:00,3.0,17:00,1,4.5,0,50.0,-19.63,0.0,19.63,50.82,0.0,0.0,0.0,0.0,8078.0,1
2026-06-07 21:50:00,1780849200,21.833,6,1,NORMAL_OPERATION,22.59,0.0,0.24,4.54,0.0,0.25,0.25,9.88,IDLE,0.0,OFF,0.0,OFF,9.97,19.84,19.84,0.0,0.0,08:00,17:00,3.0,17:00,1,4.5,0,50.0,-19.59,0.0,19.59,49.96,0.0,0.0,0.0,0.0,8078.0,1
2026-06-07 21:55:00,1780849500,21.917,6,1,NORMAL_OPERATION,22.29,0.0,0.27,3.81,0.0,0.04,0.04,9.95,IDLE,0.0,OFF,0.0,OFF,9.94,19.89,19.89,0.0,0.0,08:00,17:00,3.0,17:00,1,4.5,0,50.0,-19.85,0.0,19.85,49.09,0.0,0.0,0.0,0.0,8078.0,1
2026-06-07 22:00:00,1780849800,22.0,6,1,NORMAL_OPERATION,21.69,0.0,0.24,4.5,0.0,0.23,0.23,9.59,IDLE,0.0,OFF,0.0,OFF,9.81,19.4,19.4,0.0,0.0,08:00,17:00,3.0,17:00,1,4.5,0,50.0,-19.17,0.0,19.17,48.25,0.0,0.0,0.0,0.0,8078.0,1
2026-06-07 22:05:00,1780850100,22.083,6,1,NORMAL_OPERATION,22.09,0.0,0.27,3.4,0.0,0.0,0.0,10.26,IDLE,0.0,OFF,0.0,OFF,9.77,20.03,20.03,0.0,0.0,08:00,17:00,3.0,17:00,1,4.5,0,50.0,-20.03,0.0,20.03,47.37,0.0,0.0,0.0,0.0,8078.0,1
2026-06-07 22:10:00,1780850400,22.167,6,1,NORMAL_OPERATION,21.59,0.0,0.26,4.4,0.0,0.19,0.19,9.82,IDLE,0.0,OFF,0.0,OFF,9.81,19.63,19.63,0.0,0.0,08:00,17:00,3.0,17:00,1,4.5,0,50.0,-19.44,0.0,19.44,46.52,0.0,0.0,0.0,0.0,8078.0,1
2026-06-07 22:15:00,1780850700,22.25,6,1,NORMAL_OPERATION,21.82,0.0,0.28,3.78,0.0,0.03,0.03,9.76,IDLE,0.0,OFF,0.0,OFF,9.77,19.52,19.52,0.0,0.0,08:00,17:00,3.0,17:00,1,4.5,0,50.0,-19.49,0.0,19.49,45.67,0.0,0.0,0.0,0.0,8078.0,1
2026-06-07 22:20:00,1780851000,22.333,6,1,NORMAL_OPERATION,21.23,0.0,0.2,4.49,0.0,0.23,0.23,9.9,IDLE,0.0,OFF,0.0,OFF,10.21,20.11,20.11,0.0,0.0,08:00,17:00,3.0,17:00,1,4.5,0,50.0,-19.88,0.0,19.88,44.79,0.0,0.0,0.0,0.0,8078.0,1
2026-06-07 22:25:00,1780851300,22.417,6,1,NORMAL_OPERATION,20.98,0.0,0.29,4.55,0.0,0.26,0.26,9.93,IDLE,0.0,OFF,0.0,OFF,10.21,20.14,20.14,0.0,0.0,08:00,17:00,3.0,17:00,1,4.5,0,50.0,-19.88,0.0,19.88,43.92,0.0,0.0,0.0,0.0,8078.0,1
2026-06-07 22:30:00,1780851600,22.5,6,1,NORMAL_OPERATION,20.78,0.0,0.3,3.36,0.0,0.0,0.0,10.14,IDLE,0.0,OFF,0.0,OFF,9.93,20.08,20.08,0.0,0.0,08:00,17:00,3.0,17:00,1,4.5,0,50.0,-20.08,0.0,20.08,43.04,0.0,0.0,0.0,0.0,8078.0,1
2026-06-07 22:35:00,1780851900,22.583,6,1,NORMAL_OPERATION,20.76,0.0,0.3,3.67,0.0,0.02,0.02,10.15,IDLE,0.0,OFF,0.0,OFF,9.89,20.04,20.04,0.0,0.0,08:00,17:00,3.0,17:00,1,4.5,0,50.0,-20.02,0.0,20.02,42.16,0.0,0.0,0.0,0.0,8078.0,1
2026-06-07 22:40:00,1780852200,22.667,6,1,NORMAL_OPERATION,20.33,0.0,0.22,4.14,0.0,0.1,0.1,9.63,IDLE,0.0,OFF,0.0,OFF,9.79,19.42,19.42,0.0,0.0,08:00,17:00,3.0,17:00,1,4.5,0,50.0,-19.32,0.0,19.32,41.32,0.0,0.0,0.0,0.0,8078.0,1
2026-06-07 22:45:00,1780852500,22.75,6,1,NORMAL_OPERATION,20.62,0.0,0.28,3.35,0.0,0.0,0.0,10.3,IDLE,0.0,OFF,0.0,OFF,10.22,20.52,20.52,0.0,0.0,08:00,17:00,3.0,17:00,1,4.5,0,50.0,-20.52,0.0,20.52,40.42,0.0,0.0,0.0,0.0,8078.0,1
2026-06-07 22:50:00,1780852800,22.833,6,1,NORMAL_OPERATION,20.43,0.0,0.24,3.92,0.0,0.05,0.05,9.66,IDLE,0.0,OFF,0.0,OFF,9.8,19.46,19.46,0.0,0.0,08:00,17:00,3.0,17:00,1,4.5,0,50.0,-19.41,0.0,19.41,39.57,0.0,0.0,0.0,0.0,8078.0,1
2026-06-07 22:55:00,1780853100,22.917,6,1,NORMAL_OPERATION,20.5,0.0,0.3,4.46,0.0,0.21,0.21,10.31,IDLE,0.0,OFF,0.0,OFF,9.81,20.12,20.12,0.0,0.0,08:00,17:00,3.0,17:00,1,4.5,0,50.0,-19.91,0.0,19.91,38.69,0.0,0.0,0.0,0.0,8078.0,1
2026-06-07 23:00:00,1780853400,23.0,6,1,NORMAL_OPERATION,20.3,0.0,0.21,3.54,0.0,0.01,0.01,10.0,IDLE,0.0,OFF,0.0,OFF,9.88,19.88,19.88,0.0,0.0,08:00,17:00,3.0,17:00,1,4.5,0,50.0,-19.87,0.0,19.87,37.82,0.0,0.0,0.0,0.0,8078.0,1
2026-06-07 23:05:00,1780853700,23.083,6,1,NORMAL_OPERATION,19.95,0.0,0.29,3.72,0.0,0.03,0.03,9.82,IDLE,0.0,OFF,0.0,OFF,10.17,19.99,19.99,0.0,0.0,08:00,17:00,3.0,17:00,1,4.5,0,50.0,-19.96,0.0,19.96,36.95,0.0,0.0,0.0,0.0,8078.0,1
2026-06-07 23:10:00,1780854000,23.167,6,1,NORMAL_OPERATION,19.57,0.0,0.29,3.37,0.0,0.0,0.0,10.37,IDLE,0.0,OFF,0.0,OFF,10.25,20.62,20.62,0.0,0.0,08:00,17:00,3.0,17:00,1,4.5,0,50.0,-20.62,0.0,20.62,36.04,0.0,0.0,0.0,0.0,8078.0,1
2026-06-07 23:15:00,1780854300,23.25,6,1,NORMAL_OPERATION,19.19,0.0,0.24,4.29,0.0,0.15,0.15,10.03,IDLE,0.0,OFF,0.0,OFF,9.79,19.82,19.82,0.0,0.0,08:00,17:00,3.0,17:00,1,4.5,0,50.0,-19.67,0.0,19.67,35.18,0.0,0.0,0.0,0.0,8078.0,1
2026-06-07 23:20:00,1780854600,23.333,6,1,NORMAL_OPERATION,19.02,0.0,0.29,3.5,0.0,0.01,0.01,10.49,IDLE,0.0,OFF,0.0,OFF,9.77,20.26,20.26,0.0,0.0,08:00,17:00,3.0,17:00,1,4.5,0,50.0,-20.25,0.0,20.25,34.29,0.0,0.0,0.0,0.0,8078.0,1
2026-06-07 23:25:00,1780854900,23.417,6,1,NORMAL_OPERATION,19.25,0.0,0.3,4.74,0.0,0.36,0.36,10.04,IDLE,0.0,OFF,0.0,OFF,9.78,19.82,19.82,0.0,0.0,08:00,17:00,3.0,17:00,1,4.5,0,50.0,-19.46,0.0,19.46,33.44,0.0,0.0,0.0,0.0,8078.0,1
2026-06-07 23:30:00,1780855200,23.5,6,1,NORMAL_OPERATION,19.21,0.0,0.26,3.89,0.0,0.05,0.05,9.97,IDLE,0.0,OFF,0.0,OFF,10.24,20.21,20.21,0.0,0.0,08:00,17:00,3.0,17:00,1,4.5,0,50.0,-20.16,0.0,20.16,32.55,0.0,0.0,0.0,0.0,8078.0,1
2026-06-07 23:35:00,1780855500,23.583,6,1,NORMAL_OPERATION,18.7,0.0,0.27,4.0,0.0,0.07,0.07,10.11,IDLE,0.0,OFF,0.0,OFF,10.13,20.24,20.24,0.0,0.0,08:00,17:00,3.0,17:00,1,4.5,0,50.0,-20.17,0.0,20.17,31.67,0.0,0.0,0.0,0.0,8078.0,1
2026-06-07 23:40:00,1780855800,23.667,6,1,NORMAL_OPERATION,18.84,0.0,0.27,4.8,0.0,0.4,0.4,9.7,IDLE,0.0,OFF,0.0,OFF,9.83,19.53,19.53,0.0,0.0,08:00,17:00,3.0,17:00,1,4.5,0,50.0,-19.13,0.0,19.13,30.83,0.0,0.0,0.0,0.0,8078.0,1
2026-06-07 23:45:00,1780856100,23.75,6,1,NORMAL_OPERATION,18.43,0.0,0.29,3.82,0.0,0.04,0.04,9.58,IDLE,0.0,OFF,0.0,OFF,9.76,19.34,19.34,0.0,0.0,08:00,17:00,3.0,17:00,1,4.5,0,50.0,-19.3,0.0,19.3,29.98,0.0,0.0,0.0,0.0,8078.0,1
2026-06-07 23:50:00,1780856400,23.833,6,1,NORMAL_OPERATION,18.52,0.0,0.29,3.65,0.0,0.02,0.02,9.73,IDLE,0.0,OFF,0.0,OFF,9.81,19.54,19.54,0.0,0.0,08:00,17:00,3.0,17:00,1,4.5,0,50.0,-19.52,0.0,19.52,29.13,0.0,0.0,0.0,0.0,8078.0,1
2026-06-07 23:55:00,1780856700,23.917,6,1,NORMAL_OPERATION,18.6,0.0,0.23,5.07,0.0,0.61,0.61,10.17,IDLE,0.0,OFF,0.0,OFF,10.01,20.18,20.18,0.0,0.0,08:00,17:00,3.0,17:00,1,4.5,0,50.0,-19.57,0.0,19.57,28.27,0.0,0.0,0.0,0.0,8078.0,1
